==== START 2026-08-09T13:35:38.0903696+07:00 ====

 0 B / ? 
 0 B / ? 
 7.57 KiB / 7.57 KiB  150.75 KiB/s
 7.74 KiB / 7.74 KiB  154.02 KiB/s
C:\Users\Kevin\AppData\Local\Temp\cinehome-hls-new-batman-series-s01e01\master.m3u8: 7.84 KiB / 7.84 KiB  154.45 KiB/s
C:\Users\Kevin\AppData\Local\Temp\cinehome-hls-new-batman-series-s01e01\master.m3u8: 7.94 KiB / 7.94 KiB  156.36 KiB/s
C:\Users\Kevin\AppData\Local\Temp\cinehome-hls-new-batman-series-s01e01\master1.vtt: 8.01 KiB / 8.01 KiB  156.02 KiB/s
C:\Users\Kevin\AppData\Local\Temp\cinehome-hls-new-batman-series-s01e01\master1.vtt: 8.07 KiB / 8.07 KiB  155.71 KiB/s
C:\Users\Kevin\AppData\Local\Temp\cinehome-hls-new-batman-series-s01e01\master1.vtt: 8.08 KiB / 8.08 KiB  131.36 KiB/s
C:\Users\Kevin\AppData\Local\Temp\cinehome-hls-new-batman-series-s01e01\master1.vtt: 8.22 KiB / 8.22 KiB  131.95 KiB/s
C:\Users\Kevin\AppData\Local\Temp\cinehome-hls-new-batman-series-s01e01\master101.vtt: 8.45 KiB / 8.45 KiB  134.55 KiB/s
C:\Users\Kevin\AppData\Local\Temp\cinehome-hls-new-batman-series-s01e01\master103.vtt: 8.46 KiB / 8.46 KiB  134.66 KiB/s
C:\Users\Kevin\AppData\Local\Temp\cinehome-hls-new-batman-series-s01e01\master104.vtt: 8.65 KiB / 8.65 KiB  136.41 KiB/s
C:\Users\Kevin\AppData\Local\Temp\cinehome-hls-new-batman-series-s01e01\master105.vtt: 8.71 KiB / 8.71 KiB  136.21 KiB/s
C:\Users\Kevin\AppData\Local\Temp\cinehome-hls-new-batman-series-s01e01\master106.vtt: 8.87 KiB / 8.87 KiB  136.29 KiB/s
C:\Users\Kevin\AppData\Local\Temp\cinehome-hls-new-batman-series-s01e01\master108.vtt: 8.97 KiB / 8.97 KiB  111.85 KiB/s
C:\Users\Kevin\AppData\Local\Temp\cinehome-hls-new-batman-series-s01e01\master109.vtt: 9.02 KiB / 9.02 KiB  81.03 KiB/s
C:\Users\Kevin\AppData\Local\Temp\cinehome-hls-new-batman-series-s01e01\master11.vtt: 9.29 KiB / 9.29 KiB  81.93 KiB/s
C:\Users\Kevin\AppData\Local\Temp\cinehome-hls-new-batman-series-s01e01\master11.vtt: 9.42 KiB / 9.42 KiB  82.71 KiB/s
C:\Users\Kevin\AppData\Local\Temp\cinehome-hls-new-batman-series-s01e01\master111.vtt: 9.59 KiB / 9.59 KiB  84.18 KiB/s
C:\Users\Kevin\AppData\Local\Temp\cinehome-hls-new-batman-series-s01e01\master111.vtt: 9.64 KiB / 9.64 KiB  80.32 KiB/s
C:\Users\Kevin\AppData\Local\Temp\cinehome-hls-new-batman-series-s01e01\master112.vtt: 9.72 KiB / 9.72 KiB  80.96 KiB/s
C:\Users\Kevin\AppData\Local\Temp\cinehome-hls-new-batman-series-s01e01\master113.vtt: 9.77 KiB / 9.77 KiB  81.00 KiB/s
C:\Users\Kevin\AppData\Local\Temp\cinehome-hls-new-batman-series-s01e01\master113.vtt: 9.82 KiB / 9.82 KiB  81.08 KiB/s
C:\Users\Kevin\AppData\Local\Temp\cinehome-hls-new-batman-series-s01e01\master115.vtt: 10.03 KiB / 10.03 KiB  82.43 KiB/s
C:\Users\Kevin\AppData\Local\Temp\cinehome-hls-new-batman-series-s01e01\master115.vtt: 10.09 KiB / 10.09 KiB  82.91 KiB/s
C:\Users\Kevin\AppData\Local\Temp\cinehome-hls-new-batman-series-s01e01\master116.vtt: 10.10 KiB / 10.10 KiB  82.97 KiB/s
C:\Users\Kevin\AppData\Local\Temp\cinehome-hls-new-batman-series-s01e01\master116.vtt: 10.19 KiB / 10.19 KiB  83.38 KiB/s
C:\Users\Kevin\AppData\Local\Temp\cinehome-hls-new-batman-series-s01e01\master116.vtt: 10.20 KiB / 10.20 KiB  83.44 KiB/s
C:\Users\Kevin\AppData\Local\Temp\cinehome-hls-new-batman-series-s01e01\master12.vtt: 10.20 KiB / 10.20 KiB  82.01 KiB/s
C:\Users\Kevin\AppData\Local\Temp\cinehome-hls-new-batman-series-s01e01\master12.vtt: 10.20 KiB / 10.20 KiB  81.31 KiB/s
C:\Users\Kevin\AppData\Local\Temp\cinehome-hls-new-batman-series-s01e01\master120.vtt: 10.25 KiB / 10.25 KiB  75.46 KiB/s
C:\Users\Kevin\AppData\Local\Temp\cinehome-hls-new-batman-series-s01e01\master120.vtt: 10.25 KiB / 10.25 KiB  75.51 KiB/s
C:\Users\Kevin\AppData\Local\Temp\cinehome-hls-new-batman-series-s01e01\master121.vtt: 10.26 KiB / 10.26 KiB  75.25 KiB/s
C:\Users\Kevin\AppData\Local\Temp\cinehome-hls-new-batman-series-s01e01\master121.vtt: 10.27 KiB / 10.27 KiB  75.30 KiB/s
C:\Users\Kevin\AppData\Local\Temp\cinehome-hls-new-batman-series-s01e01\master124.vtt: 10.40 KiB / 10.40 KiB  70.23 KiB/s
C:\Users\Kevin\AppData\Local\Temp\cinehome-hls-new-batman-series-s01e01\master125.vtt: 10.48 KiB / 10.48 KiB  68.25 KiB/s
C:\Users\Kevin\AppData\Local\Temp\cinehome-hls-new-batman-series-s01e01\master126.vtt: 10.54 KiB / 10.54 KiB  61.71 KiB/s
C:\Users\Kevin\AppData\Local\Temp\cinehome-hls-new-batman-series-s01e01\master127.vtt: 10.73 KiB / 10.73 KiB  62.36 KiB/s
C:\Users\Kevin\AppData\Local\Temp\cinehome-hls-new-batman-series-s01e01\master128.vtt: 10.86 KiB / 10.86 KiB  62.60 KiB/s
C:\Users\Kevin\AppData\Local\Temp\cinehome-hls-new-batman-series-s01e01\master129.vtt: 10.91 KiB / 10.91 KiB  59.83 KiB/s
C:\Users\Kevin\AppData\Local\Temp\cinehome-hls-new-batman-series-s01e01\master129.vtt: 11.02 KiB / 11.02 KiB  60.42 KiB/s
C:\Users\Kevin\AppData\Local\Temp\cinehome-hls-new-batman-series-s01e01\master13.vtt: 11.25 KiB / 11.25 KiB  61.50 KiB/s
C:\Users\Kevin\AppData\Local\Temp\cinehome-hls-new-batman-series-s01e01\master131.vtt: 11.29 KiB / 11.29 KiB  61.54 KiB/s
C:\Users\Kevin\AppData\Local\Temp\cinehome-hls-new-batman-series-s01e01\master131.vtt: 11.46 KiB / 11.46 KiB  62.47 KiB/s
C:\Users\Kevin\AppData\Local\Temp\cinehome-hls-new-batman-series-s01e01\master132.vtt: 11.50 KiB / 11.50 KiB  62.54 KiB/s
C:\Users\Kevin\AppData\Local\Temp\cinehome-hls-new-batman-series-s01e01\master134.vtt: 11.73 KiB / 11.73 KiB  63.33 KiB/s
C:\Users\Kevin\AppData\Local\Temp\cinehome-hls-new-batman-series-s01e01\master135.vtt: 11.83 KiB / 11.83 KiB  63.54 KiB/s
C:\Users\Kevin\AppData\Local\Temp\cinehome-hls-new-batman-series-s01e01\master136.vtt: 11.95 KiB / 11.95 KiB  63.43 KiB/s
C:\Users\Kevin\AppData\Local\Temp\cinehome-hls-new-batman-series-s01e01\master137.vtt: 12.12 KiB / 12.12 KiB  60.85 KiB/s
C:\Users\Kevin\AppData\Local\Temp\cinehome-hls-new-batman-series-s01e01\master138.vtt: 12.38 KiB / 12.38 KiB  61.82 KiB/s
C:\Users\Kevin\AppData\Local\Temp\cinehome-hls-new-batman-series-s01e01\master139.vtt: 12.49 KiB / 12.49 KiB  59.44 KiB/s
C:\Users\Kevin\AppData\Local\Temp\cinehome-hls-new-batman-series-s01e01\master14.vtt: 12.56 KiB / 12.56 KiB  58.71 KiB/s
C:\Users\Kevin\AppData\Local\Temp\cinehome-hls-new-batman-series-s01e01\master140.vtt: 12.73 KiB / 12.73 KiB  57.61 KiB/s
C:\Users\Kevin\AppData\Local\Temp\cinehome-hls-new-batman-series-s01e01\master141.vtt: 12.79 KiB / 12.79 KiB  57.10 KiB/s
C:\Users\Kevin\AppData\Local\Temp\cinehome-hls-new-batman-series-s01e01\master142.vtt: 12.84 KiB / 12.84 KiB  56.77 KiB/s
C:\Users\Kevin\AppData\Local\Temp\cinehome-hls-new-batman-series-s01e01\master143.vtt: 12.92 KiB / 12.92 KiB  56.97 KiB/s
C:\Users\Kevin\AppData\Local\Temp\cinehome-hls-new-batman-series-s01e01\master143.vtt: 12.97 KiB / 12.97 KiB  56.41 KiB/s
C:\Users\Kevin\AppData\Local\Temp\cinehome-hls-new-batman-series-s01e01\master144.vtt: 13.08 KiB / 13.08 KiB  56.77 KiB/s
C:\Users\Kevin\AppData\Local\Temp\cinehome-hls-new-batman-series-s01e01\master144.vtt: 13.13 KiB / 13.13 KiB  56.83 KiB/s
C:\Users\Kevin\AppData\Local\Temp\cinehome-hls-new-batman-series-s01e01\master145.vtt: 13.29 KiB / 13.29 KiB  57.52 KiB/s
C:\Users\Kevin\AppData\Local\Temp\cinehome-hls-new-batman-series-s01e01\master145.vtt: 13.52 KiB / 13.52 KiB  58.38 KiB/s
C:\Users\Kevin\AppData\Local\Temp\cinehome-hls-new-batman-series-s01e01\master145.vtt: 13.58 KiB / 13.58 KiB  58.65 KiB/s
C:\Users\Kevin\AppData\Local\Temp\cinehome-hls-new-batman-series-s01e01\master148.vtt: 13.67 KiB / 13.67 KiB  58.88 KiB/s
C:\Users\Kevin\AppData\Local\Temp\cinehome-hls-new-batman-series-s01e01\master15.vtt: 13.88 KiB / 13.88 KiB  59.66 KiB/s
C:\Users\Kevin\AppData\Local\Temp\cinehome-hls-new-batman-series-s01e01\master150.vtt: 13.96 KiB / 13.96 KiB  59.82 KiB/s
C:\Users\Kevin\AppData\Local\Temp\cinehome-hls-new-batman-series-s01e01\master152.vtt: 14.09 KiB / 14.09 KiB  59.56 KiB/s
C:\Users\Kevin\AppData\Local\Temp\cinehome-hls-new-batman-series-s01e01\master152.vtt: 14.09 KiB / 14.09 KiB  56.48 KiB/s
C:\Users\Kevin\AppData\Local\Temp\cinehome-hls-new-batman-series-s01e01\master152.vtt: 14.09 KiB / 14.09 KiB  56.17 KiB/s
C:\Users\Kevin\AppData\Local\Temp\cinehome-hls-new-batman-series-s01e01\master153.vtt: 14.27 KiB / 14.27 KiB  54.24 KiB/s
C:\Users\Kevin\AppData\Local\Temp\cinehome-hls-new-batman-series-s01e01\master154.vtt: 14.33 KiB / 14.33 KiB  53.67 KiB/s
C:\Users\Kevin\AppData\Local\Temp\cinehome-hls-new-batman-series-s01e01\master154.vtt: 14.34 KiB / 14.34 KiB  53.59 KiB/s
C:\Users\Kevin\AppData\Local\Temp\cinehome-hls-new-batman-series-s01e01\master154.vtt: 14.39 KiB / 14.39 KiB  53.68 KiB/s
C:\Users\Kevin\AppData\Local\Temp\cinehome-hls-new-batman-series-s01e01\master154.vtt: 14.47 KiB / 14.47 KiB  53.95 KiB/s
C:\Users\Kevin\AppData\Local\Temp\cinehome-hls-new-batman-series-s01e01\master154.vtt: 14.70 KiB / 14.70 KiB  54.82 KiB/s
C:\Users\Kevin\AppData\Local\Temp\cinehome-hls-new-batman-series-s01e01\master154.vtt: 14.70 KiB / 14.70 KiB  54.84 KiB/s
C:\Users\Kevin\AppData\Local\Temp\cinehome-hls-new-batman-series-s01e01\master157.vtt: 14.81 KiB / 14.81 KiB  55.14 KiB/s
C:\Users\Kevin\AppData\Local\Temp\cinehome-hls-new-batman-series-s01e01\master158.vtt: 15.01 KiB / 15.01 KiB  55.75 KiB/s
C:\Users\Kevin\AppData\Local\Temp\cinehome-hls-new-batman-series-s01e01\master16.vtt: 15.18 KiB / 15.18 KiB  56.27 KiB/s
C:\Users\Kevin\AppData\Local\Temp\cinehome-hls-new-batman-series-s01e01\master161.vtt: 15.22 KiB / 15.22 KiB  56.42 KiB/s
C:\Users\Kevin\AppData\Local\Temp\cinehome-hls-new-batman-series-s01e01\master162.vtt: 15.43 KiB / 15.43 KiB  57.09 KiB/s
C:\Users\Kevin\AppData\Local\Temp\cinehome-hls-new-batman-series-s01e01\master164.vtt: 15.63 KiB / 15.63 KiB  55.55 KiB/s
C:\Users\Kevin\AppData\Local\Temp\cinehome-hls-new-batman-series-s01e01\master164.vtt: 15.72 KiB / 15.72 KiB  50.92 KiB/s
C:\Users\Kevin\AppData\Local\Temp\cinehome-hls-new-batman-series-s01e01\master164.vtt: 15.83 KiB / 15.83 KiB  51.29 KiB/s
C:\Users\Kevin\AppData\Local\Temp\cinehome-hls-new-batman-series-s01e01\master165.vtt: 15.94 KiB / 15.94 KiB  51.43 KiB/s
C:\Users\Kevin\AppData\Local\Temp\cinehome-hls-new-batman-series-s01e01\master166.vtt: 16.08 KiB / 16.08 KiB  51.80 KiB/s
C:\Users\Kevin\AppData\Local\Temp\cinehome-hls-new-batman-series-s01e01\master166.vtt: 16.15 KiB / 16.15 KiB  52.04 KiB/s
C:\Users\Kevin\AppData\Local\Temp\cinehome-hls-new-batman-series-s01e01\master166.vtt: 16.30 KiB / 16.30 KiB  52.41 KiB/s
C:\Users\Kevin\AppData\Local\Temp\cinehome-hls-new-batman-series-s01e01\master17.vtt: 16.37 KiB / 16.37 KiB  52.63 KiB/s
C:\Users\Kevin\AppData\Local\Temp\cinehome-hls-new-batman-series-s01e01\master169.vtt: 16.41 KiB / 16.41 KiB  52.67 KiB/s
C:\Users\Kevin\AppData\Local\Temp\cinehome-hls-new-batman-series-s01e01\master171.vtt: 16.42 KiB / 16.42 KiB  52.60 KiB/s
C:\Users\Kevin\AppData\Local\Temp\cinehome-hls-new-batman-series-s01e01\master172.vtt: 16.46 KiB / 16.46 KiB  52.67 KiB/s
C:\Users\Kevin\AppData\Local\Temp\cinehome-hls-new-batman-series-s01e01\master173.vtt: 16.47 KiB / 16.47 KiB  52.59 KiB/s
C:\Users\Kevin\AppData\Local\Temp\cinehome-hls-new-batman-series-s01e01\master173.vtt: 16.52 KiB / 16.52 KiB  52.64 KiB/s
C:\Users\Kevin\AppData\Local\Temp\cinehome-hls-new-batman-series-s01e01\master176.vtt: 16.64 KiB / 16.64 KiB  47.38 KiB/s
C:\Users\Kevin\AppData\Local\Temp\cinehome-hls-new-batman-series-s01e01\master176.vtt: 16.65 KiB / 16.65 KiB  47.33 KiB/s
C:\Users\Kevin\AppData\Local\Temp\cinehome-hls-new-batman-series-s01e01\master178.vtt: 16.66 KiB / 16.66 KiB  47.35 KiB/s
C:\Users\Kevin\AppData\Local\Temp\cinehome-hls-new-batman-series-s01e01\master178.vtt: 16.74 KiB / 16.74 KiB  47.52 KiB/s
C:\Users\Kevin\AppData\Local\Temp\cinehome-hls-new-batman-series-s01e01\master179.vtt: 16.75 KiB / 16.75 KiB  47.47 KiB/s
C:\Users\Kevin\AppData\Local\Temp\cinehome-hls-new-batman-series-s01e01\master18.vtt: 16.83 KiB / 16.83 KiB  47.61 KiB/s
C:\Users\Kevin\AppData\Local\Temp\cinehome-hls-new-batman-series-s01e01\master18.vtt: 17.02 KiB / 17.02 KiB  48.06 KiB/s
C:\Users\Kevin\AppData\Local\Temp\cinehome-hls-new-batman-series-s01e01\master18.vtt: 17.27 KiB / 17.27 KiB  48.78 KiB/s
C:\Users\Kevin\AppData\Local\Temp\cinehome-hls-new-batman-series-s01e01\master181.vtt: 17.46 KiB / 17.46 KiB  49.31 KiB/s
C:\Users\Kevin\AppData\Local\Temp\cinehome-hls-new-batman-series-s01e01\master181.vtt: 17.66 KiB / 17.66 KiB  49.80 KiB/s
C:\Users\Kevin\AppData\Local\Temp\cinehome-hls-new-batman-series-s01e01\master181.vtt: 17.89 KiB / 17.89 KiB  50.43 KiB/s
C:\Users\Kevin\AppData\Local\Temp\cinehome-hls-new-batman-series-s01e01\master181.vtt: 17.95 KiB / 17.95 KiB  50.60 KiB/s
C:\Users\Kevin\AppData\Local\Temp\cinehome-hls-new-batman-series-s01e01\master186.vtt: 17.95 KiB / 17.95 KiB  47.81 KiB/s
C:\Users\Kevin\AppData\Local\Temp\cinehome-hls-new-batman-series-s01e01\master186.vtt: 17.95 KiB / 17.95 KiB  47.66 KiB/s
C:\Users\Kevin\AppData\Local\Temp\cinehome-hls-new-batman-series-s01e01\master187.vtt: 18.02 KiB / 18.02 KiB  46.73 KiB/s
C:\Users\Kevin\AppData\Local\Temp\cinehome-hls-new-batman-series-s01e01\master188.vtt: 18.02 KiB / 18.02 KiB  46.05 KiB/s
C:\Users\Kevin\AppData\Local\Temp\cinehome-hls-new-batman-series-s01e01\master188.vtt: 18.07 KiB / 18.07 KiB  46.16 KiB/s
C:\Users\Kevin\AppData\Local\Temp\cinehome-hls-new-batman-series-s01e01\master19.vtt: 18.26 KiB / 18.26 KiB  46.60 KiB/s
C:\Users\Kevin\AppData\Local\Temp\cinehome-hls-new-batman-series-s01e01\master190.vtt: 18.37 KiB / 18.37 KiB  46.80 KiB/s
C:\Users\Kevin\AppData\Local\Temp\cinehome-hls-new-batman-series-s01e01\master190.vtt: 18.61 KiB / 18.61 KiB  47.34 KiB/s
C:\Users\Kevin\AppData\Local\Temp\cinehome-hls-new-batman-series-s01e01\master190.vtt: 18.74 KiB / 18.74 KiB  47.68 KiB/s
C:\Users\Kevin\AppData\Local\Temp\cinehome-hls-new-batman-series-s01e01\master190.vtt: 18.88 KiB / 18.88 KiB  48.03 KiB/s
C:\Users\Kevin\AppData\Local\Temp\cinehome-hls-new-batman-series-s01e01\master190.vtt: 18.93 KiB / 18.93 KiB  48.10 KiB/s
C:\Users\Kevin\AppData\Local\Temp\cinehome-hls-new-batman-series-s01e01\master190.vtt: 18.98 KiB / 18.98 KiB  48.22 KiB/s
C:\Users\Kevin\AppData\Local\Temp\cinehome-hls-new-batman-series-s01e01\master190.vtt: 18.98 KiB / 18.98 KiB  48.24 KiB/s
C:\Users\Kevin\AppData\Local\Temp\cinehome-hls-new-batman-series-s01e01\master190.vtt: 19.08 KiB / 19.08 KiB  48.47 KiB/s
C:\Users\Kevin\AppData\Local\Temp\cinehome-hls-new-batman-series-s01e01\master198.vtt: 19.14 KiB / 19.14 KiB  45.86 KiB/s
C:\Users\Kevin\AppData\Local\Temp\cinehome-hls-new-batman-series-s01e01\master198.vtt: 19.43 KiB / 19.43 KiB  44.44 KiB/s
C:\Users\Kevin\AppData\Local\Temp\cinehome-hls-new-batman-series-s01e01\master198.vtt: 19.47 KiB / 19.47 KiB  44.53 KiB/s
C:\Users\Kevin\AppData\Local\Temp\cinehome-hls-new-batman-series-s01e01\master199.vtt: 19.48 KiB / 19.48 KiB  44.49 KiB/s
C:\Users\Kevin\AppData\Local\Temp\cinehome-hls-new-batman-series-s01e01\master200.vtt: 19.58 KiB / 19.58 KiB  44.67 KiB/s
C:\Users\Kevin\AppData\Local\Temp\cinehome-hls-new-batman-series-s01e01\master201.vtt: 19.74 KiB / 19.74 KiB  44.67 KiB/s
C:\Users\Kevin\AppData\Local\Temp\cinehome-hls-new-batman-series-s01e01\master202.vtt: 19.79 KiB / 19.79 KiB  44.76 KiB/s
C:\Users\Kevin\AppData\Local\Temp\cinehome-hls-new-batman-series-s01e01\master203.vtt: 19.79 KiB / 19.79 KiB  44.73 KiB/s
C:\Users\Kevin\AppData\Local\Temp\cinehome-hls-new-batman-series-s01e01\master203.vtt: 19.80 KiB / 19.80 KiB  44.68 KiB/s
C:\Users\Kevin\AppData\Local\Temp\cinehome-hls-new-batman-series-s01e01\master203.vtt: 19.81 KiB / 19.81 KiB  44.62 KiB/s
C:\Users\Kevin\AppData\Local\Temp\cinehome-hls-new-batman-series-s01e01\master203.vtt: 19.90 KiB / 19.90 KiB  44.83 KiB/s
C:\Users\Kevin\AppData\Local\Temp\cinehome-hls-new-batman-series-s01e01\master203.vtt: 19.94 KiB / 19.94 KiB  44.86 KiB/s
C:\Users\Kevin\AppData\Local\Temp\cinehome-hls-new-batman-series-s01e01\master208.vtt: 20.03 KiB / 20.03 KiB  44.79 KiB/s
C:\Users\Kevin\AppData\Local\Temp\cinehome-hls-new-batman-series-s01e01\master209.vtt: 20.09 KiB / 20.09 KiB  42.30 KiB/s
C:\Users\Kevin\AppData\Local\Temp\cinehome-hls-new-batman-series-s01e01\master21.vtt: 20.19 KiB / 20.19 KiB  42.22 KiB/s
C:\Users\Kevin\AppData\Local\Temp\cinehome-hls-new-batman-series-s01e01\master210.vtt: 20.36 KiB / 20.36 KiB  42.52 KiB/s
C:\Users\Kevin\AppData\Local\Temp\cinehome-hls-new-batman-series-s01e01\master211.vtt: 20.50 KiB / 20.50 KiB  42.81 KiB/s
C:\Users\Kevin\AppData\Local\Temp\cinehome-hls-new-batman-series-s01e01\master212.vtt: 20.64 KiB / 20.64 KiB  43.01 KiB/s
C:\Users\Kevin\AppData\Local\Temp\cinehome-hls-new-batman-series-s01e01\master213.vtt: 20.71 KiB / 20.71 KiB  43.03 KiB/s
C:\Users\Kevin\AppData\Local\Temp\cinehome-hls-new-batman-series-s01e01\master214.vtt: 20.77 KiB / 20.77 KiB  43.18 KiB/s
C:\Users\Kevin\AppData\Local\Temp\cinehome-hls-new-batman-series-s01e01\master215.vtt: 20.82 KiB / 20.82 KiB  43.13 KiB/s
C:\Users\Kevin\AppData\Local\Temp\cinehome-hls-new-batman-series-s01e01\master215.vtt: 20.88 KiB / 20.88 KiB  43.26 KiB/s
C:\Users\Kevin\AppData\Local\Temp\cinehome-hls-new-batman-series-s01e01\master215.vtt: 20.99 KiB / 20.99 KiB  43.49 KiB/s
C:\Users\Kevin\AppData\Local\Temp\cinehome-hls-new-batman-series-s01e01\master218.vtt: 21.00 KiB / 21.00 KiB  43.46 KiB/s
C:\Users\Kevin\AppData\Local\Temp\cinehome-hls-new-batman-series-s01e01\master219.vtt: 21.09 KiB / 21.09 KiB  42.98 KiB/s
C:\Users\Kevin\AppData\Local\Temp\cinehome-hls-new-batman-series-s01e01\master219.vtt: 21.09 KiB / 21.09 KiB  42.12 KiB/s
C:\Users\Kevin\AppData\Local\Temp\cinehome-hls-new-batman-series-s01e01\master219.vtt: 21.09 KiB / 21.09 KiB  42.01 KiB/s
C:\Users\Kevin\AppData\Local\Temp\cinehome-hls-new-batman-series-s01e01\master22.vtt: 21.14 KiB / 21.14 KiB  40.88 KiB/s
C:\Users\Kevin\AppData\Local\Temp\cinehome-hls-new-batman-series-s01e01\master220.vtt: 21.32 KiB / 21.32 KiB  40.98 KiB/s
C:\Users\Kevin\AppData\Local\Temp\cinehome-hls-new-batman-series-s01e01\master220.vtt: 21.47 KiB / 21.47 KiB  41.29 KiB/s
C:\Users\Kevin\AppData\Local\Temp\cinehome-hls-new-batman-series-s01e01\master220.vtt: 21.65 KiB / 21.65 KiB  41.58 KiB/s
C:\Users\Kevin\AppData\Local\Temp\cinehome-hls-new-batman-series-s01e01\master220.vtt: 21.75 KiB / 21.75 KiB  41.77 KiB/s
C:\Users\Kevin\AppData\Local\Temp\cinehome-hls-new-batman-series-s01e01\master220.vtt: 21.75 KiB / 21.75 KiB  41.78 KiB/s
C:\Users\Kevin\AppData\Local\Temp\cinehome-hls-new-batman-series-s01e01\master225.vtt: 21.85 KiB / 21.85 KiB  41.91 KiB/s
C:\Users\Kevin\AppData\Local\Temp\cinehome-hls-new-batman-series-s01e01\master226.vtt: 22.16 KiB / 22.16 KiB  42.46 KiB/s
C:\Users\Kevin\AppData\Local\Temp\cinehome-hls-new-batman-series-s01e01\master226.vtt: 22.17 KiB / 22.17 KiB  42.43 KiB/s
C:\Users\Kevin\AppData\Local\Temp\cinehome-hls-new-batman-series-s01e01\master226.vtt: 22.25 KiB / 22.25 KiB  42.54 KiB/s
C:\Users\Kevin\AppData\Local\Temp\cinehome-hls-new-batman-series-s01e01\master226.vtt: 22.25 KiB / 22.25 KiB  42.55 KiB/s
C:\Users\Kevin\AppData\Local\Temp\cinehome-hls-new-batman-series-s01e01\master226.vtt: 22.26 KiB / 22.26 KiB  42.57 KiB/s
C:\Users\Kevin\AppData\Local\Temp\cinehome-hls-new-batman-series-s01e01\master230.vtt: 22.31 KiB / 22.31 KiB  41.10 KiB/s
C:\Users\Kevin\AppData\Local\Temp\cinehome-hls-new-batman-series-s01e01\master231.vtt: 22.32 KiB / 22.32 KiB  40.41 KiB/s
C:\Users\Kevin\AppData\Local\Temp\cinehome-hls-new-batman-series-s01e01\master232.vtt: 22.33 KiB / 22.33 KiB  39.10 KiB/s
C:\Users\Kevin\AppData\Local\Temp\cinehome-hls-new-batman-series-s01e01\master233.vtt: 22.33 KiB / 22.33 KiB  39.06 KiB/s
C:\Users\Kevin\AppData\Local\Temp\cinehome-hls-new-batman-series-s01e01\master234.vtt: 22.34 KiB / 22.34 KiB  38.08 KiB/s
C:\Users\Kevin\AppData\Local\Temp\cinehome-hls-new-batman-series-s01e01\master234.vtt: 22.35 KiB / 22.35 KiB  38.09 KiB/s
C:\Users\Kevin\AppData\Local\Temp\cinehome-hls-new-batman-series-s01e01\master236.vtt: 22.35 KiB / 22.35 KiB  37.97 KiB/s
C:\Users\Kevin\AppData\Local\Temp\cinehome-hls-new-batman-series-s01e01\master236.vtt: 22.36 KiB / 22.36 KiB  37.99 KiB/s
C:\Users\Kevin\AppData\Local\Temp\cinehome-hls-new-batman-series-s01e01\master236.vtt: 22.37 KiB / 22.37 KiB  37.96 KiB/s
C:\Users\Kevin\AppData\Local\Temp\cinehome-hls-new-batman-series-s01e01\master236.vtt: 22.37 KiB / 22.37 KiB  37.97 KiB/s
C:\Users\Kevin\AppData\Local\Temp\cinehome-hls-new-batman-series-s01e01\master236.vtt: 22.38 KiB / 22.38 KiB  37.99 KiB/s
C:\Users\Kevin\AppData\Local\Temp\cinehome-hls-new-batman-series-s01e01\master240.vtt: 22.39 KiB / 22.39 KiB  37.96 KiB/s
C:\Users\Kevin\AppData\Local\Temp\cinehome-hls-new-batman-series-s01e01\master240.vtt: 22.39 KiB / 22.39 KiB  37.94 KiB/s
C:\Users\Kevin\AppData\Local\Temp\cinehome-hls-new-batman-series-s01e01\master242.vtt: 22.40 KiB / 22.40 KiB  37.83 KiB/s
C:\Users\Kevin\AppData\Local\Temp\cinehome-hls-new-batman-series-s01e01\master243.vtt: 22.41 KiB / 22.41 KiB  37.65 KiB/s
C:\Users\Kevin\AppData\Local\Temp\cinehome-hls-new-batman-series-s01e01\master244.vtt: 22.41 KiB / 22.41 KiB  36.77 KiB/s
C:\Users\Kevin\AppData\Local\Temp\cinehome-hls-new-batman-series-s01e01\master244.vtt: 22.41 KiB / 22.41 KiB  35.82 KiB/s
C:\Users\Kevin\AppData\Local\Temp\cinehome-hls-new-batman-series-s01e01\master244.vtt: 22.41 KiB / 22.41 KiB  35.74 KiB/s
C:\Users\Kevin\AppData\Local\Temp\cinehome-hls-new-batman-series-s01e01\master245.vtt: 22.42 KiB / 22.42 KiB  35.25 KiB/s
C:\Users\Kevin\AppData\Local\Temp\cinehome-hls-new-batman-series-s01e01\master245.vtt: 22.43 KiB / 22.43 KiB  34.44 KiB/s
C:\Users\Kevin\AppData\Local\Temp\cinehome-hls-new-batman-series-s01e01\master245.vtt: 22.43 KiB / 22.43 KiB  34.45 KiB/s
C:\Users\Kevin\AppData\Local\Temp\cinehome-hls-new-batman-series-s01e01\master248.vtt: 22.44 KiB / 22.44 KiB  34.34 KiB/s
C:\Users\Kevin\AppData\Local\Temp\cinehome-hls-new-batman-series-s01e01\master249.vtt: 22.49 KiB / 22.49 KiB  34.02 KiB/s
C:\Users\Kevin\AppData\Local\Temp\cinehome-hls-new-batman-series-s01e01\master249.vtt: 22.50 KiB / 22.50 KiB  34.03 KiB/s
C:\Users\Kevin\AppData\Local\Temp\cinehome-hls-new-batman-series-s01e01\master249.vtt: 22.51 KiB / 22.51 KiB  34.00 KiB/s
C:\Users\Kevin\AppData\Local\Temp\cinehome-hls-new-batman-series-s01e01\master25.vtt: 22.51 KiB / 22.51 KiB  33.99 KiB/s
C:\Users\Kevin\AppData\Local\Temp\cinehome-hls-new-batman-series-s01e01\master252.vtt: 22.52 KiB / 22.52 KiB  33.89 KiB/s
C:\Users\Kevin\AppData\Local\Temp\cinehome-hls-new-batman-series-s01e01\master253.vtt: 22.53 KiB / 22.53 KiB  33.87 KiB/s
C:\Users\Kevin\AppData\Local\Temp\cinehome-hls-new-batman-series-s01e01\master253.vtt: 22.54 KiB / 22.54 KiB  33.88 KiB/s
C:\Users\Kevin\AppData\Local\Temp\cinehome-hls-new-batman-series-s01e01\master253.vtt: 22.54 KiB / 22.54 KiB  33.89 KiB/s
C:\Users\Kevin\AppData\Local\Temp\cinehome-hls-new-batman-series-s01e01\master28.vtt: 22.55 KiB / 22.55 KiB  33.73 KiB/s
C:\Users\Kevin\AppData\Local\Temp\cinehome-hls-new-batman-series-s01e01\master29.vtt: 22.65 KiB / 22.65 KiB  32.84 KiB/s
C:\Users\Kevin\AppData\Local\Temp\cinehome-hls-new-batman-series-s01e01\master3.vtt: 22.66 KiB / 22.66 KiB  32.59 KiB/s
C:\Users\Kevin\AppData\Local\Temp\cinehome-hls-new-batman-series-s01e01\master30.vtt: 22.86 KiB / 22.86 KiB  32.57 KiB/s
C:\Users\Kevin\AppData\Local\Temp\cinehome-hls-new-batman-series-s01e01\master31.vtt: 23.01 KiB / 23.01 KiB  32.51 KiB/s
C:\Users\Kevin\AppData\Local\Temp\cinehome-hls-new-batman-series-s01e01\master32.vtt: 23.16 KiB / 23.16 KiB  32.66 KiB/s
C:\Users\Kevin\AppData\Local\Temp\cinehome-hls-new-batman-series-s01e01\master33.vtt: 23.39 KiB / 23.39 KiB  33.00 KiB/s
C:\Users\Kevin\AppData\Local\Temp\cinehome-hls-new-batman-series-s01e01\master34.vtt: 23.58 KiB / 23.58 KiB  33.11 KiB/s
C:\Users\Kevin\AppData\Local\Temp\cinehome-hls-new-batman-series-s01e01\master34.vtt: 23.65 KiB / 23.65 KiB  33.21 KiB/s
C:\Users\Kevin\AppData\Local\Temp\cinehome-hls-new-batman-series-s01e01\master36.vtt: 23.85 KiB / 23.85 KiB  33.42 KiB/s
C:\Users\Kevin\AppData\Local\Temp\cinehome-hls-new-batman-series-s01e01\master37.vtt: 23.92 KiB / 23.92 KiB  33.49 KiB/s
C:\Users\Kevin\AppData\Local\Temp\cinehome-hls-new-batman-series-s01e01\master38.vtt: 24.15 KiB / 24.15 KiB  33.62 KiB/s
C:\Users\Kevin\AppData\Local\Temp\cinehome-hls-new-batman-series-s01e01\master39.vtt: 24.29 KiB / 24.29 KiB  33.82 KiB/s
C:\Users\Kevin\AppData\Local\Temp\cinehome-hls-new-batman-series-s01e01\master4.vtt: 24.52 KiB / 24.52 KiB  33.88 KiB/s
C:\Users\Kevin\AppData\Local\Temp\cinehome-hls-new-batman-series-s01e01\master40.vtt: 24.52 KiB / 24.52 KiB  33.89 KiB/s
C:\Users\Kevin\AppData\Local\Temp\cinehome-hls-new-batman-series-s01e01\master41.vtt: 24.61 KiB / 24.61 KiB  33.61 KiB/s
C:\Users\Kevin\AppData\Local\Temp\cinehome-hls-new-batman-series-s01e01\master42.vtt: 24.61 KiB / 24.61 KiB  32.77 KiB/s
C:\Users\Kevin\AppData\Local\Temp\cinehome-hls-new-batman-series-s01e01\master42.vtt: 24.71 KiB / 24.71 KiB  32.91 KiB/s
C:\Users\Kevin\AppData\Local\Temp\cinehome-hls-new-batman-series-s01e01\master42.vtt: 24.71 KiB / 24.71 KiB  32.82 KiB/s
C:\Users\Kevin\AppData\Local\Temp\cinehome-hls-new-batman-series-s01e01\master43.vtt: 24.87 KiB / 24.87 KiB  32.78 KiB/s
C:\Users\Kevin\AppData\Local\Temp\cinehome-hls-new-batman-series-s01e01\master44.vtt: 25.01 KiB / 25.01 KiB  32.96 KiB/s
C:\Users\Kevin\AppData\Local\Temp\cinehome-hls-new-batman-series-s01e01\master45.vtt: 25.34 KiB / 25.34 KiB  33.06 KiB/s
C:\Users\Kevin\AppData\Local\Temp\cinehome-hls-new-batman-series-s01e01\master46.vtt: 25.34 KiB / 25.34 KiB  33.05 KiB/s
C:\Users\Kevin\AppData\Local\Temp\cinehome-hls-new-batman-series-s01e01\master47.vtt: 25.62 KiB / 25.62 KiB  33.39 KiB/s
C:\Users\Kevin\AppData\Local\Temp\cinehome-hls-new-batman-series-s01e01\master48.vtt: 25.67 KiB / 25.67 KiB  33.46 KiB/s
C:\Users\Kevin\AppData\Local\Temp\cinehome-hls-new-batman-series-s01e01\master48.vtt: 25.77 KiB / 25.77 KiB  33.55 KiB/s
C:\Users\Kevin\AppData\Local\Temp\cinehome-hls-new-batman-series-s01e01\master5.vtt: 25.92 KiB / 25.92 KiB  33.67 KiB/s
C:\Users\Kevin\AppData\Local\Temp\cinehome-hls-new-batman-series-s01e01\master5.vtt: 26.13 KiB / 26.13 KiB  33.95 KiB/s
C:\Users\Kevin\AppData\Local\Temp\cinehome-hls-new-batman-series-s01e01\master51.vtt: 26.20 KiB / 26.20 KiB  34.02 KiB/s
C:\Users\Kevin\AppData\Local\Temp\cinehome-hls-new-batman-series-s01e01\master52.vtt: 26.33 KiB / 26.33 KiB  33.94 KiB/s
C:\Users\Kevin\AppData\Local\Temp\cinehome-hls-new-batman-series-s01e01\master53.vtt: 26.37 KiB / 26.37 KiB  33.71 KiB/s
C:\Users\Kevin\AppData\Local\Temp\cinehome-hls-new-batman-series-s01e01\master54.vtt: 26.42 KiB / 26.42 KiB  33.64 KiB/s
C:\Users\Kevin\AppData\Local\Temp\cinehome-hls-new-batman-series-s01e01\master54.vtt: 26.43 KiB / 26.43 KiB  33.65 KiB/s
C:\Users\Kevin\AppData\Local\Temp\cinehome-hls-new-batman-series-s01e01\master56.vtt: 26.43 KiB / 26.43 KiB  33.26 KiB/s
C:\Users\Kevin\AppData\Local\Temp\cinehome-hls-new-batman-series-s01e01\master56.vtt: 26.48 KiB / 26.48 KiB  33.32 KiB/s
C:\Users\Kevin\AppData\Local\Temp\cinehome-hls-new-batman-series-s01e01\master58.vtt: 26.49 KiB / 26.49 KiB  33.10 KiB/s
C:\Users\Kevin\AppData\Local\Temp\cinehome-hls-new-batman-series-s01e01\master58.vtt: 26.56 KiB / 26.56 KiB  33.19 KiB/s
C:\Users\Kevin\AppData\Local\Temp\cinehome-hls-new-batman-series-s01e01\master6.vtt: 26.62 KiB / 26.62 KiB  33.01 KiB/s
C:\Users\Kevin\AppData\Local\Temp\cinehome-hls-new-batman-series-s01e01\master60.vtt: 26.76 KiB / 26.76 KiB  33.09 KiB/s
C:\Users\Kevin\AppData\Local\Temp\cinehome-hls-new-batman-series-s01e01\master61.vtt: 26.80 KiB / 26.80 KiB  33.14 KiB/s
C:\Users\Kevin\AppData\Local\Temp\cinehome-hls-new-batman-series-s01e01\master61.vtt: 27.00 KiB / 27.00 KiB  33.37 KiB/s
C:\Users\Kevin\AppData\Local\Temp\cinehome-hls-new-batman-series-s01e01\master63.vtt: 27.06 KiB / 27.06 KiB  33.44 KiB/s
C:\Users\Kevin\AppData\Local\Temp\cinehome-hls-new-batman-series-s01e01\master63.vtt: 27.19 KiB / 27.19 KiB  33.58 KiB/s
C:\Users\Kevin\AppData\Local\Temp\cinehome-hls-new-batman-series-s01e01\master63.vtt: 27.41 KiB / 27.41 KiB  33.86 KiB/s
C:\Users\Kevin\AppData\Local\Temp\cinehome-hls-new-batman-series-s01e01\master66.vtt: 27.56 KiB / 27.56 KiB  33.93 KiB/s
C:\Users\Kevin\AppData\Local\Temp\cinehome-hls-new-batman-series-s01e01\master67.vtt: 27.68 KiB / 27.68 KiB  33.64 KiB/s
C:\Users\Kevin\AppData\Local\Temp\cinehome-hls-new-batman-series-s01e01\master68.vtt: 27.69 KiB / 27.69 KiB  33.26 KiB/s
C:\Users\Kevin\AppData\Local\Temp\cinehome-hls-new-batman-series-s01e01\master69.vtt: 27.93 KiB / 27.93 KiB  33.54 KiB/s
C:\Users\Kevin\AppData\Local\Temp\cinehome-hls-new-batman-series-s01e01\master7.vtt: 28.13 KiB / 28.13 KiB  33.12 KiB/s
C:\Users\Kevin\AppData\Local\Temp\cinehome-hls-new-batman-series-s01e01\master7.vtt: 28.13 KiB / 28.13 KiB  33.13 KiB/s
C:\Users\Kevin\AppData\Local\Temp\cinehome-hls-new-batman-series-s01e01\master71.vtt: 28.26 KiB / 28.26 KiB  33.20 KiB/s
C:\Users\Kevin\AppData\Local\Temp\cinehome-hls-new-batman-series-s01e01\master72.vtt: 28.34 KiB / 28.34 KiB  33.30 KiB/s
C:\Users\Kevin\AppData\Local\Temp\cinehome-hls-new-batman-series-s01e01\master72.vtt: 28.56 KiB / 28.56 KiB  33.53 KiB/s
C:\Users\Kevin\AppData\Local\Temp\cinehome-hls-new-batman-series-s01e01\master73.vtt: 28.64 KiB / 28.64 KiB  33.62 KiB/s
C:\Users\Kevin\AppData\Local\Temp\cinehome-hls-new-batman-series-s01e01\master73.vtt: 28.69 KiB / 28.69 KiB  33.04 KiB/s
C:\Users\Kevin\AppData\Local\Temp\cinehome-hls-new-batman-series-s01e01\master73.vtt: 28.78 KiB / 28.78 KiB  33.15 KiB/s
C:\Users\Kevin\AppData\Local\Temp\cinehome-hls-new-batman-series-s01e01\master77.vtt: 29.00 KiB / 29.00 KiB  33.39 KiB/s
C:\Users\Kevin\AppData\Local\Temp\cinehome-hls-new-batman-series-s01e01\master77.vtt: 29.08 KiB / 29.08 KiB  33.46 KiB/s
C:\Users\Kevin\AppData\Local\Temp\cinehome-hls-new-batman-series-s01e01\master78.vtt: 29.17 KiB / 29.17 KiB  33.55 KiB/s
C:\Users\Kevin\AppData\Local\Temp\cinehome-hls-new-batman-series-s01e01\master78.vtt: 29.23 KiB / 29.23 KiB  33.60 KiB/s
C:\Users\Kevin\AppData\Local\Temp\cinehome-hls-new-batman-series-s01e01\master80.vtt: 29.29 KiB / 29.29 KiB  33.65 KiB/s
C:\Users\Kevin\AppData\Local\Temp\cinehome-hls-new-batman-series-s01e01\master81.vtt: 29.35 KiB / 29.35 KiB  33.55 KiB/s
C:\Users\Kevin\AppData\Local\Temp\cinehome-hls-new-batman-series-s01e01\master82.vtt: 29.56 KiB / 29.56 KiB  33.77 KiB/s
C:\Users\Kevin\AppData\Local\Temp\cinehome-hls-new-batman-series-s01e01\master82.vtt: 29.56 KiB / 29.56 KiB  33.74 KiB/s
C:\Users\Kevin\AppData\Local\Temp\cinehome-hls-new-batman-series-s01e01\master82.vtt: 29.56 KiB / 29.56 KiB  33.64 KiB/s
C:\Users\Kevin\AppData\Local\Temp\cinehome-hls-new-batman-series-s01e01\master83.vtt: 29.71 KiB / 29.71 KiB  33.51 KiB/s
C:\Users\Kevin\AppData\Local\Temp\cinehome-hls-new-batman-series-s01e01\master83.vtt: 29.81 KiB / 29.81 KiB  33.63 KiB/s
C:\Users\Kevin\AppData\Local\Temp\cinehome-hls-new-batman-series-s01e01\master85.vtt: 29.91 KiB / 29.91 KiB  32.93 KiB/s
C:\Users\Kevin\AppData\Local\Temp\cinehome-hls-new-batman-series-s01e01\master86.vtt: 30.24 KiB / 30.24 KiB  32.76 KiB/s
C:\Users\Kevin\AppData\Local\Temp\cinehome-hls-new-batman-series-s01e01\master87.vtt: 30.25 KiB / 30.25 KiB  32.71 KiB/s
C:\Users\Kevin\AppData\Local\Temp\cinehome-hls-new-batman-series-s01e01\master88.vtt: 30.53 KiB / 30.53 KiB  32.95 KiB/s
C:\Users\Kevin\AppData\Local\Temp\cinehome-hls-new-batman-series-s01e01\master89.vtt: 30.82 KiB / 30.82 KiB  33.21 KiB/s
C:\Users\Kevin\AppData\Local\Temp\cinehome-hls-new-batman-series-s01e01\master9.vtt: 30.98 KiB / 30.98 KiB  33.26 KiB/s
C:\Users\Kevin\AppData\Local\Temp\cinehome-hls-new-batman-series-s01e01\master90.vtt: 31.04 KiB / 31.04 KiB  33.28 KiB/s
C:\Users\Kevin\AppData\Local\Temp\cinehome-hls-new-batman-series-s01e01\master91.vtt: 31.20 KiB / 31.20 KiB  33.42 KiB/s
C:\Users\Kevin\AppData\Local\Temp\cinehome-hls-new-batman-series-s01e01\master92.vtt: 31.49 KiB / 31.49 KiB  33.71 KiB/s
C:\Users\Kevin\AppData\Local\Temp\cinehome-hls-new-batman-series-s01e01\master93.vtt: 31.50 KiB / 31.50 KiB  33.72 KiB/s
C:\Users\Kevin\AppData\Local\Temp\cinehome-hls-new-batman-series-s01e01\master93.vtt: 31.75 KiB / 31.75 KiB  33.97 KiB/s
C:\Users\Kevin\AppData\Local\Temp\cinehome-hls-new-batman-series-s01e01\master93.vtt: 31.88 KiB / 31.88 KiB  34.11 KiB/s
C:\Users\Kevin\AppData\Local\Temp\cinehome-hls-new-batman-series-s01e01\master93.vtt: 31.96 KiB / 31.96 KiB  34.20 KiB/s
C:\Users\Kevin\AppData\Local\Temp\cinehome-hls-new-batman-series-s01e01\master97.vtt: 32.25 KiB / 32.25 KiB  33.74 KiB/s
C:\Users\Kevin\AppData\Local\Temp\cinehome-hls-new-batman-series-s01e01\master97.vtt: 32.25 KiB / 32.25 KiB  32.19 KiB/s
C:\Users\Kevin\AppData\Local\Temp\cinehome-hls-new-batman-series-s01e01\master97.vtt: 32.25 KiB / 32.25 KiB  32.10 KiB/s
C:\Users\Kevin\AppData\Local\Temp\cinehome-hls-new-batman-series-s01e01\master98.vtt: 32.26 KiB / 32.26 KiB  31.65 KiB/s
C:\Users\Kevin\AppData\Local\Temp\cinehome-hls-new-batman-series-s01e01\master99.vtt: 40.20 KiB / 40.20 KiB  39.39 KiB/s
C:\Users\Kevin\AppData\Local\Temp\cinehome-hls-new-batman-series-s01e01\master_vtt.m3u8: 1.35 MiB / 1.35 MiB  1.32 MiB/s
C:\Users\Kevin\AppData\Local\Temp\cinehome-hls-new-batman-series-s01e01\seg_0000.ts: 1.70 MiB / 1.70 MiB  1.66 MiB/s
C:\Users\Kevin\AppData\Local\Temp\cinehome-hls-new-batman-series-s01e01\seg_0001.ts: 2.60 MiB / 2.60 MiB  2.54 MiB/s
C:\Users\Kevin\AppData\Local\Temp\cinehome-hls-new-batman-series-s01e01\seg_0001.ts: 3.61 MiB / 3.61 MiB  3.53 MiB/s
C:\Users\Kevin\AppData\Local\Temp\cinehome-hls-new-batman-series-s01e01\seg_0003.ts: 4.56 MiB / 4.56 MiB  4.45 MiB/s
C:\Users\Kevin\AppData\Local\Temp\cinehome-hls-new-batman-series-s01e01\seg_0003.ts: 4.87 MiB / 4.87 MiB  4.76 MiB/s
C:\Users\Kevin\AppData\Local\Temp\cinehome-hls-new-batman-series-s01e01\seg_0005.ts: 5.54 MiB / 5.54 MiB  5.32 MiB/s
C:\Users\Kevin\AppData\Local\Temp\cinehome-hls-new-batman-series-s01e01\seg_0006.ts: 6.83 MiB / 6.83 MiB  6.51 MiB/s
C:\Users\Kevin\AppData\Local\Temp\cinehome-hls-new-batman-series-s01e01\seg_0007.ts: 7.42 MiB / 7.42 MiB  7.07 MiB/s
C:\Users\Kevin\AppData\Local\Temp\cinehome-hls-new-batman-series-s01e01\seg_0008.ts: 8.92 MiB / 8.92 MiB  8.41 MiB/s
C:\Users\Kevin\AppData\Local\Temp\cinehome-hls-new-batman-series-s01e01\seg_0009.ts: 9.49 MiB / 9.49 MiB  8.72 MiB/s
C:\Users\Kevin\AppData\Local\Temp\cinehome-hls-new-batman-series-s01e01\seg_0010.ts: 10.16 MiB / 10.16 MiB  9.33 MiB/s
C:\Users\Kevin\AppData\Local\Temp\cinehome-hls-new-batman-series-s01e01\seg_0011.ts: 11.49 MiB / 11.49 MiB  10.35 MiB/s
C:\Users\Kevin\AppData\Local\Temp\cinehome-hls-new-batman-series-s01e01\seg_0011.ts: 11.49 MiB / 11.49 MiB  10.20 MiB/s
C:\Users\Kevin\AppData\Local\Temp\cinehome-hls-new-batman-series-s01e01\seg_0011.ts: 11.49 MiB / 11.49 MiB  10.17 MiB/s
C:\Users\Kevin\AppData\Local\Temp\cinehome-hls-new-batman-series-s01e01\seg_0012.ts: 13.13 MiB / 13.13 MiB  11.32 MiB/s
C:\Users\Kevin\AppData\Local\Temp\cinehome-hls-new-batman-series-s01e01\seg_0013.ts: 16.53 MiB / 16.53 MiB  13.90 MiB/s
C:\Users\Kevin\AppData\Local\Temp\cinehome-hls-new-batman-series-s01e01\seg_0014.ts: 18.74 MiB / 18.74 MiB  15.62 MiB/s
C:\Users\Kevin\AppData\Local\Temp\cinehome-hls-new-batman-series-s01e01\seg_0014.ts: 23.67 MiB / 23.67 MiB  19.72 MiB/s
C:\Users\Kevin\AppData\Local\Temp\cinehome-hls-new-batman-series-s01e01\seg_0016.ts: 25.61 MiB / 25.61 MiB  21.32 MiB/s
C:\Users\Kevin\AppData\Local\Temp\cinehome-hls-new-batman-series-s01e01\seg_0017.ts: 27.34 MiB / 27.34 MiB  22.74 MiB/s
C:\Users\Kevin\AppData\Local\Temp\cinehome-hls-new-batman-series-s01e01\seg_0018.ts: 28.86 MiB / 28.86 MiB  23.99 MiB/s
C:\Users\Kevin\AppData\Local\Temp\cinehome-hls-new-batman-series-s01e01\seg_0019.ts: 31.19 MiB / 31.19 MiB  25.86 MiB/s
C:\Users\Kevin\AppData\Local\Temp\cinehome-hls-new-batman-series-s01e01\seg_0020.ts: 33.32 MiB / 33.32 MiB  27.46 MiB/s
C:\Users\Kevin\AppData\Local\Temp\cinehome-hls-new-batman-series-s01e01\seg_0021.ts: 34.53 MiB / 34.53 MiB  28.43 MiB/s
C:\Users\Kevin\AppData\Local\Temp\cinehome-hls-new-batman-series-s01e01\seg_0022.ts: 37.37 MiB / 37.37 MiB  30.71 MiB/s
C:\Users\Kevin\AppData\Local\Temp\cinehome-hls-new-batman-series-s01e01\seg_0022.ts: 38.44 MiB / 38.44 MiB  31.57 MiB/s
C:\Users\Kevin\AppData\Local\Temp\cinehome-hls-new-batman-series-s01e01\seg_0024.ts: 48.68 MiB / 48.68 MiB  39.88 MiB/s
C:\Users\Kevin\AppData\Local\Temp\cinehome-hls-new-batman-series-s01e01\seg_0024.ts: 48.68 MiB / 48.68 MiB  38.87 MiB/s
C:\Users\Kevin\AppData\Local\Temp\cinehome-hls-new-batman-series-s01e01\seg_0024.ts: 48.68 MiB / 48.68 MiB  38.76 MiB/s
C:\Users\Kevin\AppData\Local\Temp\cinehome-hls-new-batman-series-s01e01\seg_0024.ts: 53.76 MiB / 53.76 MiB  41.08 MiB/s
C:\Users\Kevin\AppData\Local\Temp\cinehome-hls-new-batman-series-s01e01\seg_0026.ts: 58.34 MiB / 58.34 MiB  42.48 MiB/s
C:\Users\Kevin\AppData\Local\Temp\cinehome-hls-new-batman-series-s01e01\seg_0026.ts: 58.34 MiB / 58.34 MiB  42.35 MiB/s
C:\Users\Kevin\AppData\Local\Temp\cinehome-hls-new-batman-series-s01e01\seg_0026.ts: 58.34 MiB / 58.34 MiB  42.25 MiB/s
C:\Users\Kevin\AppData\Local\Temp\cinehome-hls-new-batman-series-s01e01\seg_0027.ts: 64.89 MiB / 64.89 MiB  45.50 MiB/s
C:\Users\Kevin\AppData\Local\Temp\cinehome-hls-new-batman-series-s01e01\seg_0028.ts: 67.63 MiB / 67.63 MiB  46.43 MiB/s
C:\Users\Kevin\AppData\Local\Temp\cinehome-hls-new-batman-series-s01e01\seg_0028.ts: 67.63 MiB / 67.63 MiB  44.99 MiB/s
C:\Users\Kevin\AppData\Local\Temp\cinehome-hls-new-batman-series-s01e01\seg_0028.ts: 67.63 MiB / 67.63 MiB  44.90 MiB/s
C:\Users\Kevin\AppData\Local\Temp\cinehome-hls-new-batman-series-s01e01\seg_0028.ts: 67.63 MiB / 67.63 MiB  41.52 MiB/s
C:\Users\Kevin\AppData\Local\Temp\cinehome-hls-new-batman-series-s01e01\seg_0028.ts: 67.63 MiB / 67.63 MiB  41.45 MiB/s
C:\Users\Kevin\AppData\Local\Temp\cinehome-hls-new-batman-series-s01e01\seg_0029.ts: 72.95 MiB / 72.95 MiB  43.27 MiB/s
C:\Users\Kevin\AppData\Local\Temp\cinehome-hls-new-batman-series-s01e01\seg_0030.ts: 74.64 MiB / 74.64 MiB  44.06 MiB/s
C:\Users\Kevin\AppData\Local\Temp\cinehome-hls-new-batman-series-s01e01\seg_0030.ts: 74.64 MiB / 74.64 MiB  42.55 MiB/s
C:\Users\Kevin\AppData\Local\Temp\cinehome-hls-new-batman-series-s01e01\seg_0030.ts: 74.64 MiB / 74.64 MiB  42.49 MiB/s
C:\Users\Kevin\AppData\Local\Temp\cinehome-hls-new-batman-series-s01e01\seg_0031.ts: 76.02 MiB / 76.02 MiB  41.14 MiB/s
C:\Users\Kevin\AppData\Local\Temp\cinehome-hls-new-batman-series-s01e01\seg_0032.ts: 76.95 MiB / 76.95 MiB  41.22 MiB/s
C:\Users\Kevin\AppData\Local\Temp\cinehome-hls-new-batman-series-s01e01\seg_0032.ts: 76.95 MiB / 76.95 MiB  40.93 MiB/s
C:\Users\Kevin\AppData\Local\Temp\cinehome-hls-new-batman-series-s01e01\seg_0032.ts: 76.95 MiB / 76.95 MiB  40.88 MiB/s
C:\Users\Kevin\AppData\Local\Temp\cinehome-hls-new-batman-series-s01e01\seg_0033.ts: 77.96 MiB / 77.96 MiB  41.12 MiB/s
C:\Users\Kevin\AppData\Local\Temp\cinehome-hls-new-batman-series-s01e01\seg_0034.ts: 78.98 MiB / 78.98 MiB  41.06 MiB/s
C:\Users\Kevin\AppData\Local\Temp\cinehome-hls-new-batman-series-s01e01\seg_0035.ts: 79.53 MiB / 79.53 MiB  41.01 MiB/s
C:\Users\Kevin\AppData\Local\Temp\cinehome-hls-new-batman-series-s01e01\seg_0036.ts: 80.16 MiB / 80.16 MiB  41.32 MiB/s
C:\Users\Kevin\AppData\Local\Temp\cinehome-hls-new-batman-series-s01e01\seg_0037.ts: 81.18 MiB / 81.18 MiB  40.50 MiB/s
C:\Users\Kevin\AppData\Local\Temp\cinehome-hls-new-batman-series-s01e01\seg_0037.ts: 81.18 MiB / 81.18 MiB  40.48 MiB/s
C:\Users\Kevin\AppData\Local\Temp\cinehome-hls-new-batman-series-s01e01\seg_0037.ts: 81.18 MiB / 81.18 MiB  40.43 MiB/s
C:\Users\Kevin\AppData\Local\Temp\cinehome-hls-new-batman-series-s01e01\seg_0038.ts: 82.95 MiB / 82.95 MiB  40.75 MiB/s
C:\Users\Kevin\AppData\Local\Temp\cinehome-hls-new-batman-series-s01e01\seg_0039.ts: 83.99 MiB / 83.99 MiB  41.15 MiB/s
C:\Users\Kevin\AppData\Local\Temp\cinehome-hls-new-batman-series-s01e01\seg_0040.ts: 84.33 MiB / 84.33 MiB  41.06 MiB/s
C:\Users\Kevin\AppData\Local\Temp\cinehome-hls-new-batman-series-s01e01\seg_0041.ts: 84.86 MiB / 84.86 MiB  41.25 MiB/s
C:\Users\Kevin\AppData\Local\Temp\cinehome-hls-new-batman-series-s01e01\seg_0042.ts: 86.56 MiB / 86.56 MiB  41.99 MiB/s
C:\Users\Kevin\AppData\Local\Temp\cinehome-hls-new-batman-series-s01e01\seg_0042.ts: 86.56 MiB / 86.56 MiB  40.63 MiB/s
C:\Users\Kevin\AppData\Local\Temp\cinehome-hls-new-batman-series-s01e01\seg_0042.ts: 86.56 MiB / 86.56 MiB  40.58 MiB/s
C:\Users\Kevin\AppData\Local\Temp\cinehome-hls-new-batman-series-s01e01\seg_0043.ts: 87.81 MiB / 87.81 MiB  40.68 MiB/s
C:\Users\Kevin\AppData\Local\Temp\cinehome-hls-new-batman-series-s01e01\seg_0044.ts: 88.51 MiB / 88.51 MiB  41.00 MiB/s
C:\Users\Kevin\AppData\Local\Temp\cinehome-hls-new-batman-series-s01e01\seg_0045.ts: 89.70 MiB / 89.70 MiB  41.54 MiB/s
C:\Users\Kevin\AppData\Local\Temp\cinehome-hls-new-batman-series-s01e01\seg_0045.ts: 90.22 MiB / 90.22 MiB  41.77 MiB/s
C:\Users\Kevin\AppData\Local\Temp\cinehome-hls-new-batman-series-s01e01\seg_0045.ts: 91.31 MiB / 91.31 MiB  42.25 MiB/s
C:\Users\Kevin\AppData\Local\Temp\cinehome-hls-new-batman-series-s01e01\seg_0047.ts: 92.05 MiB / 92.05 MiB  42.60 MiB/s
C:\Users\Kevin\AppData\Local\Temp\cinehome-hls-new-batman-series-s01e01\seg_0047.ts: 92.89 MiB / 92.89 MiB  42.95 MiB/s
C:\Users\Kevin\AppData\Local\Temp\cinehome-hls-new-batman-series-s01e01\seg_0050.ts: 94.31 MiB / 94.31 MiB  43.35 MiB/s
C:\Users\Kevin\AppData\Local\Temp\cinehome-hls-new-batman-series-s01e01\seg_0051.ts: 94.97 MiB / 94.97 MiB  43.64 MiB/s
C:\Users\Kevin\AppData\Local\Temp\cinehome-hls-new-batman-series-s01e01\seg_0052.ts: 96.38 MiB / 96.38 MiB  44.08 MiB/s
C:\Users\Kevin\AppData\Local\Temp\cinehome-hls-new-batman-series-s01e01\seg_0053.ts: 97.41 MiB / 97.41 MiB  44.55 MiB/s
C:\Users\Kevin\AppData\Local\Temp\cinehome-hls-new-batman-series-s01e01\seg_0054.ts: 98.80 MiB / 98.80 MiB  45.14 MiB/s
C:\Users\Kevin\AppData\Local\Temp\cinehome-hls-new-batman-series-s01e01\seg_0054.ts: 98.80 MiB / 98.80 MiB  43.78 MiB/s
C:\Users\Kevin\AppData\Local\Temp\cinehome-hls-new-batman-series-s01e01\seg_0054.ts: 98.80 MiB / 98.80 MiB  43.73 MiB/s
C:\Users\Kevin\AppData\Local\Temp\cinehome-hls-new-batman-series-s01e01\seg_0055.ts: 99.65 MiB / 99.65 MiB  42.99 MiB/s
C:\Users\Kevin\AppData\Local\Temp\cinehome-hls-new-batman-series-s01e01\seg_0056.ts: 101.11 MiB / 101.11 MiB  43.29 MiB/s
C:\Users\Kevin\AppData\Local\Temp\cinehome-hls-new-batman-series-s01e01\seg_0057.ts: 102.32 MiB / 102.32 MiB  43.35 MiB/s
C:\Users\Kevin\AppData\Local\Temp\cinehome-hls-new-batman-series-s01e01\seg_0058.ts: 103.11 MiB / 103.11 MiB  43.35 MiB/s
C:\Users\Kevin\AppData\Local\Temp\cinehome-hls-new-batman-series-s01e01\seg_0058.ts: 103.11 MiB / 103.11 MiB  43.29 MiB/s
C:\Users\Kevin\AppData\Local\Temp\cinehome-hls-new-batman-series-s01e01\seg_0058.ts: 103.11 MiB / 103.11 MiB  43.24 MiB/s
C:\Users\Kevin\AppData\Local\Temp\cinehome-hls-new-batman-series-s01e01\seg_0059.ts: 105.35 MiB / 105.35 MiB  43.87 MiB/s
C:\Users\Kevin\AppData\Local\Temp\cinehome-hls-new-batman-series-s01e01\seg_0060.ts: 106.85 MiB / 106.85 MiB  44.12 MiB/s
C:\Users\Kevin\AppData\Local\Temp\cinehome-hls-new-batman-series-s01e01\seg_0061.ts: 107.70 MiB / 107.70 MiB  44.16 MiB/s
C:\Users\Kevin\AppData\Local\Temp\cinehome-hls-new-batman-series-s01e01\seg_0062.ts: 109.44 MiB / 109.44 MiB  44.74 MiB/s
C:\Users\Kevin\AppData\Local\Temp\cinehome-hls-new-batman-series-s01e01\seg_0063.ts: 110.49 MiB / 110.49 MiB  45.13 MiB/s
C:\Users\Kevin\AppData\Local\Temp\cinehome-hls-new-batman-series-s01e01\seg_0064.ts: 111.44 MiB / 111.44 MiB  45.44 MiB/s
C:\Users\Kevin\AppData\Local\Temp\cinehome-hls-new-batman-series-s01e01\seg_0064.ts: 113.71 MiB / 113.71 MiB  46.37 MiB/s
C:\Users\Kevin\AppData\Local\Temp\cinehome-hls-new-batman-series-s01e01\seg_0066.ts: 115.36 MiB / 115.36 MiB  47.01 MiB/s
C:\Users\Kevin\AppData\Local\Temp\cinehome-hls-new-batman-series-s01e01\seg_0066.ts: 117.96 MiB / 117.96 MiB  48.06 MiB/s
C:\Users\Kevin\AppData\Local\Temp\cinehome-hls-new-batman-series-s01e01\seg_0068.ts: 119.05 MiB / 119.05 MiB  47.62 MiB/s
C:\Users\Kevin\AppData\Local\Temp\cinehome-hls-new-batman-series-s01e01\seg_0068.ts: 119.05 MiB / 119.05 MiB  47.48 MiB/s
C:\Users\Kevin\AppData\Local\Temp\cinehome-hls-new-batman-series-s01e01\seg_0068.ts: 119.05 MiB / 119.05 MiB  47.42 MiB/s
C:\Users\Kevin\AppData\Local\Temp\cinehome-hls-new-batman-series-s01e01\seg_0069.ts: 121.36 MiB / 121.36 MiB  48.05 MiB/s
C:\Users\Kevin\AppData\Local\Temp\cinehome-hls-new-batman-series-s01e01\seg_0070.ts: 121.74 MiB / 121.74 MiB  48.12 MiB/s
C:\Users\Kevin\AppData\Local\Temp\cinehome-hls-new-batman-series-s01e01\seg_0070.ts: 122.71 MiB / 122.71 MiB  48.50 MiB/s
C:\Users\Kevin\AppData\Local\Temp\cinehome-hls-new-batman-series-s01e01\seg_0071.ts: 122.71 MiB / 122.71 MiB  46.62 MiB/s
C:\Users\Kevin\AppData\Local\Temp\cinehome-hls-new-batman-series-s01e01\seg_0071.ts: 122.71 MiB / 122.71 MiB  46.55 MiB/s
C:\Users\Kevin\AppData\Local\Temp\cinehome-hls-new-batman-series-s01e01\seg_0072.ts: 123.99 MiB / 123.99 MiB  46.58 MiB/s
C:\Users\Kevin\AppData\Local\Temp\cinehome-hls-new-batman-series-s01e01\seg_0073.ts: 125.98 MiB / 125.98 MiB  47.11 MiB/s
C:\Users\Kevin\AppData\Local\Temp\cinehome-hls-new-batman-series-s01e01\seg_0074.ts: 127.16 MiB / 127.16 MiB  47.49 MiB/s
C:\Users\Kevin\AppData\Local\Temp\cinehome-hls-new-batman-series-s01e01\seg_0075.ts: 127.92 MiB / 127.92 MiB  47.44 MiB/s
C:\Users\Kevin\AppData\Local\Temp\cinehome-hls-new-batman-series-s01e01\seg_0076.ts: 129.47 MiB / 129.47 MiB  47.94 MiB/s
C:\Users\Kevin\AppData\Local\Temp\cinehome-hls-new-batman-series-s01e01\seg_0076.ts: 129.47 MiB / 129.47 MiB  46.95 MiB/s
C:\Users\Kevin\AppData\Local\Temp\cinehome-hls-new-batman-series-s01e01\seg_0076.ts: 129.47 MiB / 129.47 MiB  46.87 MiB/s
C:\Users\Kevin\AppData\Local\Temp\cinehome-hls-new-batman-series-s01e01\seg_0077.ts: 131.72 MiB / 131.72 MiB  47.53 MiB/s
C:\Users\Kevin\AppData\Local\Temp\cinehome-hls-new-batman-series-s01e01\seg_0078.ts: 132.69 MiB / 132.69 MiB  47.87 MiB/s
C:\Users\Kevin\AppData\Local\Temp\cinehome-hls-new-batman-series-s01e01\seg_0078.ts: 132.96 MiB / 132.96 MiB  47.95 MiB/s
C:\Users\Kevin\AppData\Local\Temp\cinehome-hls-new-batman-series-s01e01\seg_0080.ts: 133.98 MiB / 133.98 MiB  48.32 MiB/s
C:\Users\Kevin\AppData\Local\Temp\cinehome-hls-new-batman-series-s01e01\seg_0081.ts: 135.09 MiB / 135.09 MiB  48.70 MiB/s
C:\Users\Kevin\AppData\Local\Temp\cinehome-hls-new-batman-series-s01e01\seg_0082.ts: 136.36 MiB / 136.36 MiB  49.14 MiB/s
C:\Users\Kevin\AppData\Local\Temp\cinehome-hls-new-batman-series-s01e01\seg_0083.ts: 137.13 MiB / 137.13 MiB  49.38 MiB/s
C:\Users\Kevin\AppData\Local\Temp\cinehome-hls-new-batman-series-s01e01\seg_0084.ts: 137.80 MiB / 137.80 MiB  49.28 MiB/s
C:\Users\Kevin\AppData\Local\Temp\cinehome-hls-new-batman-series-s01e01\seg_0084.ts: 138.26 MiB / 138.26 MiB  49.45 MiB/s
C:\Users\Kevin\AppData\Local\Temp\cinehome-hls-new-batman-series-s01e01\seg_0085.ts: 139.52 MiB / 139.52 MiB  49.80 MiB/s
C:\Users\Kevin\AppData\Local\Temp\cinehome-hls-new-batman-series-s01e01\seg_0085.ts: 139.87 MiB / 139.87 MiB  49.93 MiB/s
C:\Users\Kevin\AppData\Local\Temp\cinehome-hls-new-batman-series-s01e01\seg_0085.ts: 141.03 MiB / 141.03 MiB  50.34 MiB/s
C:\Users\Kevin\AppData\Local\Temp\cinehome-hls-new-batman-series-s01e01\seg_0089.ts: 142.00 MiB / 142.00 MiB  50.49 MiB/s
C:\Users\Kevin\AppData\Local\Temp\cinehome-hls-new-batman-series-s01e01\seg_0090.ts: 142.51 MiB / 142.51 MiB  49.76 MiB/s
C:\Users\Kevin\AppData\Local\Temp\cinehome-hls-new-batman-series-s01e01\seg_0090.ts: 142.51 MiB / 142.51 MiB  49.42 MiB/s
C:\Users\Kevin\AppData\Local\Temp\cinehome-hls-new-batman-series-s01e01\seg_0090.ts: 142.51 MiB / 142.51 MiB  49.33 MiB/s
C:\Users\Kevin\AppData\Local\Temp\cinehome-hls-new-batman-series-s01e01\seg_0090.ts: 144.09 MiB / 144.09 MiB  48.16 MiB/s
C:\Users\Kevin\AppData\Local\Temp\cinehome-hls-new-batman-series-s01e01\seg_0090.ts: 145.95 MiB / 145.95 MiB  48.78 MiB/s
C:\Users\Kevin\AppData\Local\Temp\cinehome-hls-new-batman-series-s01e01\seg_0092.ts: 146.78 MiB / 146.78 MiB  48.88 MiB/s
C:\Users\Kevin\AppData\Local\Temp\cinehome-hls-new-batman-series-s01e01\seg_0093.ts: 146.78 MiB / 146.78 MiB  48.77 MiB/s
C:\Users\Kevin\AppData\Local\Temp\cinehome-hls-new-batman-series-s01e01\seg_0094.ts: 148.40 MiB / 148.40 MiB  49.25 MiB/s
C:\Users\Kevin\AppData\Local\Temp\cinehome-hls-new-batman-series-s01e01\seg_0094.ts: 148.40 MiB / 148.40 MiB  49.23 MiB/s
C:\Users\Kevin\AppData\Local\Temp\cinehome-hls-new-batman-series-s01e01\seg_0095.ts: 149.45 MiB / 149.45 MiB  49.04 MiB/s
C:\Users\Kevin\AppData\Local\Temp\cinehome-hls-new-batman-series-s01e01\seg_0096.ts: 150.33 MiB / 150.33 MiB  48.93 MiB/s
C:\Users\Kevin\AppData\Local\Temp\cinehome-hls-new-batman-series-s01e01\seg_0097.ts: 152.04 MiB / 152.04 MiB  49.18 MiB/s
C:\Users\Kevin\AppData\Local\Temp\cinehome-hls-new-batman-series-s01e01\seg_0098.ts: 152.59 MiB / 152.59 MiB  49.20 MiB/s
C:\Users\Kevin\AppData\Local\Temp\cinehome-hls-new-batman-series-s01e01\seg_0099.ts: 153.03 MiB / 153.03 MiB  49.09 MiB/s
C:\Users\Kevin\AppData\Local\Temp\cinehome-hls-new-batman-series-s01e01\seg_0099.ts: 153.03 MiB / 153.03 MiB  48.82 MiB/s
C:\Users\Kevin\AppData\Local\Temp\cinehome-hls-new-batman-series-s01e01\seg_0099.ts: 153.03 MiB / 153.03 MiB  48.73 MiB/s
C:\Users\Kevin\AppData\Local\Temp\cinehome-hls-new-batman-series-s01e01\seg_0100.ts: 153.32 MiB / 153.32 MiB  48.77 MiB/s
C:\Users\Kevin\AppData\Local\Temp\cinehome-hls-new-batman-series-s01e01\seg_0101.ts: 153.66 MiB / 153.66 MiB  48.78 MiB/s
C:\Users\Kevin\AppData\Local\Temp\cinehome-hls-new-batman-series-s01e01\seg_0102.ts: 155.11 MiB / 155.11 MiB  49.21 MiB/s
C:\Users\Kevin\AppData\Local\Temp\cinehome-hls-new-batman-series-s01e01\seg_0103.ts: 156.37 MiB / 156.37 MiB  48.95 MiB/s
C:\Users\Kevin\AppData\Local\Temp\cinehome-hls-new-batman-series-s01e01\seg_0104.ts: 156.83 MiB / 156.83 MiB  49.00 MiB/s
C:\Users\Kevin\AppData\Local\Temp\cinehome-hls-new-batman-series-s01e01\seg_0104.ts: 157.76 MiB / 157.76 MiB  49.24 MiB/s
C:\Users\Kevin\AppData\Local\Temp\cinehome-hls-new-batman-series-s01e01\seg_0104.ts: 158.43 MiB / 158.43 MiB  49.45 MiB/s
C:\Users\Kevin\AppData\Local\Temp\cinehome-hls-new-batman-series-s01e01\seg_0107.ts: 159.86 MiB / 159.86 MiB  49.54 MiB/s
C:\Users\Kevin\AppData\Local\Temp\cinehome-hls-new-batman-series-s01e01\seg_0108.ts: 160.55 MiB / 160.55 MiB  49.67 MiB/s
C:\Users\Kevin\AppData\Local\Temp\cinehome-hls-new-batman-series-s01e01\seg_0109.ts: 161.69 MiB / 161.69 MiB  49.97 MiB/s
C:\Users\Kevin\AppData\Local\Temp\cinehome-hls-new-batman-series-s01e01\seg_0110.ts: 162.62 MiB / 162.62 MiB  50.25 MiB/s
C:\Users\Kevin\AppData\Local\Temp\cinehome-hls-new-batman-series-s01e01\seg_0111.ts: 163.56 MiB / 163.56 MiB  50.54 MiB/s
C:\Users\Kevin\AppData\Local\Temp\cinehome-hls-new-batman-series-s01e01\seg_0112.ts: 164.02 MiB / 164.02 MiB  50.67 MiB/s
C:\Users\Kevin\AppData\Local\Temp\cinehome-hls-new-batman-series-s01e01\seg_0113.ts: 165.15 MiB / 165.15 MiB  50.76 MiB/s
C:\Users\Kevin\AppData\Local\Temp\cinehome-hls-new-batman-series-s01e01\seg_0113.ts: 165.80 MiB / 165.80 MiB  50.96 MiB/s
C:\Users\Kevin\AppData\Local\Temp\cinehome-hls-new-batman-series-s01e01\seg_0114.ts: 165.80 MiB / 165.80 MiB  50.85 MiB/s
C:\Users\Kevin\AppData\Local\Temp\cinehome-hls-new-batman-series-s01e01\seg_0114.ts: 165.80 MiB / 165.80 MiB  50.78 MiB/s
C:\Users\Kevin\AppData\Local\Temp\cinehome-hls-new-batman-series-s01e01\seg_0115.ts: 166.35 MiB / 166.35 MiB  50.73 MiB/s
C:\Users\Kevin\AppData\Local\Temp\cinehome-hls-new-batman-series-s01e01\seg_0116.ts: 167.63 MiB / 167.63 MiB  50.11 MiB/s
C:\Users\Kevin\AppData\Local\Temp\cinehome-hls-new-batman-series-s01e01\seg_0117.ts: 168.65 MiB / 168.65 MiB  50.34 MiB/s
C:\Users\Kevin\AppData\Local\Temp\cinehome-hls-new-batman-series-s01e01\seg_0118.ts: 169.85 MiB / 169.85 MiB  50.50 MiB/s
C:\Users\Kevin\AppData\Local\Temp\cinehome-hls-new-batman-series-s01e01\seg_0118.ts: 169.85 MiB / 169.85 MiB  50.17 MiB/s
C:\Users\Kevin\AppData\Local\Temp\cinehome-hls-new-batman-series-s01e01\seg_0119.ts: 170.40 MiB / 170.40 MiB  50.30 MiB/s
C:\Users\Kevin\AppData\Local\Temp\cinehome-hls-new-batman-series-s01e01\seg_0119.ts: 170.40 MiB / 170.40 MiB  50.26 MiB/s
C:\Users\Kevin\AppData\Local\Temp\cinehome-hls-new-batman-series-s01e01\seg_0120.ts: 170.95 MiB / 170.95 MiB  50.07 MiB/s
C:\Users\Kevin\AppData\Local\Temp\cinehome-hls-new-batman-series-s01e01\seg_0121.ts: 171.35 MiB / 171.35 MiB  50.04 MiB/s
C:\Users\Kevin\AppData\Local\Temp\cinehome-hls-new-batman-series-s01e01\seg_0122.ts: 172.99 MiB / 172.99 MiB  50.43 MiB/s
C:\Users\Kevin\AppData\Local\Temp\cinehome-hls-new-batman-series-s01e01\seg_0122.ts: 174.65 MiB / 174.65 MiB  50.90 MiB/s
C:\Users\Kevin\AppData\Local\Temp\cinehome-hls-new-batman-series-s01e01\seg_0122.ts: 175.65 MiB / 175.65 MiB  51.19 MiB/s
C:\Users\Kevin\AppData\Local\Temp\cinehome-hls-new-batman-series-s01e01\seg_0125.ts: 176.97 MiB / 176.97 MiB  51.52 MiB/s
C:\Users\Kevin\AppData\Local\Temp\cinehome-hls-new-batman-series-s01e01\seg_0126.ts: 177.58 MiB / 177.58 MiB  51.65 MiB/s
C:\Users\Kevin\AppData\Local\Temp\cinehome-hls-new-batman-series-s01e01\seg_0126.ts: 179.76 MiB / 179.76 MiB  52.29 MiB/s
C:\Users\Kevin\AppData\Local\Temp\cinehome-hls-new-batman-series-s01e01\seg_0128.ts: 180.55 MiB / 180.55 MiB  52.40 MiB/s
C:\Users\Kevin\AppData\Local\Temp\cinehome-hls-new-batman-series-s01e01\seg_0129.ts: 181.06 MiB / 181.06 MiB  52.42 MiB/s
C:\Users\Kevin\AppData\Local\Temp\cinehome-hls-new-batman-series-s01e01\seg_0130.ts: 181.93 MiB / 181.93 MiB  52.62 MiB/s
C:\Users\Kevin\AppData\Local\Temp\cinehome-hls-new-batman-series-s01e01\seg_0131.ts: 182.35 MiB / 182.35 MiB  52.73 MiB/s
C:\Users\Kevin\AppData\Local\Temp\cinehome-hls-new-batman-series-s01e01\seg_0132.ts: 183.29 MiB / 183.29 MiB  52.91 MiB/s
C:\Users\Kevin\AppData\Local\Temp\cinehome-hls-new-batman-series-s01e01\seg_0133.ts: 184.04 MiB / 184.04 MiB  52.98 MiB/s
C:\Users\Kevin\AppData\Local\Temp\cinehome-hls-new-batman-series-s01e01\seg_0134.ts: 185.30 MiB / 185.30 MiB  53.30 MiB/s
C:\Users\Kevin\AppData\Local\Temp\cinehome-hls-new-batman-series-s01e01\seg_0134.ts: 185.30 MiB / 185.30 MiB  52.78 MiB/s
C:\Users\Kevin\AppData\Local\Temp\cinehome-hls-new-batman-series-s01e01\seg_0134.ts: 185.30 MiB / 185.30 MiB  52.71 MiB/s
C:\Users\Kevin\AppData\Local\Temp\cinehome-hls-new-batman-series-s01e01\seg_0135.ts: 185.75 MiB / 185.75 MiB  51.83 MiB/s
C:\Users\Kevin\AppData\Local\Temp\cinehome-hls-new-batman-series-s01e01\seg_0136.ts: 186.51 MiB / 186.51 MiB  51.89 MiB/s
C:\Users\Kevin\AppData\Local\Temp\cinehome-hls-new-batman-series-s01e01\seg_0137.ts: 187.49 MiB / 187.49 MiB  52.04 MiB/s
C:\Users\Kevin\AppData\Local\Temp\cinehome-hls-new-batman-series-s01e01\seg_0138.ts: 188.15 MiB / 188.15 MiB  52.17 MiB/s
C:\Users\Kevin\AppData\Local\Temp\cinehome-hls-new-batman-series-s01e01\seg_0139.ts: 188.75 MiB / 188.75 MiB  52.27 MiB/s
C:\Users\Kevin\AppData\Local\Temp\cinehome-hls-new-batman-series-s01e01\seg_0139.ts: 188.75 MiB / 188.75 MiB  51.90 MiB/s
C:\Users\Kevin\AppData\Local\Temp\cinehome-hls-new-batman-series-s01e01\seg_0139.ts: 188.75 MiB / 188.75 MiB  51.83 MiB/s
C:\Users\Kevin\AppData\Local\Temp\cinehome-hls-new-batman-series-s01e01\seg_0140.ts: 189.88 MiB / 189.88 MiB  52.08 MiB/s
C:\Users\Kevin\AppData\Local\Temp\cinehome-hls-new-batman-series-s01e01\seg_0141.ts: 190.35 MiB / 190.35 MiB  51.99 MiB/s
C:\Users\Kevin\AppData\Local\Temp\cinehome-hls-new-batman-series-s01e01\seg_0142.ts: 191.13 MiB / 191.13 MiB  52.18 MiB/s
C:\Users\Kevin\AppData\Local\Temp\cinehome-hls-new-batman-series-s01e01\seg_0143.ts: 193.51 MiB / 193.51 MiB  52.75 MiB/s
C:\Users\Kevin\AppData\Local\Temp\cinehome-hls-new-batman-series-s01e01\seg_0144.ts: 195.42 MiB / 195.42 MiB  53.25 MiB/s
C:\Users\Kevin\AppData\Local\Temp\cinehome-hls-new-batman-series-s01e01\seg_0145.ts: 196.52 MiB / 196.52 MiB  53.50 MiB/s
C:\Users\Kevin\AppData\Local\Temp\cinehome-hls-new-batman-series-s01e01\seg_0146.ts: 197.47 MiB / 197.47 MiB  53.26 MiB/s
C:\Users\Kevin\AppData\Local\Temp\cinehome-hls-new-batman-series-s01e01\seg_0147.ts: 198.09 MiB / 198.09 MiB  53.41 MiB/s
C:\Users\Kevin\AppData\Local\Temp\cinehome-hls-new-batman-series-s01e01\seg_0148.ts: 198.99 MiB / 198.99 MiB  53.56 MiB/s
C:\Users\Kevin\AppData\Local\Temp\cinehome-hls-new-batman-series-s01e01\seg_0148.ts: 199.89 MiB / 199.89 MiB  53.79 MiB/s
C:\Users\Kevin\AppData\Local\Temp\cinehome-hls-new-batman-series-s01e01\seg_0148.ts: 201.28 MiB / 201.28 MiB  54.17 MiB/s
C:\Users\Kevin\AppData\Local\Temp\cinehome-hls-new-batman-series-s01e01\seg_0150.ts: 201.99 MiB / 201.99 MiB  54.36 MiB/s
C:\Users\Kevin\AppData\Local\Temp\cinehome-hls-new-batman-series-s01e01\seg_0152.ts: 202.88 MiB / 202.88 MiB  54.56 MiB/s
C:\Users\Kevin\AppData\Local\Temp\cinehome-hls-new-batman-series-s01e01\seg_0153.ts: 203.88 MiB / 203.88 MiB  54.27 MiB/s
C:\Users\Kevin\AppData\Local\Temp\cinehome-hls-new-batman-series-s01e01\seg_0153.ts: 203.88 MiB / 203.88 MiB  54.19 MiB/s
C:\Users\Kevin\AppData\Local\Temp\cinehome-hls-new-batman-series-s01e01\seg_0154.ts: 204.52 MiB / 204.52 MiB  54.32 MiB/s
C:\Users\Kevin\AppData\Local\Temp\cinehome-hls-new-batman-series-s01e01\seg_0154.ts: 204.52 MiB / 204.52 MiB  54.29 MiB/s
C:\Users\Kevin\AppData\Local\Temp\cinehome-hls-new-batman-series-s01e01\seg_0155.ts: 205.34 MiB / 205.34 MiB  53.57 MiB/s
C:\Users\Kevin\AppData\Local\Temp\cinehome-hls-new-batman-series-s01e01\seg_0156.ts: 207.12 MiB / 207.12 MiB  53.88 MiB/s
C:\Users\Kevin\AppData\Local\Temp\cinehome-hls-new-batman-series-s01e01\seg_0157.ts: 208.01 MiB / 208.01 MiB  53.99 MiB/s
C:\Users\Kevin\AppData\Local\Temp\cinehome-hls-new-batman-series-s01e01\seg_0157.ts: 208.01 MiB / 208.01 MiB  53.51 MiB/s
C:\Users\Kevin\AppData\Local\Temp\cinehome-hls-new-batman-series-s01e01\seg_0157.ts: 208.01 MiB / 208.01 MiB  53.44 MiB/s
C:\Users\Kevin\AppData\Local\Temp\cinehome-hls-new-batman-series-s01e01\seg_0158.ts: 209.30 MiB / 209.30 MiB  53.66 MiB/s
C:\Users\Kevin\AppData\Local\Temp\cinehome-hls-new-batman-series-s01e01\seg_0159.ts: 210.13 MiB / 210.13 MiB  53.79 MiB/s
C:\Users\Kevin\AppData\Local\Temp\cinehome-hls-new-batman-series-s01e01\seg_0159.ts: 211.34 MiB / 211.34 MiB  54.09 MiB/s
C:\Users\Kevin\AppData\Local\Temp\cinehome-hls-new-batman-series-s01e01\seg_0161.ts: 212.31 MiB / 212.31 MiB  54.33 MiB/s
C:\Users\Kevin\AppData\Local\Temp\cinehome-hls-new-batman-series-s01e01\seg_0162.ts: 212.64 MiB / 212.64 MiB  54.40 MiB/s
C:\Users\Kevin\AppData\Local\Temp\cinehome-hls-new-batman-series-s01e01\seg_0162.ts: 214.41 MiB / 214.41 MiB  54.84 MiB/s
C:\Users\Kevin\AppData\Local\Temp\cinehome-hls-new-batman-series-s01e01\seg_0162.ts: 216.06 MiB / 216.06 MiB  55.27 MiB/s
C:\Users\Kevin\AppData\Local\Temp\cinehome-hls-new-batman-series-s01e01\seg_0165.ts: 217.82 MiB / 217.82 MiB  55.69 MiB/s
C:\Users\Kevin\AppData\Local\Temp\cinehome-hls-new-batman-series-s01e01\seg_0166.ts: 220.23 MiB / 220.23 MiB  56.11 MiB/s
C:\Users\Kevin\AppData\Local\Temp\cinehome-hls-new-batman-series-s01e01\seg_0167.ts: 222.18 MiB / 222.18 MiB  56.53 MiB/s
C:\Users\Kevin\AppData\Local\Temp\cinehome-hls-new-batman-series-s01e01\seg_0167.ts: 225.49 MiB / 225.49 MiB  57.37 MiB/s
C:\Users\Kevin\AppData\Local\Temp\cinehome-hls-new-batman-series-s01e01\seg_0167.ts: 230.05 MiB / 230.05 MiB  58.52 MiB/s
C:\Users\Kevin\AppData\Local\Temp\cinehome-hls-new-batman-series-s01e01\seg_0170.ts: 230.95 MiB / 230.95 MiB  58.10 MiB/s
C:\Users\Kevin\AppData\Local\Temp\cinehome-hls-new-batman-series-s01e01\seg_0171.ts: 234.70 MiB / 234.70 MiB  58.69 MiB/s
C:\Users\Kevin\AppData\Local\Temp\cinehome-hls-new-batman-series-s01e01\seg_0171.ts: 237.92 MiB / 237.92 MiB  59.49 MiB/s
C:\Users\Kevin\AppData\Local\Temp\cinehome-hls-new-batman-series-s01e01\seg_0173.ts: 240.15 MiB / 240.15 MiB  60.04 MiB/s
C:\Users\Kevin\AppData\Local\Temp\cinehome-hls-new-batman-series-s01e01\seg_0173.ts: 241.18 MiB / 241.18 MiB  60.29 MiB/s
C:\Users\Kevin\AppData\Local\Temp\cinehome-hls-new-batman-series-s01e01\seg_0174.ts: 242.62 MiB / 242.62 MiB  60.64 MiB/s
C:\Users\Kevin\AppData\Local\Temp\cinehome-hls-new-batman-series-s01e01\seg_0174.ts: 244.11 MiB / 244.11 MiB  61.01 MiB/s
C:\Users\Kevin\AppData\Local\Temp\cinehome-hls-new-batman-series-s01e01\seg_0176.ts: 245.70 MiB / 245.70 MiB  61.40 MiB/s
C:\Users\Kevin\AppData\Local\Temp\cinehome-hls-new-batman-series-s01e01\seg_0177.ts: 247.10 MiB / 247.10 MiB  61.75 MiB/s
C:\Users\Kevin\AppData\Local\Temp\cinehome-hls-new-batman-series-s01e01\seg_0177.ts: 248.23 MiB / 248.23 MiB  62.02 MiB/s
C:\Users\Kevin\AppData\Local\Temp\cinehome-hls-new-batman-series-s01e01\seg_0179.ts: 249.67 MiB / 249.67 MiB  62.38 MiB/s
C:\Users\Kevin\AppData\Local\Temp\cinehome-hls-new-batman-series-s01e01\seg_0180.ts: 251.14 MiB / 251.14 MiB  62.73 MiB/s
C:\Users\Kevin\AppData\Local\Temp\cinehome-hls-new-batman-series-s01e01\seg_0180.ts: 252.51 MiB / 252.51 MiB  63.08 MiB/s
C:\Users\Kevin\AppData\Local\Temp\cinehome-hls-new-batman-series-s01e01\seg_0182.ts: 252.51 MiB / 252.51 MiB  62.93 MiB/s
C:\Users\Kevin\AppData\Local\Temp\cinehome-hls-new-batman-series-s01e01\seg_0182.ts: 252.51 MiB / 252.51 MiB  62.85 MiB/s
C:\Users\Kevin\AppData\Local\Temp\cinehome-hls-new-batman-series-s01e01\seg_0183.ts: 254.08 MiB / 254.08 MiB  62.97 MiB/s
C:\Users\Kevin\AppData\Local\Temp\cinehome-hls-new-batman-series-s01e01\seg_0184.ts: 255.06 MiB / 255.06 MiB  63.17 MiB/s
C:\Users\Kevin\AppData\Local\Temp\cinehome-hls-new-batman-series-s01e01\seg_0185.ts: 256.57 MiB / 256.57 MiB  63.53 MiB/s
C:\Users\Kevin\AppData\Local\Temp\cinehome-hls-new-batman-series-s01e01\seg_0185.ts: 257.22 MiB / 257.22 MiB  63.68 MiB/s
C:\Users\Kevin\AppData\Local\Temp\cinehome-hls-new-batman-series-s01e01\seg_0185.ts: 257.51 MiB / 257.51 MiB  63.76 MiB/s
C:\Users\Kevin\AppData\Local\Temp\cinehome-hls-new-batman-series-s01e01\seg_0188.ts: 257.95 MiB / 257.95 MiB  63.66 MiB/s
C:\Users\Kevin\AppData\Local\Temp\cinehome-hls-new-batman-series-s01e01\seg_0189.ts: 259.95 MiB / 259.95 MiB  64.01 MiB/s
C:\Users\Kevin\AppData\Local\Temp\cinehome-hls-new-batman-series-s01e01\seg_0190.ts: 260.77 MiB / 260.77 MiB  63.58 MiB/s
C:\Users\Kevin\AppData\Local\Temp\cinehome-hls-new-batman-series-s01e01\seg_0191.ts: 262.52 MiB / 262.52 MiB  63.76 MiB/s
C:\Users\Kevin\AppData\Local\Temp\cinehome-hls-new-batman-series-s01e01\seg_0192.ts: 263.61 MiB / 263.61 MiB  64.01 MiB/s
C:\Users\Kevin\AppData\Local\Temp\cinehome-hls-new-batman-series-s01e01\seg_0192.ts: 263.61 MiB / 263.61 MiB  63.71 MiB/s
C:\Users\Kevin\AppData\Local\Temp\cinehome-hls-new-batman-series-s01e01\seg_0192.ts: 263.61 MiB / 263.61 MiB  63.62 MiB/s
C:\Users\Kevin\AppData\Local\Temp\cinehome-hls-new-batman-series-s01e01\seg_0193.ts: 264.79 MiB / 264.79 MiB  63.63 MiB/s
C:\Users\Kevin\AppData\Local\Temp\cinehome-hls-new-batman-series-s01e01\seg_0194.ts: 266.37 MiB / 266.37 MiB  63.61 MiB/s
C:\Users\Kevin\AppData\Local\Temp\cinehome-hls-new-batman-series-s01e01\seg_0195.ts: 268.32 MiB / 268.32 MiB  63.37 MiB/s
C:\Users\Kevin\AppData\Local\Temp\cinehome-hls-new-batman-series-s01e01\seg_0196.ts: 269.88 MiB / 269.88 MiB  63.63 MiB/s
C:\Users\Kevin\AppData\Local\Temp\cinehome-hls-new-batman-series-s01e01\seg_0196.ts: 269.88 MiB / 269.88 MiB  63.31 MiB/s
C:\Users\Kevin\AppData\Local\Temp\cinehome-hls-new-batman-series-s01e01\seg_0196.ts: 269.88 MiB / 269.88 MiB  63.22 MiB/s
C:\Users\Kevin\AppData\Local\Temp\cinehome-hls-new-batman-series-s01e01\seg_0196.ts: 269.88 MiB / 269.88 MiB  61.50 MiB/s
C:\Users\Kevin\AppData\Local\Temp\cinehome-hls-new-batman-series-s01e01\seg_0196.ts: 269.88 MiB / 269.88 MiB  61.42 MiB/s
C:\Users\Kevin\AppData\Local\Temp\cinehome-hls-new-batman-series-s01e01\seg_0197.ts: 271.85 MiB / 271.85 MiB  61.12 MiB/s
C:\Users\Kevin\AppData\Local\Temp\cinehome-hls-new-batman-series-s01e01\seg_0197.ts: 271.85 MiB / 271.85 MiB  60.22 MiB/s
C:\Users\Kevin\AppData\Local\Temp\cinehome-hls-new-batman-series-s01e01\seg_0197.ts: 271.85 MiB / 271.85 MiB  60.14 MiB/s
C:\Users\Kevin\AppData\Local\Temp\cinehome-hls-new-batman-series-s01e01\seg_0197.ts: 271.85 MiB / 271.85 MiB  58.59 MiB/s
C:\Users\Kevin\AppData\Local\Temp\cinehome-hls-new-batman-series-s01e01\seg_0197.ts: 271.85 MiB / 271.85 MiB  58.52 MiB/s
C:\Users\Kevin\AppData\Local\Temp\cinehome-hls-new-batman-series-s01e01\seg_0198.ts: 272.87 MiB / 272.87 MiB  58.63 MiB/s
C:\Users\Kevin\AppData\Local\Temp\cinehome-hls-new-batman-series-s01e01\seg_0199.ts: 274.31 MiB / 274.31 MiB  58.58 MiB/s
C:\Users\Kevin\AppData\Local\Temp\cinehome-hls-new-batman-series-s01e01\seg_0200.ts: 275.12 MiB / 275.12 MiB  58.68 MiB/s
C:\Users\Kevin\AppData\Local\Temp\cinehome-hls-new-batman-series-s01e01\seg_0200.ts: 277.14 MiB / 277.14 MiB  59.11 MiB/s
C:\Users\Kevin\AppData\Local\Temp\cinehome-hls-new-batman-series-s01e01\seg_0202.ts: 277.68 MiB / 277.68 MiB  59.10 MiB/s
C:\Users\Kevin\AppData\Local\Temp\cinehome-hls-new-batman-series-s01e01\seg_0203.ts: 280.08 MiB / 280.08 MiB  59.40 MiB/s
C:\Users\Kevin\AppData\Local\Temp\cinehome-hls-new-batman-series-s01e01\seg_0204.ts: 282.60 MiB / 282.60 MiB  59.80 MiB/s
C:\Users\Kevin\AppData\Local\Temp\cinehome-hls-new-batman-series-s01e01\seg_0205.ts: 283.85 MiB / 283.85 MiB  59.90 MiB/s
C:\Users\Kevin\AppData\Local\Temp\cinehome-hls-new-batman-series-s01e01\seg_0206.ts: 286.13 MiB / 286.13 MiB  60.25 MiB/s
C:\Users\Kevin\AppData\Local\Temp\cinehome-hls-new-batman-series-s01e01\seg_0207.ts: 288.94 MiB / 288.94 MiB  60.84 MiB/s
C:\Users\Kevin\AppData\Local\Temp\cinehome-hls-new-batman-series-s01e01\seg_0208.ts: 290.04 MiB / 290.04 MiB  61.01 MiB/s
C:\Users\Kevin\AppData\Local\Temp\cinehome-hls-new-batman-series-s01e01\seg_0209.ts: 291.57 MiB / 291.57 MiB  61.31 MiB/s
C:\Users\Kevin\AppData\Local\Temp\cinehome-hls-new-batman-series-s01e01\seg_0210.ts: 295.05 MiB / 295.05 MiB  62.01 MiB/s
C:\Users\Kevin\AppData\Local\Temp\cinehome-hls-new-batman-series-s01e01\seg_0210.ts: 297.14 MiB / 297.14 MiB  62.45 MiB/s
C:\Users\Kevin\AppData\Local\Temp\cinehome-hls-new-batman-series-s01e01\seg_0210.ts: 298.05 MiB / 298.05 MiB  62.64 MiB/s
C:\Users\Kevin\AppData\Local\Temp\cinehome-hls-new-batman-series-s01e01\seg_0210.ts: 299.36 MiB / 299.36 MiB  62.91 MiB/s
C:\Users\Kevin\AppData\Local\Temp\cinehome-hls-new-batman-series-s01e01\seg_0212.ts: 302.41 MiB / 302.41 MiB  63.55 MiB/s
C:\Users\Kevin\AppData\Local\Temp\cinehome-hls-new-batman-series-s01e01\seg_0213.ts: 304.27 MiB / 304.27 MiB  63.93 MiB/s
C:\Users\Kevin\AppData\Local\Temp\cinehome-hls-new-batman-series-s01e01\seg_0215.ts: 308.90 MiB / 308.90 MiB  64.90 MiB/s
C:\Users\Kevin\AppData\Local\Temp\cinehome-hls-new-batman-series-s01e01\seg_0216.ts: 309.88 MiB / 309.88 MiB  65.10 MiB/s
C:\Users\Kevin\AppData\Local\Temp\cinehome-hls-new-batman-series-s01e01\seg_0217.ts: 313.03 MiB / 313.03 MiB  65.76 MiB/s
C:\Users\Kevin\AppData\Local\Temp\cinehome-hls-new-batman-series-s01e01\seg_0218.ts: 315.08 MiB / 315.08 MiB  66.18 MiB/s
C:\Users\Kevin\AppData\Local\Temp\cinehome-hls-new-batman-series-s01e01\seg_0219.ts: 317.42 MiB / 317.42 MiB  66.66 MiB/s
C:\Users\Kevin\AppData\Local\Temp\cinehome-hls-new-batman-series-s01e01\seg_0221.ts: 318.95 MiB / 318.95 MiB  66.97 MiB/s
C:\Users\Kevin\AppData\Local\Temp\cinehome-hls-new-batman-series-s01e01\seg_0221.ts: 318.95 MiB / 318.95 MiB  66.92 MiB/s
C:\Users\Kevin\AppData\Local\Temp\cinehome-hls-new-batman-series-s01e01\seg_0221.ts: 318.95 MiB / 318.95 MiB  66.84 MiB/s
C:\Users\Kevin\AppData\Local\Temp\cinehome-hls-new-batman-series-s01e01\seg_0222.ts: 320.95 MiB / 320.95 MiB  66.88 MiB/s
C:\Users\Kevin\AppData\Local\Temp\cinehome-hls-new-batman-series-s01e01\seg_0223.ts: 322.40 MiB / 322.40 MiB  66.62 MiB/s
C:\Users\Kevin\AppData\Local\Temp\cinehome-hls-new-batman-series-s01e01\seg_0223.ts: 322.40 MiB / 322.40 MiB  65.92 MiB/s
C:\Users\Kevin\AppData\Local\Temp\cinehome-hls-new-batman-series-s01e01\seg_0223.ts: 322.40 MiB / 322.40 MiB  65.83 MiB/s
C:\Users\Kevin\AppData\Local\Temp\cinehome-hls-new-batman-series-s01e01\seg_0224.ts: 323.01 MiB / 323.01 MiB  65.27 MiB/s
C:\Users\Kevin\AppData\Local\Temp\cinehome-hls-new-batman-series-s01e01\seg_0225.ts: 323.64 MiB / 323.64 MiB  65.36 MiB/s
C:\Users\Kevin\AppData\Local\Temp\cinehome-hls-new-batman-series-s01e01\seg_0226.ts: 324.56 MiB / 324.56 MiB  65.53 MiB/s
C:\Users\Kevin\AppData\Local\Temp\cinehome-hls-new-batman-series-s01e01\seg_0226.ts: 324.88 MiB / 324.88 MiB  65.52 MiB/s
C:\Users\Kevin\AppData\Local\Temp\cinehome-hls-new-batman-series-s01e01\seg_0226.ts: 325.99 MiB / 325.99 MiB  65.74 MiB/s
C:\Users\Kevin\AppData\Local\Temp\cinehome-hls-new-batman-series-s01e01\seg_0228.ts: 325.99 MiB / 325.99 MiB  64.99 MiB/s
C:\Users\Kevin\AppData\Local\Temp\cinehome-hls-new-batman-series-s01e01\seg_0228.ts: 325.99 MiB / 325.99 MiB  64.88 MiB/s
C:\Users\Kevin\AppData\Local\Temp\cinehome-hls-new-batman-series-s01e01\seg_0228.ts: 325.99 MiB / 325.99 MiB  63.40 MiB/s
C:\Users\Kevin\AppData\Local\Temp\cinehome-hls-new-batman-series-s01e01\seg_0228.ts: 325.99 MiB / 325.99 MiB  63.29 MiB/s
C:\Users\Kevin\AppData\Local\Temp\cinehome-hls-new-batman-series-s01e01\seg_0228.ts: 325.99 MiB / 325.99 MiB  61.89 MiB/s
C:\Users\Kevin\AppData\Local\Temp\cinehome-hls-new-batman-series-s01e01\seg_0228.ts: 325.99 MiB / 325.99 MiB  61.79 MiB/s
C:\Users\Kevin\AppData\Local\Temp\cinehome-hls-new-batman-series-s01e01\seg_0229.ts: 326.09 MiB / 326.09 MiB  61.21 MiB/s
C:\Users\Kevin\AppData\Local\Temp\cinehome-hls-new-batman-series-s01e01\seg_0230.ts: 330.99 MiB / 330.99 MiB  61.70 MiB/s
C:\Users\Kevin\AppData\Local\Temp\cinehome-hls-new-batman-series-s01e01\seg_0230.ts: 330.99 MiB / 330.99 MiB  61.38 MiB/s
C:\Users\Kevin\AppData\Local\Temp\cinehome-hls-new-batman-series-s01e01\seg_0230.ts: 330.99 MiB / 330.99 MiB  61.28 MiB/s
C:\Users\Kevin\AppData\Local\Temp\cinehome-hls-new-batman-series-s01e01\seg_0231.ts: 337.66 MiB / 337.66 MiB  62.49 MiB/s
C:\Users\Kevin\AppData\Local\Temp\cinehome-hls-new-batman-series-s01e01\seg_0232.ts: 348.10 MiB / 348.10 MiB  63.96 MiB/s
C:\Users\Kevin\AppData\Local\Temp\cinehome-hls-new-batman-series-s01e01\seg_0233.ts: 355.80 MiB / 355.80 MiB  65.25 MiB/s
C:\Users\Kevin\AppData\Local\Temp\cinehome-hls-new-batman-series-s01e01\seg_0233.ts: 366.90 MiB / 366.90 MiB  67.29 MiB/s
C:\Users\Kevin\AppData\Local\Temp\cinehome-hls-new-batman-series-s01e01\seg_0235.ts: 369.05 MiB / 369.05 MiB  67.48 MiB/s
C:\Users\Kevin\AppData\Local\Temp\cinehome-hls-new-batman-series-s01e01\seg_0236.ts: 370.43 MiB / 370.43 MiB  67.67 MiB/s
C:\Users\Kevin\AppData\Local\Temp\cinehome-hls-new-batman-series-s01e01\seg_0237.ts: 370.72 MiB / 370.72 MiB  67.55 MiB/s
C:\Users\Kevin\AppData\Local\Temp\cinehome-hls-new-batman-series-s01e01\seg_0238.ts: 372.00 MiB / 372.00 MiB  67.65 MiB/s
C:\Users\Kevin\AppData\Local\Temp\cinehome-hls-new-batman-series-s01e01\seg_0239.ts: 372.07 MiB / 372.07 MiB  67.61 MiB/s
C:\Users\Kevin\AppData\Local\Temp\cinehome-hls-new-batman-series-s01e01\seg_0240.ts: 372.27 MiB / 372.27 MiB  67.48 MiB/s
C:\Users\Kevin\AppData\Local\Temp\cinehome-hls-new-batman-series-s01e01\seg_0240.ts: 372.27 MiB / 372.27 MiB  67.46 MiB/s
C:\Users\Kevin\AppData\Local\Temp\cinehome-hls-new-batman-series-s01e01\seg_0241.ts: 372.48 MiB / 372.48 MiB  67.49 MiB/s
C:\Users\Kevin\AppData\Local\Temp\cinehome-hls-new-batman-series-s01e01\seg_0242.ts: 372.66 MiB / 372.66 MiB  67.47 MiB/s
C:\Users\Kevin\AppData\Local\Temp\cinehome-hls-new-batman-series-s01e01\seg_0242.ts: 372.66 MiB / 372.66 MiB  67.43 MiB/s
C:\Users\Kevin\AppData\Local\Temp\cinehome-hls-new-batman-series-s01e01\seg_0243.ts: 372.93 MiB / 372.93 MiB  67.43 MiB/s
C:\Users\Kevin\AppData\Local\Temp\cinehome-hls-new-batman-series-s01e01\seg_0244.ts: 373.07 MiB / 373.07 MiB  67.37 MiB/s
C:\Users\Kevin\AppData\Local\Temp\cinehome-hls-new-batman-series-s01e01\seg_0245.ts: 373.29 MiB / 373.29 MiB  67.25 MiB/s
C:\Users\Kevin\AppData\Local\Temp\cinehome-hls-new-batman-series-s01e01\seg_0246.ts: 373.53 MiB / 373.53 MiB  67.13 MiB/s
C:\Users\Kevin\AppData\Local\Temp\cinehome-hls-new-batman-series-s01e01\seg_0247.ts: 373.69 MiB / 373.69 MiB  67.09 MiB/s
C:\Users\Kevin\AppData\Local\Temp\cinehome-hls-new-batman-series-s01e01\seg_0248.ts: 373.96 MiB / 373.96 MiB  67.13 MiB/s
C:\Users\Kevin\AppData\Local\Temp\cinehome-hls-new-batman-series-s01e01\seg_0249.ts: 374.11 MiB / 374.11 MiB  66.99 MiB/s
C:\Users\Kevin\AppData\Local\Temp\cinehome-hls-new-batman-series-s01e01\seg_0250.ts: 374.27 MiB / 374.27 MiB  67.01 MiB/s
C:\Users\Kevin\AppData\Local\Temp\cinehome-hls-new-batman-series-s01e01\seg_0251.ts: 374.44 MiB / 374.44 MiB  66.74 MiB/s
C:\Users\Kevin\AppData\Local\Temp\cinehome-hls-new-batman-series-s01e01\seg_0252.ts: 374.52 MiB / 374.52 MiB  66.72 MiB/s
C:\Users\Kevin\AppData\Local\Temp\cinehome-hls-new-batman-series-s01e01\seg_0253.ts: 374.52 MiB / 374.52 MiB  66.35 MiB/s
C:\Users\Kevin\AppData\Local\Temp\cinehome-hls-new-batman-series-s01e01\seg_0253.ts: 374.52 MiB / 374.52 MiB  66.27 MiB/s
C:\Users\Kevin\AppData\Local\Temp\cinehome-hls-new-batman-series-s01e01\seg_0253.ts: 374.52 MiB / 374.52 MiB  64.91 MiB/s
C:\Users\Kevin\AppData\Local\Temp\cinehome-hls-new-batman-series-s01e01\seg_0253.ts: 374.52 MiB / 374.52 MiB  64.82 MiB/s
C:\Users\Kevin\AppData\Local\Temp\cinehome-hls-new-batman-series-s01e01\seg_0253.ts: 374.52 MiB / 374.52 MiB  63.52 MiB/s
C:\Users\Kevin\AppData\Local\Temp\cinehome-hls-new-batman-series-s01e01\seg_0253.ts: 374.52 MiB / 374.52 MiB  63.44 MiB/s
C:\Users\Kevin\AppData\Local\Temp\cinehome-hls-new-batman-series-s01e01\seg_0253.ts: 374.52 MiB / 374.52 MiB  62.20 MiB/s
C:\Users\Kevin\AppData\Local\Temp\cinehome-hls-new-batman-series-s01e01\seg_0253.ts: 374.52 MiB / 374.52 MiB  62.11 MiB/s
C:\Users\Kevin\AppData\Local\Temp\cinehome-hls-new-batman-series-s01e01\seg_0253.ts: 374.52 MiB / 374.52 MiB  61.38 MiB/s 6s

 0 B / ? 
 0 B / ? 
 7.69 KiB / 7.69 KiB  291.52 KiB/s
 7.74 KiB / 7.74 KiB  293.52 KiB/s
C:\Users\Kevin\AppData\Local\Temp\cinehome-hls-new-batman-series-s01e02\master.m3u8: 7.82 KiB / 7.82 KiB  296.37 KiB/s
C:\Users\Kevin\AppData\Local\Temp\cinehome-hls-new-batman-series-s01e02\master.m3u8: 7.96 KiB / 7.96 KiB  295.79 KiB/s
C:\Users\Kevin\AppData\Local\Temp\cinehome-hls-new-batman-series-s01e02\master1.vtt: 8.00 KiB / 8.00 KiB  291.65 KiB/s
C:\Users\Kevin\AppData\Local\Temp\cinehome-hls-new-batman-series-s01e02\master10.vtt: 8.06 KiB / 8.06 KiB  288.17 KiB/s
C:\Users\Kevin\AppData\Local\Temp\cinehome-hls-new-batman-series-s01e02\master10.vtt: 8.06 KiB / 8.06 KiB  184.49 KiB/s
C:\Users\Kevin\AppData\Local\Temp\cinehome-hls-new-batman-series-s01e02\master102.vtt: 8.19 KiB / 8.19 KiB  185.20 KiB/s
C:\Users\Kevin\AppData\Local\Temp\cinehome-hls-new-batman-series-s01e02\master101.vtt: 8.34 KiB / 8.34 KiB  188.55 KiB/s
C:\Users\Kevin\AppData\Local\Temp\cinehome-hls-new-batman-series-s01e02\master103.vtt: 8.35 KiB / 8.35 KiB  186.50 KiB/s
C:\Users\Kevin\AppData\Local\Temp\cinehome-hls-new-batman-series-s01e02\master104.vtt: 8.49 KiB / 8.49 KiB  187.21 KiB/s
C:\Users\Kevin\AppData\Local\Temp\cinehome-hls-new-batman-series-s01e02\master105.vtt: 8.69 KiB / 8.69 KiB  189.31 KiB/s
C:\Users\Kevin\AppData\Local\Temp\cinehome-hls-new-batman-series-s01e02\master106.vtt: 8.83 KiB / 8.83 KiB  190.09 KiB/s
C:\Users\Kevin\AppData\Local\Temp\cinehome-hls-new-batman-series-s01e02\master108.vtt: 8.95 KiB / 8.95 KiB  152.59 KiB/s
C:\Users\Kevin\AppData\Local\Temp\cinehome-hls-new-batman-series-s01e02\master109.vtt: 9.05 KiB / 9.05 KiB  136.49 KiB/s
C:\Users\Kevin\AppData\Local\Temp\cinehome-hls-new-batman-series-s01e02\master11.vtt: 9.17 KiB / 9.17 KiB  138.31 KiB/s
C:\Users\Kevin\AppData\Local\Temp\cinehome-hls-new-batman-series-s01e02\master110.vtt: 9.33 KiB / 9.33 KiB  134.82 KiB/s
C:\Users\Kevin\AppData\Local\Temp\cinehome-hls-new-batman-series-s01e02\master111.vtt: 9.51 KiB / 9.51 KiB  128.06 KiB/s
C:\Users\Kevin\AppData\Local\Temp\cinehome-hls-new-batman-series-s01e02\master112.vtt: 9.62 KiB / 9.62 KiB  123.36 KiB/s
C:\Users\Kevin\AppData\Local\Temp\cinehome-hls-new-batman-series-s01e02\master113.vtt: 9.69 KiB / 9.69 KiB  122.00 KiB/s
C:\Users\Kevin\AppData\Local\Temp\cinehome-hls-new-batman-series-s01e02\master114.vtt: 9.96 KiB / 9.96 KiB  117.92 KiB/s
C:\Users\Kevin\AppData\Local\Temp\cinehome-hls-new-batman-series-s01e02\master115.vtt: 10.06 KiB / 10.06 KiB  112.69 KiB/s
C:\Users\Kevin\AppData\Local\Temp\cinehome-hls-new-batman-series-s01e02\master116.vtt: 10.12 KiB / 10.12 KiB  90.89 KiB/s
C:\Users\Kevin\AppData\Local\Temp\cinehome-hls-new-batman-series-s01e02\master116.vtt: 10.35 KiB / 10.35 KiB  92.93 KiB/s
C:\Users\Kevin\AppData\Local\Temp\cinehome-hls-new-batman-series-s01e02\master118.vtt: 10.42 KiB / 10.42 KiB  85.94 KiB/s
C:\Users\Kevin\AppData\Local\Temp\cinehome-hls-new-batman-series-s01e02\master118.vtt: 10.42 KiB / 10.42 KiB  83.17 KiB/s
C:\Users\Kevin\AppData\Local\Temp\cinehome-hls-new-batman-series-s01e02\master118.vtt: 10.42 KiB / 10.42 KiB  83.17 KiB/s
C:\Users\Kevin\AppData\Local\Temp\cinehome-hls-new-batman-series-s01e02\master119.vtt: 10.50 KiB / 10.50 KiB  78.41 KiB/s
C:\Users\Kevin\AppData\Local\Temp\cinehome-hls-new-batman-series-s01e02\master12.vtt: 10.59 KiB / 10.59 KiB  76.08 KiB/s
C:\Users\Kevin\AppData\Local\Temp\cinehome-hls-new-batman-series-s01e02\master120.vtt: 10.75 KiB / 10.75 KiB  75.27 KiB/s
C:\Users\Kevin\AppData\Local\Temp\cinehome-hls-new-batman-series-s01e02\master121.vtt: 10.95 KiB / 10.95 KiB  76.66 KiB/s
C:\Users\Kevin\AppData\Local\Temp\cinehome-hls-new-batman-series-s01e02\master122.vtt: 11.16 KiB / 11.16 KiB  77.87 KiB/s
C:\Users\Kevin\AppData\Local\Temp\cinehome-hls-new-batman-series-s01e02\master123.vtt: 11.39 KiB / 11.39 KiB  78.68 KiB/s
C:\Users\Kevin\AppData\Local\Temp\cinehome-hls-new-batman-series-s01e02\master123.vtt: 11.56 KiB / 11.56 KiB  79.86 KiB/s
C:\Users\Kevin\AppData\Local\Temp\cinehome-hls-new-batman-series-s01e02\master125.vtt: 11.63 KiB / 11.63 KiB  80.04 KiB/s
C:\Users\Kevin\AppData\Local\Temp\cinehome-hls-new-batman-series-s01e02\master125.vtt: 11.64 KiB / 11.64 KiB  80.08 KiB/s
C:\Users\Kevin\AppData\Local\Temp\cinehome-hls-new-batman-series-s01e02\master125.vtt: 11.77 KiB / 11.77 KiB  80.72 KiB/s
C:\Users\Kevin\AppData\Local\Temp\cinehome-hls-new-batman-series-s01e02\master128.vtt: 11.90 KiB / 11.90 KiB  77.85 KiB/s
C:\Users\Kevin\AppData\Local\Temp\cinehome-hls-new-batman-series-s01e02\master129.vtt: 12.14 KiB / 12.14 KiB  77.09 KiB/s
C:\Users\Kevin\AppData\Local\Temp\cinehome-hls-new-batman-series-s01e02\master13.vtt: 12.14 KiB / 12.14 KiB  70.62 KiB/s
C:\Users\Kevin\AppData\Local\Temp\cinehome-hls-new-batman-series-s01e02\master130.vtt: 12.20 KiB / 12.20 KiB  67.97 KiB/s
C:\Users\Kevin\AppData\Local\Temp\cinehome-hls-new-batman-series-s01e02\master131.vtt: 12.39 KiB / 12.39 KiB  67.19 KiB/s
C:\Users\Kevin\AppData\Local\Temp\cinehome-hls-new-batman-series-s01e02\master132.vtt: 12.47 KiB / 12.47 KiB  66.64 KiB/s
C:\Users\Kevin\AppData\Local\Temp\cinehome-hls-new-batman-series-s01e02\master133.vtt: 12.66 KiB / 12.66 KiB  67.64 KiB/s
C:\Users\Kevin\AppData\Local\Temp\cinehome-hls-new-batman-series-s01e02\master134.vtt: 12.67 KiB / 12.67 KiB  66.73 KiB/s
C:\Users\Kevin\AppData\Local\Temp\cinehome-hls-new-batman-series-s01e02\master135.vtt: 12.76 KiB / 12.76 KiB  65.73 KiB/s
C:\Users\Kevin\AppData\Local\Temp\cinehome-hls-new-batman-series-s01e02\master136.vtt: 12.77 KiB / 12.77 KiB  64.64 KiB/s
C:\Users\Kevin\AppData\Local\Temp\cinehome-hls-new-batman-series-s01e02\master137.vtt: 12.86 KiB / 12.86 KiB  64.21 KiB/s
C:\Users\Kevin\AppData\Local\Temp\cinehome-hls-new-batman-series-s01e02\master138.vtt: 12.87 KiB / 12.87 KiB  62.15 KiB/s
C:\Users\Kevin\AppData\Local\Temp\cinehome-hls-new-batman-series-s01e02\master139.vtt: 12.92 KiB / 12.92 KiB  61.67 KiB/s
C:\Users\Kevin\AppData\Local\Temp\cinehome-hls-new-batman-series-s01e02\master14.vtt: 12.93 KiB / 12.93 KiB  60.48 KiB/s
C:\Users\Kevin\AppData\Local\Temp\cinehome-hls-new-batman-series-s01e02\master140.vtt: 12.94 KiB / 12.94 KiB  59.68 KiB/s
C:\Users\Kevin\AppData\Local\Temp\cinehome-hls-new-batman-series-s01e02\master141.vtt: 12.98 KiB / 12.98 KiB  59.13 KiB/s
C:\Users\Kevin\AppData\Local\Temp\cinehome-hls-new-batman-series-s01e02\master142.vtt: 12.99 KiB / 12.99 KiB  58.81 KiB/s
C:\Users\Kevin\AppData\Local\Temp\cinehome-hls-new-batman-series-s01e02\master143.vtt: 12.99 KiB / 12.99 KiB  58.36 KiB/s
C:\Users\Kevin\AppData\Local\Temp\cinehome-hls-new-batman-series-s01e02\master144.vtt: 13.00 KiB / 13.00 KiB  58.26 KiB/s
C:\Users\Kevin\AppData\Local\Temp\cinehome-hls-new-batman-series-s01e02\master145.vtt: 13.04 KiB / 13.04 KiB  56.73 KiB/s
C:\Users\Kevin\AppData\Local\Temp\cinehome-hls-new-batman-series-s01e02\master146.vtt: 13.22 KiB / 13.22 KiB  56.22 KiB/s
C:\Users\Kevin\AppData\Local\Temp\cinehome-hls-new-batman-series-s01e02\master147.vtt: 13.27 KiB / 13.27 KiB  56.20 KiB/s
C:\Users\Kevin\AppData\Local\Temp\cinehome-hls-new-batman-series-s01e02\master148.vtt: 13.50 KiB / 13.50 KiB  56.64 KiB/s
C:\Users\Kevin\AppData\Local\Temp\cinehome-hls-new-batman-series-s01e02\master149.vtt: 13.62 KiB / 13.62 KiB  56.99 KiB/s
C:\Users\Kevin\AppData\Local\Temp\cinehome-hls-new-batman-series-s01e02\master149.vtt: 13.62 KiB / 13.62 KiB  54.25 KiB/s
C:\Users\Kevin\AppData\Local\Temp\cinehome-hls-new-batman-series-s01e02\master149.vtt: 13.62 KiB / 13.62 KiB  54.25 KiB/s
C:\Users\Kevin\AppData\Local\Temp\cinehome-hls-new-batman-series-s01e02\master15.vtt: 13.62 KiB / 13.62 KiB  53.45 KiB/s
C:\Users\Kevin\AppData\Local\Temp\cinehome-hls-new-batman-series-s01e02\master150.vtt: 13.71 KiB / 13.71 KiB  53.53 KiB/s
C:\Users\Kevin\AppData\Local\Temp\cinehome-hls-new-batman-series-s01e02\master151.vtt: 13.85 KiB / 13.85 KiB  52.20 KiB/s
C:\Users\Kevin\AppData\Local\Temp\cinehome-hls-new-batman-series-s01e02\master152.vtt: 14.05 KiB / 14.05 KiB  52.85 KiB/s
C:\Users\Kevin\AppData\Local\Temp\cinehome-hls-new-batman-series-s01e02\master152.vtt: 14.10 KiB / 14.10 KiB  52.89 KiB/s
C:\Users\Kevin\AppData\Local\Temp\cinehome-hls-new-batman-series-s01e02\master153.vtt: 14.11 KiB / 14.11 KiB  52.81 KiB/s
C:\Users\Kevin\AppData\Local\Temp\cinehome-hls-new-batman-series-s01e02\master153.vtt: 14.12 KiB / 14.12 KiB  52.73 KiB/s
C:\Users\Kevin\AppData\Local\Temp\cinehome-hls-new-batman-series-s01e02\master153.vtt: 14.12 KiB / 14.12 KiB  52.66 KiB/s
C:\Users\Kevin\AppData\Local\Temp\cinehome-hls-new-batman-series-s01e02\master156.vtt: 14.13 KiB / 14.13 KiB  52.68 KiB/s
C:\Users\Kevin\AppData\Local\Temp\cinehome-hls-new-batman-series-s01e02\master157.vtt: 14.33 KiB / 14.33 KiB  53.31 KiB/s
C:\Users\Kevin\AppData\Local\Temp\cinehome-hls-new-batman-series-s01e02\master157.vtt: 14.44 KiB / 14.44 KiB  53.62 KiB/s
C:\Users\Kevin\AppData\Local\Temp\cinehome-hls-new-batman-series-s01e02\master159.vtt: 14.50 KiB / 14.50 KiB  53.86 KiB/s
C:\Users\Kevin\AppData\Local\Temp\cinehome-hls-new-batman-series-s01e02\master16.vtt: 14.70 KiB / 14.70 KiB  54.49 KiB/s
C:\Users\Kevin\AppData\Local\Temp\cinehome-hls-new-batman-series-s01e02\master161.vtt: 14.71 KiB / 14.71 KiB  51.25 KiB/s
C:\Users\Kevin\AppData\Local\Temp\cinehome-hls-new-batman-series-s01e02\master162.vtt: 14.71 KiB / 14.71 KiB  47.93 KiB/s
C:\Users\Kevin\AppData\Local\Temp\cinehome-hls-new-batman-series-s01e02\master162.vtt: 14.72 KiB / 14.72 KiB  47.85 KiB/s
C:\Users\Kevin\AppData\Local\Temp\cinehome-hls-new-batman-series-s01e02\master164.vtt: 14.73 KiB / 14.73 KiB  47.78 KiB/s
C:\Users\Kevin\AppData\Local\Temp\cinehome-hls-new-batman-series-s01e02\master165.vtt: 14.74 KiB / 14.74 KiB  47.72 KiB/s
C:\Users\Kevin\AppData\Local\Temp\cinehome-hls-new-batman-series-s01e02\master166.vtt: 14.74 KiB / 14.74 KiB  47.66 KiB/s
C:\Users\Kevin\AppData\Local\Temp\cinehome-hls-new-batman-series-s01e02\master166.vtt: 14.79 KiB / 14.79 KiB  47.73 KiB/s
C:\Users\Kevin\AppData\Local\Temp\cinehome-hls-new-batman-series-s01e02\master166.vtt: 15.04 KiB / 15.04 KiB  48.52 KiB/s
C:\Users\Kevin\AppData\Local\Temp\cinehome-hls-new-batman-series-s01e02\master167.vtt: 15.13 KiB / 15.13 KiB  48.74 KiB/s
C:\Users\Kevin\AppData\Local\Temp\cinehome-hls-new-batman-series-s01e02\master167.vtt: 15.24 KiB / 15.24 KiB  49.00 KiB/s
C:\Users\Kevin\AppData\Local\Temp\cinehome-hls-new-batman-series-s01e02\master167.vtt: 15.30 KiB / 15.30 KiB  49.21 KiB/s
C:\Users\Kevin\AppData\Local\Temp\cinehome-hls-new-batman-series-s01e02\master167.vtt: 15.37 KiB / 15.37 KiB  49.33 KiB/s
C:\Users\Kevin\AppData\Local\Temp\cinehome-hls-new-batman-series-s01e02\master167.vtt: 15.59 KiB / 15.59 KiB  50.04 KiB/s
C:\Users\Kevin\AppData\Local\Temp\cinehome-hls-new-batman-series-s01e02\master173.vtt: 15.65 KiB / 15.65 KiB  45.57 KiB/s
C:\Users\Kevin\AppData\Local\Temp\cinehome-hls-new-batman-series-s01e02\master174.vtt: 15.70 KiB / 15.70 KiB  44.90 KiB/s
C:\Users\Kevin\AppData\Local\Temp\cinehome-hls-new-batman-series-s01e02\master175.vtt: 15.74 KiB / 15.74 KiB  45.01 KiB/s
C:\Users\Kevin\AppData\Local\Temp\cinehome-hls-new-batman-series-s01e02\master175.vtt: 15.83 KiB / 15.83 KiB  45.19 KiB/s
C:\Users\Kevin\AppData\Local\Temp\cinehome-hls-new-batman-series-s01e02\master175.vtt: 15.83 KiB / 15.83 KiB  45.14 KiB/s
C:\Users\Kevin\AppData\Local\Temp\cinehome-hls-new-batman-series-s01e02\master175.vtt: 15.88 KiB / 15.88 KiB  45.27 KiB/s
C:\Users\Kevin\AppData\Local\Temp\cinehome-hls-new-batman-series-s01e02\master175.vtt: 16.10 KiB / 16.10 KiB  45.92 KiB/s
C:\Users\Kevin\AppData\Local\Temp\cinehome-hls-new-batman-series-s01e02\master175.vtt: 16.14 KiB / 16.14 KiB  46.03 KiB/s
C:\Users\Kevin\AppData\Local\Temp\cinehome-hls-new-batman-series-s01e02\master175.vtt: 16.28 KiB / 16.28 KiB  46.36 KiB/s
C:\Users\Kevin\AppData\Local\Temp\cinehome-hls-new-batman-series-s01e02\master175.vtt: 16.43 KiB / 16.43 KiB  46.78 KiB/s
C:\Users\Kevin\AppData\Local\Temp\cinehome-hls-new-batman-series-s01e02\master175.vtt: 16.51 KiB / 16.51 KiB  47.00 KiB/s
C:\Users\Kevin\AppData\Local\Temp\cinehome-hls-new-batman-series-s01e02\master175.vtt: 16.58 KiB / 16.58 KiB  47.20 KiB/s
C:\Users\Kevin\AppData\Local\Temp\cinehome-hls-new-batman-series-s01e02\master184.vtt: 16.59 KiB / 16.59 KiB  46.25 KiB/s
C:\Users\Kevin\AppData\Local\Temp\cinehome-hls-new-batman-series-s01e02\master184.vtt: 16.59 KiB / 16.59 KiB  44.07 KiB/s
C:\Users\Kevin\AppData\Local\Temp\cinehome-hls-new-batman-series-s01e02\master184.vtt: 16.59 KiB / 16.59 KiB  44.07 KiB/s
C:\Users\Kevin\AppData\Local\Temp\cinehome-hls-new-batman-series-s01e02\master185.vtt: 16.59 KiB / 16.59 KiB  43.04 KiB/s
C:\Users\Kevin\AppData\Local\Temp\cinehome-hls-new-batman-series-s01e02\master186.vtt: 16.70 KiB / 16.70 KiB  42.41 KiB/s
C:\Users\Kevin\AppData\Local\Temp\cinehome-hls-new-batman-series-s01e02\master187.vtt: 16.89 KiB / 16.89 KiB  42.66 KiB/s
C:\Users\Kevin\AppData\Local\Temp\cinehome-hls-new-batman-series-s01e02\master188.vtt: 17.01 KiB / 17.01 KiB  42.66 KiB/s
C:\Users\Kevin\AppData\Local\Temp\cinehome-hls-new-batman-series-s01e02\master188.vtt: 17.09 KiB / 17.09 KiB  42.86 KiB/s
C:\Users\Kevin\AppData\Local\Temp\cinehome-hls-new-batman-series-s01e02\master188.vtt: 17.21 KiB / 17.21 KiB  43.10 KiB/s
C:\Users\Kevin\AppData\Local\Temp\cinehome-hls-new-batman-series-s01e02\master188.vtt: 17.31 KiB / 17.31 KiB  43.35 KiB/s
C:\Users\Kevin\AppData\Local\Temp\cinehome-hls-new-batman-series-s01e02\master188.vtt: 17.42 KiB / 17.42 KiB  43.62 KiB/s
C:\Users\Kevin\AppData\Local\Temp\cinehome-hls-new-batman-series-s01e02\master188.vtt: 17.50 KiB / 17.50 KiB  43.82 KiB/s
C:\Users\Kevin\AppData\Local\Temp\cinehome-hls-new-batman-series-s01e02\master188.vtt: 17.71 KiB / 17.71 KiB  44.36 KiB/s
C:\Users\Kevin\AppData\Local\Temp\cinehome-hls-new-batman-series-s01e02\master194.vtt: 17.76 KiB / 17.76 KiB  44.35 KiB/s
C:\Users\Kevin\AppData\Local\Temp\cinehome-hls-new-batman-series-s01e02\master194.vtt: 18.04 KiB / 18.04 KiB  44.92 KiB/s
C:\Users\Kevin\AppData\Local\Temp\cinehome-hls-new-batman-series-s01e02\master196.vtt: 18.12 KiB / 18.12 KiB  45.06 KiB/s
C:\Users\Kevin\AppData\Local\Temp\cinehome-hls-new-batman-series-s01e02\master197.vtt: 18.21 KiB / 18.21 KiB  44.85 KiB/s
C:\Users\Kevin\AppData\Local\Temp\cinehome-hls-new-batman-series-s01e02\master198.vtt: 18.31 KiB / 18.31 KiB  41.91 KiB/s
C:\Users\Kevin\AppData\Local\Temp\cinehome-hls-new-batman-series-s01e02\master199.vtt: 18.31 KiB / 18.31 KiB  41.76 KiB/s
C:\Users\Kevin\AppData\Local\Temp\cinehome-hls-new-batman-series-s01e02\master199.vtt: 18.47 KiB / 18.47 KiB  42.12 KiB/s
C:\Users\Kevin\AppData\Local\Temp\cinehome-hls-new-batman-series-s01e02\master199.vtt: 18.66 KiB / 18.66 KiB  42.55 KiB/s
C:\Users\Kevin\AppData\Local\Temp\cinehome-hls-new-batman-series-s01e02\master199.vtt: 18.67 KiB / 18.67 KiB  42.51 KiB/s
C:\Users\Kevin\AppData\Local\Temp\cinehome-hls-new-batman-series-s01e02\master200.vtt: 18.72 KiB / 18.72 KiB  42.58 KiB/s
C:\Users\Kevin\AppData\Local\Temp\cinehome-hls-new-batman-series-s01e02\master200.vtt: 18.96 KiB / 18.96 KiB  43.07 KiB/s
C:\Users\Kevin\AppData\Local\Temp\cinehome-hls-new-batman-series-s01e02\master202.vtt: 19.03 KiB / 19.03 KiB  43.18 KiB/s
C:\Users\Kevin\AppData\Local\Temp\cinehome-hls-new-batman-series-s01e02\master203.vtt: 19.17 KiB / 19.17 KiB  43.44 KiB/s
C:\Users\Kevin\AppData\Local\Temp\cinehome-hls-new-batman-series-s01e02\master203.vtt: 19.24 KiB / 19.24 KiB  43.60 KiB/s
C:\Users\Kevin\AppData\Local\Temp\cinehome-hls-new-batman-series-s01e02\master203.vtt: 19.35 KiB / 19.35 KiB  43.85 KiB/s
C:\Users\Kevin\AppData\Local\Temp\cinehome-hls-new-batman-series-s01e02\master203.vtt: 19.49 KiB / 19.49 KiB  44.12 KiB/s
C:\Users\Kevin\AppData\Local\Temp\cinehome-hls-new-batman-series-s01e02\master207.vtt: 19.63 KiB / 19.63 KiB  41.31 KiB/s
C:\Users\Kevin\AppData\Local\Temp\cinehome-hls-new-batman-series-s01e02\master209.vtt: 19.89 KiB / 19.89 KiB  41.14 KiB/s
C:\Users\Kevin\AppData\Local\Temp\cinehome-hls-new-batman-series-s01e02\master209.vtt: 20.07 KiB / 20.07 KiB  41.53 KiB/s
C:\Users\Kevin\AppData\Local\Temp\cinehome-hls-new-batman-series-s01e02\master210.vtt: 20.13 KiB / 20.13 KiB  41.59 KiB/s
C:\Users\Kevin\AppData\Local\Temp\cinehome-hls-new-batman-series-s01e02\master211.vtt: 20.14 KiB / 20.14 KiB  41.55 KiB/s
C:\Users\Kevin\AppData\Local\Temp\cinehome-hls-new-batman-series-s01e02\master212.vtt: 20.18 KiB / 20.18 KiB  41.59 KiB/s
C:\Users\Kevin\AppData\Local\Temp\cinehome-hls-new-batman-series-s01e02\master213.vtt: 20.23 KiB / 20.23 KiB  41.66 KiB/s
C:\Users\Kevin\AppData\Local\Temp\cinehome-hls-new-batman-series-s01e02\master213.vtt: 20.36 KiB / 20.36 KiB  41.92 KiB/s
C:\Users\Kevin\AppData\Local\Temp\cinehome-hls-new-batman-series-s01e02\master214.vtt: 20.40 KiB / 20.40 KiB  41.95 KiB/s
C:\Users\Kevin\AppData\Local\Temp\cinehome-hls-new-batman-series-s01e02\master214.vtt: 20.44 KiB / 20.44 KiB  41.99 KiB/s
C:\Users\Kevin\AppData\Local\Temp\cinehome-hls-new-batman-series-s01e02\master214.vtt: 20.54 KiB / 20.54 KiB  42.20 KiB/s
C:\Users\Kevin\AppData\Local\Temp\cinehome-hls-new-batman-series-s01e02\master214.vtt: 20.58 KiB / 20.58 KiB  42.28 KiB/s
C:\Users\Kevin\AppData\Local\Temp\cinehome-hls-new-batman-series-s01e02\master218.vtt: 20.58 KiB / 20.58 KiB  40.97 KiB/s
C:\Users\Kevin\AppData\Local\Temp\cinehome-hls-new-batman-series-s01e02\master218.vtt: 20.58 KiB / 20.58 KiB  40.97 KiB/s
C:\Users\Kevin\AppData\Local\Temp\cinehome-hls-new-batman-series-s01e02\master219.vtt: 20.72 KiB / 20.72 KiB  39.78 KiB/s
C:\Users\Kevin\AppData\Local\Temp\cinehome-hls-new-batman-series-s01e02\master22.vtt: 20.80 KiB / 20.80 KiB  39.09 KiB/s
C:\Users\Kevin\AppData\Local\Temp\cinehome-hls-new-batman-series-s01e02\master22.vtt: 20.80 KiB / 20.80 KiB  39.10 KiB/s
C:\Users\Kevin\AppData\Local\Temp\cinehome-hls-new-batman-series-s01e02\master221.vtt: 20.88 KiB / 20.88 KiB  39.17 KiB/s
C:\Users\Kevin\AppData\Local\Temp\cinehome-hls-new-batman-series-s01e02\master221.vtt: 20.93 KiB / 20.93 KiB  39.26 KiB/s
C:\Users\Kevin\AppData\Local\Temp\cinehome-hls-new-batman-series-s01e02\master223.vtt: 21.11 KiB / 21.11 KiB  39.56 KiB/s
C:\Users\Kevin\AppData\Local\Temp\cinehome-hls-new-batman-series-s01e02\master223.vtt: 21.17 KiB / 21.17 KiB  39.63 KiB/s
C:\Users\Kevin\AppData\Local\Temp\cinehome-hls-new-batman-series-s01e02\master223.vtt: 21.24 KiB / 21.24 KiB  39.75 KiB/s
C:\Users\Kevin\AppData\Local\Temp\cinehome-hls-new-batman-series-s01e02\master225.vtt: 21.36 KiB / 21.36 KiB  39.94 KiB/s
C:\Users\Kevin\AppData\Local\Temp\cinehome-hls-new-batman-series-s01e02\master225.vtt: 21.44 KiB / 21.44 KiB  40.09 KiB/s
C:\Users\Kevin\AppData\Local\Temp\cinehome-hls-new-batman-series-s01e02\master227.vtt: 21.50 KiB / 21.50 KiB  40.17 KiB/s
C:\Users\Kevin\AppData\Local\Temp\cinehome-hls-new-batman-series-s01e02\master229.vtt: 21.73 KiB / 21.73 KiB  40.52 KiB/s
C:\Users\Kevin\AppData\Local\Temp\cinehome-hls-new-batman-series-s01e02\master23.vtt: 21.88 KiB / 21.88 KiB  40.72 KiB/s
C:\Users\Kevin\AppData\Local\Temp\cinehome-hls-new-batman-series-s01e02\master230.vtt: 21.88 KiB / 21.88 KiB  37.98 KiB/s
C:\Users\Kevin\AppData\Local\Temp\cinehome-hls-new-batman-series-s01e02\master231.vtt: 21.89 KiB / 21.89 KiB  37.83 KiB/s
C:\Users\Kevin\AppData\Local\Temp\cinehome-hls-new-batman-series-s01e02\master232.vtt: 21.90 KiB / 21.90 KiB  37.84 KiB/s
C:\Users\Kevin\AppData\Local\Temp\cinehome-hls-new-batman-series-s01e02\master232.vtt: 22.04 KiB / 22.04 KiB  38.05 KiB/s
C:\Users\Kevin\AppData\Local\Temp\cinehome-hls-new-batman-series-s01e02\master232.vtt: 22.05 KiB / 22.05 KiB  38.07 KiB/s
C:\Users\Kevin\AppData\Local\Temp\cinehome-hls-new-batman-series-s01e02\master235.vtt: 22.10 KiB / 22.10 KiB  38.16 KiB/s
C:\Users\Kevin\AppData\Local\Temp\cinehome-hls-new-batman-series-s01e02\master235.vtt: 22.11 KiB / 22.11 KiB  38.13 KiB/s
C:\Users\Kevin\AppData\Local\Temp\cinehome-hls-new-batman-series-s01e02\master236.vtt: 22.12 KiB / 22.12 KiB  38.11 KiB/s
C:\Users\Kevin\AppData\Local\Temp\cinehome-hls-new-batman-series-s01e02\master236.vtt: 22.12 KiB / 22.12 KiB  38.12 KiB/s
C:\Users\Kevin\AppData\Local\Temp\cinehome-hls-new-batman-series-s01e02\master236.vtt: 22.24 KiB / 22.24 KiB  38.28 KiB/s
C:\Users\Kevin\AppData\Local\Temp\cinehome-hls-new-batman-series-s01e02\master236.vtt: 22.24 KiB / 22.24 KiB  38.29 KiB/s
C:\Users\Kevin\AppData\Local\Temp\cinehome-hls-new-batman-series-s01e02\master236.vtt: 22.25 KiB / 22.25 KiB  38.30 KiB/s
C:\Users\Kevin\AppData\Local\Temp\cinehome-hls-new-batman-series-s01e02\master241.vtt: 22.26 KiB / 22.26 KiB  36.14 KiB/s
C:\Users\Kevin\AppData\Local\Temp\cinehome-hls-new-batman-series-s01e02\master242.vtt: 22.26 KiB / 22.26 KiB  36.03 KiB/s
C:\Users\Kevin\AppData\Local\Temp\cinehome-hls-new-batman-series-s01e02\master243.vtt: 22.27 KiB / 22.27 KiB  35.95 KiB/s
C:\Users\Kevin\AppData\Local\Temp\cinehome-hls-new-batman-series-s01e02\master244.vtt: 22.28 KiB / 22.28 KiB  35.93 KiB/s
C:\Users\Kevin\AppData\Local\Temp\cinehome-hls-new-batman-series-s01e02\master244.vtt: 22.29 KiB / 22.29 KiB  35.94 KiB/s
C:\Users\Kevin\AppData\Local\Temp\cinehome-hls-new-batman-series-s01e02\master245.vtt: 22.29 KiB / 22.29 KiB  35.92 KiB/s
C:\Users\Kevin\AppData\Local\Temp\cinehome-hls-new-batman-series-s01e02\master245.vtt: 22.30 KiB / 22.30 KiB  35.93 KiB/s
C:\Users\Kevin\AppData\Local\Temp\cinehome-hls-new-batman-series-s01e02\master248.vtt: 22.31 KiB / 22.31 KiB  35.85 KiB/s
C:\Users\Kevin\AppData\Local\Temp\cinehome-hls-new-batman-series-s01e02\master249.vtt: 22.45 KiB / 22.45 KiB  36.04 KiB/s
C:\Users\Kevin\AppData\Local\Temp\cinehome-hls-new-batman-series-s01e02\master25.vtt: 22.46 KiB / 22.46 KiB  36.05 KiB/s
C:\Users\Kevin\AppData\Local\Temp\cinehome-hls-new-batman-series-s01e02\master250.vtt: 22.46 KiB / 22.46 KiB  36.03 KiB/s
C:\Users\Kevin\AppData\Local\Temp\cinehome-hls-new-batman-series-s01e02\master251.vtt: 22.47 KiB / 22.47 KiB  35.92 KiB/s
C:\Users\Kevin\AppData\Local\Temp\cinehome-hls-new-batman-series-s01e02\master251.vtt: 22.47 KiB / 22.47 KiB  35.80 KiB/s
C:\Users\Kevin\AppData\Local\Temp\cinehome-hls-new-batman-series-s01e02\master251.vtt: 22.47 KiB / 22.47 KiB  35.80 KiB/s
C:\Users\Kevin\AppData\Local\Temp\cinehome-hls-new-batman-series-s01e02\master252.vtt: 22.48 KiB / 22.48 KiB  33.99 KiB/s
C:\Users\Kevin\AppData\Local\Temp\cinehome-hls-new-batman-series-s01e02\master252.vtt: 22.48 KiB / 22.48 KiB  34.00 KiB/s
C:\Users\Kevin\AppData\Local\Temp\cinehome-hls-new-batman-series-s01e02\master254.vtt: 22.49 KiB / 22.49 KiB  33.98 KiB/s
C:\Users\Kevin\AppData\Local\Temp\cinehome-hls-new-batman-series-s01e02\master254.vtt: 22.50 KiB / 22.50 KiB  33.96 KiB/s
C:\Users\Kevin\AppData\Local\Temp\cinehome-hls-new-batman-series-s01e02\master255.vtt: 22.50 KiB / 22.50 KiB  33.95 KiB/s
C:\Users\Kevin\AppData\Local\Temp\cinehome-hls-new-batman-series-s01e02\master255.vtt: 22.64 KiB / 22.64 KiB  34.13 KiB/s
C:\Users\Kevin\AppData\Local\Temp\cinehome-hls-new-batman-series-s01e02\master255.vtt: 22.82 KiB / 22.82 KiB  34.39 KiB/s
C:\Users\Kevin\AppData\Local\Temp\cinehome-hls-new-batman-series-s01e02\master255.vtt: 23.19 KiB / 23.19 KiB  34.95 KiB/s
C:\Users\Kevin\AppData\Local\Temp\cinehome-hls-new-batman-series-s01e02\master255.vtt: 23.26 KiB / 23.26 KiB  35.07 KiB/s
C:\Users\Kevin\AppData\Local\Temp\cinehome-hls-new-batman-series-s01e02\master255.vtt: 23.27 KiB / 23.27 KiB  35.05 KiB/s
C:\Users\Kevin\AppData\Local\Temp\cinehome-hls-new-batman-series-s01e02\master255.vtt: 23.33 KiB / 23.33 KiB  35.13 KiB/s
C:\Users\Kevin\AppData\Local\Temp\cinehome-hls-new-batman-series-s01e02\master255.vtt: 23.61 KiB / 23.61 KiB  35.56 KiB/s
C:\Users\Kevin\AppData\Local\Temp\cinehome-hls-new-batman-series-s01e02\master31.vtt: 23.62 KiB / 23.62 KiB  33.39 KiB/s
C:\Users\Kevin\AppData\Local\Temp\cinehome-hls-new-batman-series-s01e02\master32.vtt: 23.77 KiB / 23.77 KiB  33.49 KiB/s
C:\Users\Kevin\AppData\Local\Temp\cinehome-hls-new-batman-series-s01e02\master32.vtt: 23.94 KiB / 23.94 KiB  33.71 KiB/s
C:\Users\Kevin\AppData\Local\Temp\cinehome-hls-new-batman-series-s01e02\master32.vtt: 24.02 KiB / 24.02 KiB  33.81 KiB/s
C:\Users\Kevin\AppData\Local\Temp\cinehome-hls-new-batman-series-s01e02\master32.vtt: 24.17 KiB / 24.17 KiB  34.03 KiB/s
C:\Users\Kevin\AppData\Local\Temp\cinehome-hls-new-batman-series-s01e02\master32.vtt: 24.34 KiB / 24.34 KiB  34.27 KiB/s
C:\Users\Kevin\AppData\Local\Temp\cinehome-hls-new-batman-series-s01e02\master32.vtt: 24.41 KiB / 24.41 KiB  34.35 KiB/s
C:\Users\Kevin\AppData\Local\Temp\cinehome-hls-new-batman-series-s01e02\master32.vtt: 24.58 KiB / 24.58 KiB  34.58 KiB/s
C:\Users\Kevin\AppData\Local\Temp\cinehome-hls-new-batman-series-s01e02\master32.vtt: 24.66 KiB / 24.66 KiB  34.70 KiB/s
C:\Users\Kevin\AppData\Local\Temp\cinehome-hls-new-batman-series-s01e02\master32.vtt: 24.81 KiB / 24.81 KiB  34.91 KiB/s
C:\Users\Kevin\AppData\Local\Temp\cinehome-hls-new-batman-series-s01e02\master32.vtt: 24.92 KiB / 24.92 KiB  35.07 KiB/s
C:\Users\Kevin\AppData\Local\Temp\cinehome-hls-new-batman-series-s01e02\master32.vtt: 25.01 KiB / 25.01 KiB  35.19 KiB/s
C:\Users\Kevin\AppData\Local\Temp\cinehome-hls-new-batman-series-s01e02\master42.vtt: 25.10 KiB / 25.10 KiB  34.66 KiB/s
C:\Users\Kevin\AppData\Local\Temp\cinehome-hls-new-batman-series-s01e02\master43.vtt: 25.23 KiB / 25.23 KiB  33.94 KiB/s
C:\Users\Kevin\AppData\Local\Temp\cinehome-hls-new-batman-series-s01e02\master43.vtt: 25.23 KiB / 25.23 KiB  33.49 KiB/s
C:\Users\Kevin\AppData\Local\Temp\cinehome-hls-new-batman-series-s01e02\master43.vtt: 25.23 KiB / 25.23 KiB  33.49 KiB/s
C:\Users\Kevin\AppData\Local\Temp\cinehome-hls-new-batman-series-s01e02\master44.vtt: 25.50 KiB / 25.50 KiB  33.10 KiB/s
C:\Users\Kevin\AppData\Local\Temp\cinehome-hls-new-batman-series-s01e02\master45.vtt: 25.56 KiB / 25.56 KiB  32.73 KiB/s
C:\Users\Kevin\AppData\Local\Temp\cinehome-hls-new-batman-series-s01e02\master46.vtt: 25.71 KiB / 25.71 KiB  32.89 KiB/s
C:\Users\Kevin\AppData\Local\Temp\cinehome-hls-new-batman-series-s01e02\master46.vtt: 25.81 KiB / 25.81 KiB  33.02 KiB/s
C:\Users\Kevin\AppData\Local\Temp\cinehome-hls-new-batman-series-s01e02\master48.vtt: 25.81 KiB / 25.81 KiB  32.97 KiB/s
C:\Users\Kevin\AppData\Local\Temp\cinehome-hls-new-batman-series-s01e02\master48.vtt: 25.82 KiB / 25.82 KiB  32.98 KiB/s
C:\Users\Kevin\AppData\Local\Temp\cinehome-hls-new-batman-series-s01e02\master48.vtt: 25.93 KiB / 25.93 KiB  33.11 KiB/s
C:\Users\Kevin\AppData\Local\Temp\cinehome-hls-new-batman-series-s01e02\master50.vtt: 25.99 KiB / 25.99 KiB  33.16 KiB/s
C:\Users\Kevin\AppData\Local\Temp\cinehome-hls-new-batman-series-s01e02\master50.vtt: 26.13 KiB / 26.13 KiB  33.32 KiB/s
C:\Users\Kevin\AppData\Local\Temp\cinehome-hls-new-batman-series-s01e02\master50.vtt: 26.14 KiB / 26.14 KiB  33.33 KiB/s
C:\Users\Kevin\AppData\Local\Temp\cinehome-hls-new-batman-series-s01e02\master50.vtt: 26.19 KiB / 26.19 KiB  33.38 KiB/s
C:\Users\Kevin\AppData\Local\Temp\cinehome-hls-new-batman-series-s01e02\master50.vtt: 26.20 KiB / 26.20 KiB  33.39 KiB/s
C:\Users\Kevin\AppData\Local\Temp\cinehome-hls-new-batman-series-s01e02\master55.vtt: 26.21 KiB / 26.21 KiB  31.68 KiB/s
C:\Users\Kevin\AppData\Local\Temp\cinehome-hls-new-batman-series-s01e02\master55.vtt: 26.25 KiB / 26.25 KiB  31.71 KiB/s
C:\Users\Kevin\AppData\Local\Temp\cinehome-hls-new-batman-series-s01e02\master56.vtt: 26.26 KiB / 26.26 KiB  31.69 KiB/s
C:\Users\Kevin\AppData\Local\Temp\cinehome-hls-new-batman-series-s01e02\master56.vtt: 26.31 KiB / 26.31 KiB  31.74 KiB/s
C:\Users\Kevin\AppData\Local\Temp\cinehome-hls-new-batman-series-s01e02\master56.vtt: 26.32 KiB / 26.32 KiB  31.74 KiB/s
C:\Users\Kevin\AppData\Local\Temp\cinehome-hls-new-batman-series-s01e02\master56.vtt: 26.33 KiB / 26.33 KiB  31.75 KiB/s
C:\Users\Kevin\AppData\Local\Temp\cinehome-hls-new-batman-series-s01e02\master56.vtt: 26.38 KiB / 26.38 KiB  31.82 KiB/s
C:\Users\Kevin\AppData\Local\Temp\cinehome-hls-new-batman-series-s01e02\master56.vtt: 26.51 KiB / 26.51 KiB  31.95 KiB/s
C:\Users\Kevin\AppData\Local\Temp\cinehome-hls-new-batman-series-s01e02\master56.vtt: 26.52 KiB / 26.52 KiB  31.96 KiB/s
C:\Users\Kevin\AppData\Local\Temp\cinehome-hls-new-batman-series-s01e02\master56.vtt: 26.58 KiB / 26.58 KiB  32.03 KiB/s
C:\Users\Kevin\AppData\Local\Temp\cinehome-hls-new-batman-series-s01e02\master56.vtt: 26.64 KiB / 26.64 KiB  32.11 KiB/s
C:\Users\Kevin\AppData\Local\Temp\cinehome-hls-new-batman-series-s01e02\master56.vtt: 26.79 KiB / 26.79 KiB  32.29 KiB/s
C:\Users\Kevin\AppData\Local\Temp\cinehome-hls-new-batman-series-s01e02\master66.vtt: 26.89 KiB / 26.89 KiB  31.29 KiB/s
C:\Users\Kevin\AppData\Local\Temp\cinehome-hls-new-batman-series-s01e02\master67.vtt: 27.22 KiB / 27.22 KiB  31.53 KiB/s
C:\Users\Kevin\AppData\Local\Temp\cinehome-hls-new-batman-series-s01e02\master68.vtt: 27.29 KiB / 27.29 KiB  31.38 KiB/s
C:\Users\Kevin\AppData\Local\Temp\cinehome-hls-new-batman-series-s01e02\master68.vtt: 27.30 KiB / 27.30 KiB  31.37 KiB/s
C:\Users\Kevin\AppData\Local\Temp\cinehome-hls-new-batman-series-s01e02\master7.vtt: 27.39 KiB / 27.39 KiB  31.48 KiB/s
C:\Users\Kevin\AppData\Local\Temp\cinehome-hls-new-batman-series-s01e02\master7.vtt: 27.44 KiB / 27.44 KiB  31.52 KiB/s
C:\Users\Kevin\AppData\Local\Temp\cinehome-hls-new-batman-series-s01e02\master70.vtt: 27.53 KiB / 27.53 KiB  31.61 KiB/s
C:\Users\Kevin\AppData\Local\Temp\cinehome-hls-new-batman-series-s01e02\master70.vtt: 27.64 KiB / 27.64 KiB  31.72 KiB/s
C:\Users\Kevin\AppData\Local\Temp\cinehome-hls-new-batman-series-s01e02\master70.vtt: 27.85 KiB / 27.85 KiB  31.96 KiB/s
C:\Users\Kevin\AppData\Local\Temp\cinehome-hls-new-batman-series-s01e02\master70.vtt: 28.01 KiB / 28.01 KiB  32.13 KiB/s
C:\Users\Kevin\AppData\Local\Temp\cinehome-hls-new-batman-series-s01e02\master74.vtt: 28.16 KiB / 28.16 KiB  32.22 KiB/s
C:\Users\Kevin\AppData\Local\Temp\cinehome-hls-new-batman-series-s01e02\master74.vtt: 28.30 KiB / 28.30 KiB  32.38 KiB/s
C:\Users\Kevin\AppData\Local\Temp\cinehome-hls-new-batman-series-s01e02\master77.vtt: 28.41 KiB / 28.41 KiB  32.43 KiB/s
C:\Users\Kevin\AppData\Local\Temp\cinehome-hls-new-batman-series-s01e02\master77.vtt: 28.41 KiB / 28.41 KiB  32.31 KiB/s
C:\Users\Kevin\AppData\Local\Temp\cinehome-hls-new-batman-series-s01e02\master77.vtt: 28.41 KiB / 28.41 KiB  32.31 KiB/s
C:\Users\Kevin\AppData\Local\Temp\cinehome-hls-new-batman-series-s01e02\master77.vtt: 28.57 KiB / 28.57 KiB  31.43 KiB/s
C:\Users\Kevin\AppData\Local\Temp\cinehome-hls-new-batman-series-s01e02\master77.vtt: 28.73 KiB / 28.73 KiB  31.60 KiB/s
C:\Users\Kevin\AppData\Local\Temp\cinehome-hls-new-batman-series-s01e02\master79.vtt: 28.88 KiB / 28.88 KiB  31.75 KiB/s
C:\Users\Kevin\AppData\Local\Temp\cinehome-hls-new-batman-series-s01e02\master79.vtt: 29.20 KiB / 29.20 KiB  32.08 KiB/s
C:\Users\Kevin\AppData\Local\Temp\cinehome-hls-new-batman-series-s01e02\master80.vtt: 29.38 KiB / 29.38 KiB  32.26 KiB/s
C:\Users\Kevin\AppData\Local\Temp\cinehome-hls-new-batman-series-s01e02\master81.vtt: 29.47 KiB / 29.47 KiB  32.36 KiB/s
C:\Users\Kevin\AppData\Local\Temp\cinehome-hls-new-batman-series-s01e02\master82.vtt: 29.57 KiB / 29.57 KiB  32.44 KiB/s
C:\Users\Kevin\AppData\Local\Temp\cinehome-hls-new-batman-series-s01e02\master82.vtt: 29.76 KiB / 29.76 KiB  32.63 KiB/s
C:\Users\Kevin\AppData\Local\Temp\cinehome-hls-new-batman-series-s01e02\master83.vtt: 29.92 KiB / 29.92 KiB  32.81 KiB/s
C:\Users\Kevin\AppData\Local\Temp\cinehome-hls-new-batman-series-s01e02\master83.vtt: 29.92 KiB / 29.92 KiB  32.82 KiB/s
C:\Users\Kevin\AppData\Local\Temp\cinehome-hls-new-batman-series-s01e02\master83.vtt: 29.99 KiB / 29.99 KiB  32.87 KiB/s
C:\Users\Kevin\AppData\Local\Temp\cinehome-hls-new-batman-series-s01e02\master83.vtt: 29.99 KiB / 29.99 KiB  32.87 KiB/s
C:\Users\Kevin\AppData\Local\Temp\cinehome-hls-new-batman-series-s01e02\master89.vtt: 30.24 KiB / 30.24 KiB  32.64 KiB/s
C:\Users\Kevin\AppData\Local\Temp\cinehome-hls-new-batman-series-s01e02\master89.vtt: 30.29 KiB / 30.29 KiB  32.70 KiB/s
C:\Users\Kevin\AppData\Local\Temp\cinehome-hls-new-batman-series-s01e02\master90.vtt: 30.35 KiB / 30.35 KiB  32.71 KiB/s
C:\Users\Kevin\AppData\Local\Temp\cinehome-hls-new-batman-series-s01e02\master91.vtt: 30.48 KiB / 30.48 KiB  31.92 KiB/s
C:\Users\Kevin\AppData\Local\Temp\cinehome-hls-new-batman-series-s01e02\master92.vtt: 30.49 KiB / 30.49 KiB  31.86 KiB/s
C:\Users\Kevin\AppData\Local\Temp\cinehome-hls-new-batman-series-s01e02\master93.vtt: 30.59 KiB / 30.59 KiB  31.91 KiB/s
C:\Users\Kevin\AppData\Local\Temp\cinehome-hls-new-batman-series-s01e02\master94.vtt: 30.63 KiB / 30.63 KiB  31.96 KiB/s
C:\Users\Kevin\AppData\Local\Temp\cinehome-hls-new-batman-series-s01e02\master95.vtt: 30.68 KiB / 30.68 KiB  31.96 KiB/s
C:\Users\Kevin\AppData\Local\Temp\cinehome-hls-new-batman-series-s01e02\master96.vtt: 30.86 KiB / 30.86 KiB  32.04 KiB/s
C:\Users\Kevin\AppData\Local\Temp\cinehome-hls-new-batman-series-s01e02\master97.vtt: 30.91 KiB / 30.91 KiB  31.72 KiB/s
C:\Users\Kevin\AppData\Local\Temp\cinehome-hls-new-batman-series-s01e02\master98.vtt: 31.04 KiB / 31.04 KiB  31.80 KiB/s
C:\Users\Kevin\AppData\Local\Temp\cinehome-hls-new-batman-series-s01e02\master99.vtt: 39.10 KiB / 39.10 KiB  39.92 KiB/s
C:\Users\Kevin\AppData\Local\Temp\cinehome-hls-new-batman-series-s01e02\master_vtt.m3u8: 862.15 KiB / 862.15 KiB  878.13 KiB/s
C:\Users\Kevin\AppData\Local\Temp\cinehome-hls-new-batman-series-s01e02\seg_0000.ts: 2.49 MiB / 2.49 MiB  2.52 MiB/s
C:\Users\Kevin\AppData\Local\Temp\cinehome-hls-new-batman-series-s01e02\seg_0001.ts: 3.75 MiB / 3.75 MiB  3.75 MiB/s
C:\Users\Kevin\AppData\Local\Temp\cinehome-hls-new-batman-series-s01e02\seg_0001.ts: 3.75 MiB / 3.75 MiB  3.73 MiB/s
C:\Users\Kevin\AppData\Local\Temp\cinehome-hls-new-batman-series-s01e02\seg_0001.ts: 3.75 MiB / 3.75 MiB  3.73 MiB/s
C:\Users\Kevin\AppData\Local\Temp\cinehome-hls-new-batman-series-s01e02\seg_0002.ts: 7.02 MiB / 7.02 MiB  6.93 MiB/s
C:\Users\Kevin\AppData\Local\Temp\cinehome-hls-new-batman-series-s01e02\seg_0002.ts: 15.81 MiB / 15.81 MiB  15.61 MiB/s
C:\Users\Kevin\AppData\Local\Temp\cinehome-hls-new-batman-series-s01e02\seg_0002.ts: 26.01 MiB / 26.01 MiB  25.68 MiB/s
C:\Users\Kevin\AppData\Local\Temp\cinehome-hls-new-batman-series-s01e02\seg_0002.ts: 32.61 MiB / 32.61 MiB  32.19 MiB/s
C:\Users\Kevin\AppData\Local\Temp\cinehome-hls-new-batman-series-s01e02\seg_0006.ts: 46.02 MiB / 46.02 MiB  45.40 MiB/s
C:\Users\Kevin\AppData\Local\Temp\cinehome-hls-new-batman-series-s01e02\seg_0006.ts: 52.62 MiB / 52.62 MiB  51.88 MiB/s
C:\Users\Kevin\AppData\Local\Temp\cinehome-hls-new-batman-series-s01e02\seg_0007.ts: 54.85 MiB / 54.85 MiB  54.08 MiB/s
C:\Users\Kevin\AppData\Local\Temp\cinehome-hls-new-batman-series-s01e02\seg_0008.ts: 56.63 MiB / 56.63 MiB  55.79 MiB/s
C:\Users\Kevin\AppData\Local\Temp\cinehome-hls-new-batman-series-s01e02\seg_0009.ts: 57.21 MiB / 57.21 MiB  56.37 MiB/s
C:\Users\Kevin\AppData\Local\Temp\cinehome-hls-new-batman-series-s01e02\seg_0011.ts: 57.54 MiB / 57.54 MiB  56.56 MiB/s
C:\Users\Kevin\AppData\Local\Temp\cinehome-hls-new-batman-series-s01e02\seg_0012.ts: 58.44 MiB / 58.44 MiB  55.53 MiB/s
C:\Users\Kevin\AppData\Local\Temp\cinehome-hls-new-batman-series-s01e02\seg_0013.ts: 58.86 MiB / 58.86 MiB  54.08 MiB/s
C:\Users\Kevin\AppData\Local\Temp\cinehome-hls-new-batman-series-s01e02\seg_0014.ts: 59.46 MiB / 59.46 MiB  54.58 MiB/s
C:\Users\Kevin\AppData\Local\Temp\cinehome-hls-new-batman-series-s01e02\seg_0015.ts: 60.02 MiB / 60.02 MiB  54.08 MiB/s
C:\Users\Kevin\AppData\Local\Temp\cinehome-hls-new-batman-series-s01e02\seg_0015.ts: 60.02 MiB / 60.02 MiB  53.13 MiB/s
C:\Users\Kevin\AppData\Local\Temp\cinehome-hls-new-batman-series-s01e02\seg_0015.ts: 60.02 MiB / 60.02 MiB  53.13 MiB/s
C:\Users\Kevin\AppData\Local\Temp\cinehome-hls-new-batman-series-s01e02\seg_0016.ts: 60.71 MiB / 60.71 MiB  51.29 MiB/s
C:\Users\Kevin\AppData\Local\Temp\cinehome-hls-new-batman-series-s01e02\seg_0017.ts: 62.28 MiB / 62.28 MiB  52.42 MiB/s
C:\Users\Kevin\AppData\Local\Temp\cinehome-hls-new-batman-series-s01e02\seg_0018.ts: 62.78 MiB / 62.78 MiB  52.35 MiB/s
C:\Users\Kevin\AppData\Local\Temp\cinehome-hls-new-batman-series-s01e02\seg_0019.ts: 63.82 MiB / 63.82 MiB  53.10 MiB/s
C:\Users\Kevin\AppData\Local\Temp\cinehome-hls-new-batman-series-s01e02\seg_0020.ts: 65.92 MiB / 65.92 MiB  54.82 MiB/s
C:\Users\Kevin\AppData\Local\Temp\cinehome-hls-new-batman-series-s01e02\seg_0020.ts: 65.92 MiB / 65.92 MiB  52.54 MiB/s
C:\Users\Kevin\AppData\Local\Temp\cinehome-hls-new-batman-series-s01e02\seg_0020.ts: 65.92 MiB / 65.92 MiB  52.54 MiB/s
C:\Users\Kevin\AppData\Local\Temp\cinehome-hls-new-batman-series-s01e02\seg_0021.ts: 67.36 MiB / 67.36 MiB  52.79 MiB/s
C:\Users\Kevin\AppData\Local\Temp\cinehome-hls-new-batman-series-s01e02\seg_0022.ts: 69.68 MiB / 69.68 MiB  53.70 MiB/s
C:\Users\Kevin\AppData\Local\Temp\cinehome-hls-new-batman-series-s01e02\seg_0023.ts: 70.51 MiB / 70.51 MiB  54.27 MiB/s
C:\Users\Kevin\AppData\Local\Temp\cinehome-hls-new-batman-series-s01e02\seg_0024.ts: 71.89 MiB / 71.89 MiB  54.83 MiB/s
C:\Users\Kevin\AppData\Local\Temp\cinehome-hls-new-batman-series-s01e02\seg_0025.ts: 73.51 MiB / 73.51 MiB  55.99 MiB/s
C:\Users\Kevin\AppData\Local\Temp\cinehome-hls-new-batman-series-s01e02\seg_0025.ts: 73.51 MiB / 73.51 MiB  53.27 MiB/s
C:\Users\Kevin\AppData\Local\Temp\cinehome-hls-new-batman-series-s01e02\seg_0025.ts: 73.51 MiB / 73.51 MiB  53.27 MiB/s
C:\Users\Kevin\AppData\Local\Temp\cinehome-hls-new-batman-series-s01e02\seg_0026.ts: 74.16 MiB / 74.16 MiB  50.76 MiB/s
C:\Users\Kevin\AppData\Local\Temp\cinehome-hls-new-batman-series-s01e02\seg_0026.ts: 74.16 MiB / 74.16 MiB  49.26 MiB/s
C:\Users\Kevin\AppData\Local\Temp\cinehome-hls-new-batman-series-s01e02\seg_0026.ts: 74.16 MiB / 74.16 MiB  49.26 MiB/s
C:\Users\Kevin\AppData\Local\Temp\cinehome-hls-new-batman-series-s01e02\seg_0027.ts: 76.29 MiB / 76.29 MiB  49.56 MiB/s
C:\Users\Kevin\AppData\Local\Temp\cinehome-hls-new-batman-series-s01e02\seg_0027.ts: 76.29 MiB / 76.29 MiB  46.78 MiB/s
C:\Users\Kevin\AppData\Local\Temp\cinehome-hls-new-batman-series-s01e02\seg_0027.ts: 76.29 MiB / 76.29 MiB  46.77 MiB/s
C:\Users\Kevin\AppData\Local\Temp\cinehome-hls-new-batman-series-s01e02\seg_0028.ts: 76.97 MiB / 76.97 MiB  46.82 MiB/s
C:\Users\Kevin\AppData\Local\Temp\cinehome-hls-new-batman-series-s01e02\seg_0028.ts: 76.97 MiB / 76.97 MiB  43.81 MiB/s
C:\Users\Kevin\AppData\Local\Temp\cinehome-hls-new-batman-series-s01e02\seg_0028.ts: 76.97 MiB / 76.97 MiB  43.81 MiB/s
C:\Users\Kevin\AppData\Local\Temp\cinehome-hls-new-batman-series-s01e02\seg_0029.ts: 77.46 MiB / 77.46 MiB  41.45 MiB/s
C:\Users\Kevin\AppData\Local\Temp\cinehome-hls-new-batman-series-s01e02\seg_0029.ts: 79.89 MiB / 79.89 MiB  42.45 MiB/s
C:\Users\Kevin\AppData\Local\Temp\cinehome-hls-new-batman-series-s01e02\seg_0029.ts: 80.35 MiB / 80.35 MiB  42.70 MiB/s
C:\Users\Kevin\AppData\Local\Temp\cinehome-hls-new-batman-series-s01e02\seg_0031.ts: 80.35 MiB / 80.35 MiB  42.67 MiB/s
C:\Users\Kevin\AppData\Local\Temp\cinehome-hls-new-batman-series-s01e02\seg_0031.ts: 80.35 MiB / 80.35 MiB  42.67 MiB/s
C:\Users\Kevin\AppData\Local\Temp\cinehome-hls-new-batman-series-s01e02\seg_0032.ts: 82.13 MiB / 82.13 MiB  41.85 MiB/s
C:\Users\Kevin\AppData\Local\Temp\cinehome-hls-new-batman-series-s01e02\seg_0033.ts: 82.93 MiB / 82.93 MiB  42.21 MiB/s
C:\Users\Kevin\AppData\Local\Temp\cinehome-hls-new-batman-series-s01e02\seg_0034.ts: 83.37 MiB / 83.37 MiB  42.26 MiB/s
C:\Users\Kevin\AppData\Local\Temp\cinehome-hls-new-batman-series-s01e02\seg_0035.ts: 84.09 MiB / 84.09 MiB  42.53 MiB/s
C:\Users\Kevin\AppData\Local\Temp\cinehome-hls-new-batman-series-s01e02\seg_0036.ts: 84.91 MiB / 84.91 MiB  42.94 MiB/s
C:\Users\Kevin\AppData\Local\Temp\cinehome-hls-new-batman-series-s01e02\seg_0037.ts: 85.49 MiB / 85.49 MiB  43.06 MiB/s
C:\Users\Kevin\AppData\Local\Temp\cinehome-hls-new-batman-series-s01e02\seg_0037.ts: 86.70 MiB / 86.70 MiB  43.67 MiB/s
C:\Users\Kevin\AppData\Local\Temp\cinehome-hls-new-batman-series-s01e02\seg_0038.ts: 86.70 MiB / 86.70 MiB  43.15 MiB/s
C:\Users\Kevin\AppData\Local\Temp\cinehome-hls-new-batman-series-s01e02\seg_0038.ts: 86.70 MiB / 86.70 MiB  43.15 MiB/s
C:\Users\Kevin\AppData\Local\Temp\cinehome-hls-new-batman-series-s01e02\seg_0039.ts: 87.89 MiB / 87.89 MiB  41.98 MiB/s
C:\Users\Kevin\AppData\Local\Temp\cinehome-hls-new-batman-series-s01e02\seg_0040.ts: 89.48 MiB / 89.48 MiB  42.11 MiB/s
C:\Users\Kevin\AppData\Local\Temp\cinehome-hls-new-batman-series-s01e02\seg_0041.ts: 90.60 MiB / 90.60 MiB  42.62 MiB/s
C:\Users\Kevin\AppData\Local\Temp\cinehome-hls-new-batman-series-s01e02\seg_0041.ts: 91.89 MiB / 91.89 MiB  43.23 MiB/s
C:\Users\Kevin\AppData\Local\Temp\cinehome-hls-new-batman-series-s01e02\seg_0042.ts: 91.89 MiB / 91.89 MiB  43.05 MiB/s
C:\Users\Kevin\AppData\Local\Temp\cinehome-hls-new-batman-series-s01e02\seg_0042.ts: 91.89 MiB / 91.89 MiB  43.05 MiB/s
C:\Users\Kevin\AppData\Local\Temp\cinehome-hls-new-batman-series-s01e02\seg_0043.ts: 93.05 MiB / 93.05 MiB  43.14 MiB/s
C:\Users\Kevin\AppData\Local\Temp\cinehome-hls-new-batman-series-s01e02\seg_0044.ts: 94.93 MiB / 94.93 MiB  42.50 MiB/s
C:\Users\Kevin\AppData\Local\Temp\cinehome-hls-new-batman-series-s01e02\seg_0045.ts: 95.53 MiB / 95.53 MiB  42.70 MiB/s
C:\Users\Kevin\AppData\Local\Temp\cinehome-hls-new-batman-series-s01e02\seg_0046.ts: 96.63 MiB / 96.63 MiB  43.18 MiB/s
C:\Users\Kevin\AppData\Local\Temp\cinehome-hls-new-batman-series-s01e02\seg_0047.ts: 98.19 MiB / 98.19 MiB  43.84 MiB/s
C:\Users\Kevin\AppData\Local\Temp\cinehome-hls-new-batman-series-s01e02\seg_0048.ts: 99.16 MiB / 99.16 MiB  44.18 MiB/s
C:\Users\Kevin\AppData\Local\Temp\cinehome-hls-new-batman-series-s01e02\seg_0049.ts: 100.83 MiB / 100.83 MiB  44.84 MiB/s
C:\Users\Kevin\AppData\Local\Temp\cinehome-hls-new-batman-series-s01e02\seg_0050.ts: 103.32 MiB / 103.32 MiB  45.92 MiB/s
C:\Users\Kevin\AppData\Local\Temp\cinehome-hls-new-batman-series-s01e02\seg_0050.ts: 103.32 MiB / 103.32 MiB  45.72 MiB/s
C:\Users\Kevin\AppData\Local\Temp\cinehome-hls-new-batman-series-s01e02\seg_0050.ts: 103.32 MiB / 103.32 MiB  45.71 MiB/s
C:\Users\Kevin\AppData\Local\Temp\cinehome-hls-new-batman-series-s01e02\seg_0051.ts: 104.51 MiB / 104.51 MiB  45.96 MiB/s
C:\Users\Kevin\AppData\Local\Temp\cinehome-hls-new-batman-series-s01e02\seg_0051.ts: 105.90 MiB / 105.90 MiB  46.57 MiB/s
C:\Users\Kevin\AppData\Local\Temp\cinehome-hls-new-batman-series-s01e02\seg_0051.ts: 107.14 MiB / 107.14 MiB  47.10 MiB/s
C:\Users\Kevin\AppData\Local\Temp\cinehome-hls-new-batman-series-s01e02\seg_0052.ts: 108.90 MiB / 108.90 MiB  47.88 MiB/s
C:\Users\Kevin\AppData\Local\Temp\cinehome-hls-new-batman-series-s01e02\seg_0052.ts: 111.69 MiB / 111.69 MiB  49.10 MiB/s
C:\Users\Kevin\AppData\Local\Temp\cinehome-hls-new-batman-series-s01e02\seg_0056.ts: 113.96 MiB / 113.96 MiB  49.86 MiB/s
C:\Users\Kevin\AppData\Local\Temp\cinehome-hls-new-batman-series-s01e02\seg_0057.ts: 115.98 MiB / 115.98 MiB  50.36 MiB/s
C:\Users\Kevin\AppData\Local\Temp\cinehome-hls-new-batman-series-s01e02\seg_0057.ts: 115.98 MiB / 115.98 MiB  48.62 MiB/s
C:\Users\Kevin\AppData\Local\Temp\cinehome-hls-new-batman-series-s01e02\seg_0057.ts: 115.98 MiB / 115.98 MiB  48.62 MiB/s
C:\Users\Kevin\AppData\Local\Temp\cinehome-hls-new-batman-series-s01e02\seg_0058.ts: 118.31 MiB / 118.31 MiB  48.23 MiB/s
C:\Users\Kevin\AppData\Local\Temp\cinehome-hls-new-batman-series-s01e02\seg_0058.ts: 120.97 MiB / 120.97 MiB  49.31 MiB/s
C:\Users\Kevin\AppData\Local\Temp\cinehome-hls-new-batman-series-s01e02\seg_0059.ts: 120.97 MiB / 120.97 MiB  48.18 MiB/s
C:\Users\Kevin\AppData\Local\Temp\cinehome-hls-new-batman-series-s01e02\seg_0059.ts: 120.97 MiB / 120.97 MiB  48.18 MiB/s
C:\Users\Kevin\AppData\Local\Temp\cinehome-hls-new-batman-series-s01e02\seg_0060.ts: 122.12 MiB / 122.12 MiB  47.91 MiB/s
C:\Users\Kevin\AppData\Local\Temp\cinehome-hls-new-batman-series-s01e02\seg_0061.ts: 124.22 MiB / 124.22 MiB  48.33 MiB/s
C:\Users\Kevin\AppData\Local\Temp\cinehome-hls-new-batman-series-s01e02\seg_0062.ts: 124.69 MiB / 124.69 MiB  48.45 MiB/s
C:\Users\Kevin\AppData\Local\Temp\cinehome-hls-new-batman-series-s01e02\seg_0062.ts: 124.69 MiB / 124.69 MiB  47.28 MiB/s
C:\Users\Kevin\AppData\Local\Temp\cinehome-hls-new-batman-series-s01e02\seg_0063.ts: 125.38 MiB / 125.38 MiB  47.54 MiB/s
C:\Users\Kevin\AppData\Local\Temp\cinehome-hls-new-batman-series-s01e02\seg_0063.ts: 125.38 MiB / 125.38 MiB  47.54 MiB/s
C:\Users\Kevin\AppData\Local\Temp\cinehome-hls-new-batman-series-s01e02\seg_0064.ts: 126.28 MiB / 126.28 MiB  47.70 MiB/s
C:\Users\Kevin\AppData\Local\Temp\cinehome-hls-new-batman-series-s01e02\seg_0065.ts: 128.02 MiB / 128.02 MiB  48.29 MiB/s
C:\Users\Kevin\AppData\Local\Temp\cinehome-hls-new-batman-series-s01e02\seg_0066.ts: 129.56 MiB / 129.56 MiB  48.88 MiB/s
C:\Users\Kevin\AppData\Local\Temp\cinehome-hls-new-batman-series-s01e02\seg_0067.ts: 132.05 MiB / 132.05 MiB  49.40 MiB/s
C:\Users\Kevin\AppData\Local\Temp\cinehome-hls-new-batman-series-s01e02\seg_0068.ts: 132.56 MiB / 132.56 MiB  49.52 MiB/s
C:\Users\Kevin\AppData\Local\Temp\cinehome-hls-new-batman-series-s01e02\seg_0069.ts: 132.96 MiB / 132.96 MiB  48.84 MiB/s
C:\Users\Kevin\AppData\Local\Temp\cinehome-hls-new-batman-series-s01e02\seg_0070.ts: 134.06 MiB / 134.06 MiB  49.23 MiB/s
C:\Users\Kevin\AppData\Local\Temp\cinehome-hls-new-batman-series-s01e02\seg_0071.ts: 135.13 MiB / 135.13 MiB  49.62 MiB/s
C:\Users\Kevin\AppData\Local\Temp\cinehome-hls-new-batman-series-s01e02\seg_0072.ts: 137.38 MiB / 137.38 MiB  49.83 MiB/s
C:\Users\Kevin\AppData\Local\Temp\cinehome-hls-new-batman-series-s01e02\seg_0072.ts: 137.38 MiB / 137.38 MiB  49.73 MiB/s
C:\Users\Kevin\AppData\Local\Temp\cinehome-hls-new-batman-series-s01e02\seg_0072.ts: 137.38 MiB / 137.38 MiB  49.72 MiB/s
C:\Users\Kevin\AppData\Local\Temp\cinehome-hls-new-batman-series-s01e02\seg_0072.ts: 138.59 MiB / 138.59 MiB  49.40 MiB/s
C:\Users\Kevin\AppData\Local\Temp\cinehome-hls-new-batman-series-s01e02\seg_0072.ts: 139.66 MiB / 139.66 MiB  49.78 MiB/s
C:\Users\Kevin\AppData\Local\Temp\cinehome-hls-new-batman-series-s01e02\seg_0075.ts: 140.67 MiB / 140.67 MiB  50.11 MiB/s
C:\Users\Kevin\AppData\Local\Temp\cinehome-hls-new-batman-series-s01e02\seg_0076.ts: 141.55 MiB / 141.55 MiB  50.26 MiB/s
C:\Users\Kevin\AppData\Local\Temp\cinehome-hls-new-batman-series-s01e02\seg_0076.ts: 142.18 MiB / 142.18 MiB  50.48 MiB/s
C:\Users\Kevin\AppData\Local\Temp\cinehome-hls-new-batman-series-s01e02\seg_0078.ts: 143.32 MiB / 143.32 MiB  50.69 MiB/s
C:\Users\Kevin\AppData\Local\Temp\cinehome-hls-new-batman-series-s01e02\seg_0079.ts: 144.99 MiB / 144.99 MiB  51.01 MiB/s
C:\Users\Kevin\AppData\Local\Temp\cinehome-hls-new-batman-series-s01e02\seg_0080.ts: 147.23 MiB / 147.23 MiB  51.77 MiB/s
C:\Users\Kevin\AppData\Local\Temp\cinehome-hls-new-batman-series-s01e02\seg_0080.ts: 148.63 MiB / 148.63 MiB  51.91 MiB/s
C:\Users\Kevin\AppData\Local\Temp\cinehome-hls-new-batman-series-s01e02\seg_0080.ts: 149.68 MiB / 149.68 MiB  52.28 MiB/s
C:\Users\Kevin\AppData\Local\Temp\cinehome-hls-new-batman-series-s01e02\seg_0080.ts: 150.27 MiB / 150.27 MiB  52.49 MiB/s
C:\Users\Kevin\AppData\Local\Temp\cinehome-hls-new-batman-series-s01e02\seg_0083.ts: 150.27 MiB / 150.27 MiB  52.02 MiB/s
C:\Users\Kevin\AppData\Local\Temp\cinehome-hls-new-batman-series-s01e02\seg_0083.ts: 150.27 MiB / 150.27 MiB  52.02 MiB/s
C:\Users\Kevin\AppData\Local\Temp\cinehome-hls-new-batman-series-s01e02\seg_0084.ts: 151.33 MiB / 151.33 MiB  52.30 MiB/s
C:\Users\Kevin\AppData\Local\Temp\cinehome-hls-new-batman-series-s01e02\seg_0085.ts: 152.48 MiB / 152.48 MiB  52.61 MiB/s
C:\Users\Kevin\AppData\Local\Temp\cinehome-hls-new-batman-series-s01e02\seg_0086.ts: 153.27 MiB / 153.27 MiB  51.01 MiB/s
C:\Users\Kevin\AppData\Local\Temp\cinehome-hls-new-batman-series-s01e02\seg_0086.ts: 153.27 MiB / 153.27 MiB  50.85 MiB/s
C:\Users\Kevin\AppData\Local\Temp\cinehome-hls-new-batman-series-s01e02\seg_0086.ts: 153.27 MiB / 153.27 MiB  50.85 MiB/s
C:\Users\Kevin\AppData\Local\Temp\cinehome-hls-new-batman-series-s01e02\seg_0086.ts: 153.27 MiB / 153.27 MiB  48.82 MiB/s
C:\Users\Kevin\AppData\Local\Temp\cinehome-hls-new-batman-series-s01e02\seg_0086.ts: 153.27 MiB / 153.27 MiB  48.82 MiB/s
C:\Users\Kevin\AppData\Local\Temp\cinehome-hls-new-batman-series-s01e02\seg_0087.ts: 154.26 MiB / 154.26 MiB  48.91 MiB/s
C:\Users\Kevin\AppData\Local\Temp\cinehome-hls-new-batman-series-s01e02\seg_0087.ts: 154.75 MiB / 154.75 MiB  49.06 MiB/s
C:\Users\Kevin\AppData\Local\Temp\cinehome-hls-new-batman-series-s01e02\seg_0089.ts: 155.76 MiB / 155.76 MiB  49.14 MiB/s
C:\Users\Kevin\AppData\Local\Temp\cinehome-hls-new-batman-series-s01e02\seg_0089.ts: 156.49 MiB / 156.49 MiB  49.37 MiB/s
C:\Users\Kevin\AppData\Local\Temp\cinehome-hls-new-batman-series-s01e02\seg_0091.ts: 158.89 MiB / 158.89 MiB  50.11 MiB/s
C:\Users\Kevin\AppData\Local\Temp\cinehome-hls-new-batman-series-s01e02\seg_0092.ts: 160.86 MiB / 160.86 MiB  50.71 MiB/s
C:\Users\Kevin\AppData\Local\Temp\cinehome-hls-new-batman-series-s01e02\seg_0093.ts: 165.05 MiB / 165.05 MiB  52.03 MiB/s
C:\Users\Kevin\AppData\Local\Temp\cinehome-hls-new-batman-series-s01e02\seg_0094.ts: 170.18 MiB / 170.18 MiB  53.63 MiB/s
C:\Users\Kevin\AppData\Local\Temp\cinehome-hls-new-batman-series-s01e02\seg_0095.ts: 182.39 MiB / 182.39 MiB  57.47 MiB/s
C:\Users\Kevin\AppData\Local\Temp\cinehome-hls-new-batman-series-s01e02\seg_0095.ts: 186.72 MiB / 186.72 MiB  58.84 MiB/s
C:\Users\Kevin\AppData\Local\Temp\cinehome-hls-new-batman-series-s01e02\seg_0096.ts: 187.09 MiB / 187.09 MiB  58.94 MiB/s
C:\Users\Kevin\AppData\Local\Temp\cinehome-hls-new-batman-series-s01e02\seg_0097.ts: 188.47 MiB / 188.47 MiB  59.37 MiB/s
C:\Users\Kevin\AppData\Local\Temp\cinehome-hls-new-batman-series-s01e02\seg_0099.ts: 189.65 MiB / 189.65 MiB  58.33 MiB/s
C:\Users\Kevin\AppData\Local\Temp\cinehome-hls-new-batman-series-s01e02\seg_0099.ts: 189.65 MiB / 189.65 MiB  58.08 MiB/s
C:\Users\Kevin\AppData\Local\Temp\cinehome-hls-new-batman-series-s01e02\seg_0099.ts: 189.65 MiB / 189.65 MiB  58.08 MiB/s
C:\Users\Kevin\AppData\Local\Temp\cinehome-hls-new-batman-series-s01e02\seg_0100.ts: 191.54 MiB / 191.54 MiB  58.17 MiB/s
C:\Users\Kevin\AppData\Local\Temp\cinehome-hls-new-batman-series-s01e02\seg_0101.ts: 192.21 MiB / 192.21 MiB  58.37 MiB/s
C:\Users\Kevin\AppData\Local\Temp\cinehome-hls-new-batman-series-s01e02\seg_0102.ts: 192.96 MiB / 192.96 MiB  58.57 MiB/s
C:\Users\Kevin\AppData\Local\Temp\cinehome-hls-new-batman-series-s01e02\seg_0103.ts: 194.43 MiB / 194.43 MiB  58.95 MiB/s
C:\Users\Kevin\AppData\Local\Temp\cinehome-hls-new-batman-series-s01e02\seg_0104.ts: 194.91 MiB / 194.91 MiB  59.07 MiB/s
C:\Users\Kevin\AppData\Local\Temp\cinehome-hls-new-batman-series-s01e02\seg_0104.ts: 194.91 MiB / 194.91 MiB  57.49 MiB/s
C:\Users\Kevin\AppData\Local\Temp\cinehome-hls-new-batman-series-s01e02\seg_0104.ts: 194.91 MiB / 194.91 MiB  57.49 MiB/s
C:\Users\Kevin\AppData\Local\Temp\cinehome-hls-new-batman-series-s01e02\seg_0105.ts: 196.49 MiB / 196.49 MiB  57.37 MiB/s
C:\Users\Kevin\AppData\Local\Temp\cinehome-hls-new-batman-series-s01e02\seg_0106.ts: 197.95 MiB / 197.95 MiB  57.33 MiB/s
C:\Users\Kevin\AppData\Local\Temp\cinehome-hls-new-batman-series-s01e02\seg_0107.ts: 199.23 MiB / 199.23 MiB  56.78 MiB/s
C:\Users\Kevin\AppData\Local\Temp\cinehome-hls-new-batman-series-s01e02\seg_0107.ts: 199.23 MiB / 199.23 MiB  56.67 MiB/s
C:\Users\Kevin\AppData\Local\Temp\cinehome-hls-new-batman-series-s01e02\seg_0107.ts: 199.23 MiB / 199.23 MiB  56.67 MiB/s
C:\Users\Kevin\AppData\Local\Temp\cinehome-hls-new-batman-series-s01e02\seg_0108.ts: 200.55 MiB / 200.55 MiB  56.92 MiB/s
C:\Users\Kevin\AppData\Local\Temp\cinehome-hls-new-batman-series-s01e02\seg_0109.ts: 201.20 MiB / 201.20 MiB  56.69 MiB/s
C:\Users\Kevin\AppData\Local\Temp\cinehome-hls-new-batman-series-s01e02\seg_0110.ts: 203.12 MiB / 203.12 MiB  57.24 MiB/s
C:\Users\Kevin\AppData\Local\Temp\cinehome-hls-new-batman-series-s01e02\seg_0111.ts: 204.47 MiB / 204.47 MiB  57.57 MiB/s
C:\Users\Kevin\AppData\Local\Temp\cinehome-hls-new-batman-series-s01e02\seg_0112.ts: 206.14 MiB / 206.14 MiB  57.66 MiB/s
C:\Users\Kevin\AppData\Local\Temp\cinehome-hls-new-batman-series-s01e02\seg_0113.ts: 207.07 MiB / 207.07 MiB  57.85 MiB/s
C:\Users\Kevin\AppData\Local\Temp\cinehome-hls-new-batman-series-s01e02\seg_0113.ts: 207.07 MiB / 207.07 MiB  56.86 MiB/s
C:\Users\Kevin\AppData\Local\Temp\cinehome-hls-new-batman-series-s01e02\seg_0113.ts: 207.07 MiB / 207.07 MiB  56.86 MiB/s
C:\Users\Kevin\AppData\Local\Temp\cinehome-hls-new-batman-series-s01e02\seg_0113.ts: 207.07 MiB / 207.07 MiB  54.97 MiB/s
C:\Users\Kevin\AppData\Local\Temp\cinehome-hls-new-batman-series-s01e02\seg_0113.ts: 207.07 MiB / 207.07 MiB  54.97 MiB/s
C:\Users\Kevin\AppData\Local\Temp\cinehome-hls-new-batman-series-s01e02\seg_0114.ts: 209.68 MiB / 209.68 MiB  55.64 MiB/s
C:\Users\Kevin\AppData\Local\Temp\cinehome-hls-new-batman-series-s01e02\seg_0114.ts: 210.72 MiB / 210.72 MiB  55.92 MiB/s
C:\Users\Kevin\AppData\Local\Temp\cinehome-hls-new-batman-series-s01e02\seg_0116.ts: 211.14 MiB / 211.14 MiB  54.82 MiB/s
C:\Users\Kevin\AppData\Local\Temp\cinehome-hls-new-batman-series-s01e02\seg_0116.ts: 211.14 MiB / 211.14 MiB  54.24 MiB/s
C:\Users\Kevin\AppData\Local\Temp\cinehome-hls-new-batman-series-s01e02\seg_0116.ts: 211.14 MiB / 211.14 MiB  54.24 MiB/s
C:\Users\Kevin\AppData\Local\Temp\cinehome-hls-new-batman-series-s01e02\seg_0117.ts: 213.09 MiB / 213.09 MiB  54.19 MiB/s
C:\Users\Kevin\AppData\Local\Temp\cinehome-hls-new-batman-series-s01e02\seg_0117.ts: 215.07 MiB / 215.07 MiB  54.68 MiB/s
C:\Users\Kevin\AppData\Local\Temp\cinehome-hls-new-batman-series-s01e02\seg_0118.ts: 215.85 MiB / 215.85 MiB  54.87 MiB/s
C:\Users\Kevin\AppData\Local\Temp\cinehome-hls-new-batman-series-s01e02\seg_0118.ts: 216.75 MiB / 216.75 MiB  55.09 MiB/s
C:\Users\Kevin\AppData\Local\Temp\cinehome-hls-new-batman-series-s01e02\seg_0120.ts: 218.18 MiB / 218.18 MiB  55.45 MiB/s
C:\Users\Kevin\AppData\Local\Temp\cinehome-hls-new-batman-series-s01e02\seg_0120.ts: 219.94 MiB / 219.94 MiB  55.89 MiB/s
C:\Users\Kevin\AppData\Local\Temp\cinehome-hls-new-batman-series-s01e02\seg_0123.ts: 221.96 MiB / 221.96 MiB  56.40 MiB/s
C:\Users\Kevin\AppData\Local\Temp\cinehome-hls-new-batman-series-s01e02\seg_0123.ts: 224.08 MiB / 224.08 MiB  56.94 MiB/s
C:\Users\Kevin\AppData\Local\Temp\cinehome-hls-new-batman-series-s01e02\seg_0125.ts: 224.62 MiB / 224.62 MiB  56.47 MiB/s
C:\Users\Kevin\AppData\Local\Temp\cinehome-hls-new-batman-series-s01e02\seg_0126.ts: 225.00 MiB / 225.00 MiB  56.54 MiB/s
C:\Users\Kevin\AppData\Local\Temp\cinehome-hls-new-batman-series-s01e02\seg_0127.ts: 226.75 MiB / 226.75 MiB  56.96 MiB/s
C:\Users\Kevin\AppData\Local\Temp\cinehome-hls-new-batman-series-s01e02\seg_0128.ts: 227.35 MiB / 227.35 MiB  57.01 MiB/s
C:\Users\Kevin\AppData\Local\Temp\cinehome-hls-new-batman-series-s01e02\seg_0129.ts: 229.01 MiB / 229.01 MiB  57.37 MiB/s
C:\Users\Kevin\AppData\Local\Temp\cinehome-hls-new-batman-series-s01e02\seg_0130.ts: 229.66 MiB / 229.66 MiB  57.40 MiB/s
C:\Users\Kevin\AppData\Local\Temp\cinehome-hls-new-batman-series-s01e02\seg_0130.ts: 231.32 MiB / 231.32 MiB  57.82 MiB/s
C:\Users\Kevin\AppData\Local\Temp\cinehome-hls-new-batman-series-s01e02\seg_0130.ts: 232.18 MiB / 232.18 MiB  58.03 MiB/s
C:\Users\Kevin\AppData\Local\Temp\cinehome-hls-new-batman-series-s01e02\seg_0130.ts: 234.44 MiB / 234.44 MiB  58.60 MiB/s
C:\Users\Kevin\AppData\Local\Temp\cinehome-hls-new-batman-series-s01e02\seg_0133.ts: 235.44 MiB / 235.44 MiB  58.84 MiB/s
C:\Users\Kevin\AppData\Local\Temp\cinehome-hls-new-batman-series-s01e02\seg_0133.ts: 236.83 MiB / 236.83 MiB  59.19 MiB/s
C:\Users\Kevin\AppData\Local\Temp\cinehome-hls-new-batman-series-s01e02\seg_0133.ts: 238.63 MiB / 238.63 MiB  59.63 MiB/s
C:\Users\Kevin\AppData\Local\Temp\cinehome-hls-new-batman-series-s01e02\seg_0131.ts: 240.93 MiB / 240.93 MiB  60.20 MiB/s
C:\Users\Kevin\AppData\Local\Temp\cinehome-hls-new-batman-series-s01e02\seg_0134.ts: 244.28 MiB / 244.28 MiB  61.04 MiB/s
C:\Users\Kevin\AppData\Local\Temp\cinehome-hls-new-batman-series-s01e02\seg_0138.ts: 246.55 MiB / 246.55 MiB  61.60 MiB/s
C:\Users\Kevin\AppData\Local\Temp\cinehome-hls-new-batman-series-s01e02\seg_0139.ts: 248.34 MiB / 248.34 MiB  62.03 MiB/s
C:\Users\Kevin\AppData\Local\Temp\cinehome-hls-new-batman-series-s01e02\seg_0140.ts: 251.57 MiB / 251.57 MiB  62.82 MiB/s
C:\Users\Kevin\AppData\Local\Temp\cinehome-hls-new-batman-series-s01e02\seg_0141.ts: 251.57 MiB / 251.57 MiB  62.60 MiB/s
C:\Users\Kevin\AppData\Local\Temp\cinehome-hls-new-batman-series-s01e02\seg_0141.ts: 251.57 MiB / 251.57 MiB  62.60 MiB/s
C:\Users\Kevin\AppData\Local\Temp\cinehome-hls-new-batman-series-s01e02\seg_0142.ts: 253.14 MiB / 253.14 MiB  61.82 MiB/s
C:\Users\Kevin\AppData\Local\Temp\cinehome-hls-new-batman-series-s01e02\seg_0142.ts: 253.14 MiB / 253.14 MiB  61.08 MiB/s
C:\Users\Kevin\AppData\Local\Temp\cinehome-hls-new-batman-series-s01e02\seg_0142.ts: 253.14 MiB / 253.14 MiB  61.08 MiB/s
C:\Users\Kevin\AppData\Local\Temp\cinehome-hls-new-batman-series-s01e02\seg_0143.ts: 254.58 MiB / 254.58 MiB  60.22 MiB/s
C:\Users\Kevin\AppData\Local\Temp\cinehome-hls-new-batman-series-s01e02\seg_0143.ts: 254.58 MiB / 254.58 MiB  59.62 MiB/s
C:\Users\Kevin\AppData\Local\Temp\cinehome-hls-new-batman-series-s01e02\seg_0143.ts: 254.58 MiB / 254.58 MiB  59.62 MiB/s
C:\Users\Kevin\AppData\Local\Temp\cinehome-hls-new-batman-series-s01e02\seg_0144.ts: 255.94 MiB / 255.94 MiB  58.30 MiB/s
C:\Users\Kevin\AppData\Local\Temp\cinehome-hls-new-batman-series-s01e02\seg_0144.ts: 255.94 MiB / 255.94 MiB  58.23 MiB/s
C:\Users\Kevin\AppData\Local\Temp\cinehome-hls-new-batman-series-s01e02\seg_0144.ts: 255.94 MiB / 255.94 MiB  58.23 MiB/s
C:\Users\Kevin\AppData\Local\Temp\cinehome-hls-new-batman-series-s01e02\seg_0145.ts: 256.45 MiB / 256.45 MiB  57.65 MiB/s
C:\Users\Kevin\AppData\Local\Temp\cinehome-hls-new-batman-series-s01e02\seg_0146.ts: 257.53 MiB / 257.53 MiB  57.22 MiB/s
C:\Users\Kevin\AppData\Local\Temp\cinehome-hls-new-batman-series-s01e02\seg_0146.ts: 257.53 MiB / 257.53 MiB  56.96 MiB/s
C:\Users\Kevin\AppData\Local\Temp\cinehome-hls-new-batman-series-s01e02\seg_0146.ts: 257.53 MiB / 257.53 MiB  56.96 MiB/s
C:\Users\Kevin\AppData\Local\Temp\cinehome-hls-new-batman-series-s01e02\seg_0147.ts: 258.02 MiB / 258.02 MiB  56.94 MiB/s
C:\Users\Kevin\AppData\Local\Temp\cinehome-hls-new-batman-series-s01e02\seg_0147.ts: 259.50 MiB / 259.50 MiB  57.27 MiB/s
C:\Users\Kevin\AppData\Local\Temp\cinehome-hls-new-batman-series-s01e02\seg_0147.ts: 260.40 MiB / 260.40 MiB  57.47 MiB/s
C:\Users\Kevin\AppData\Local\Temp\cinehome-hls-new-batman-series-s01e02\seg_0147.ts: 261.08 MiB / 261.08 MiB  57.62 MiB/s
C:\Users\Kevin\AppData\Local\Temp\cinehome-hls-new-batman-series-s01e02\seg_0151.ts: 262.71 MiB / 262.71 MiB  57.96 MiB/s
C:\Users\Kevin\AppData\Local\Temp\cinehome-hls-new-batman-series-s01e02\seg_0152.ts: 264.53 MiB / 264.53 MiB  58.36 MiB/s
C:\Users\Kevin\AppData\Local\Temp\cinehome-hls-new-batman-series-s01e02\seg_0152.ts: 265.23 MiB / 265.23 MiB  58.50 MiB/s
C:\Users\Kevin\AppData\Local\Temp\cinehome-hls-new-batman-series-s01e02\seg_0154.ts: 265.80 MiB / 265.80 MiB  58.57 MiB/s
C:\Users\Kevin\AppData\Local\Temp\cinehome-hls-new-batman-series-s01e02\seg_0155.ts: 266.88 MiB / 266.88 MiB  58.55 MiB/s
C:\Users\Kevin\AppData\Local\Temp\cinehome-hls-new-batman-series-s01e02\seg_0156.ts: 268.37 MiB / 268.37 MiB  58.81 MiB/s
C:\Users\Kevin\AppData\Local\Temp\cinehome-hls-new-batman-series-s01e02\seg_0157.ts: 270.35 MiB / 270.35 MiB  59.18 MiB/s
C:\Users\Kevin\AppData\Local\Temp\cinehome-hls-new-batman-series-s01e02\seg_0158.ts: 272.22 MiB / 272.22 MiB  59.56 MiB/s
C:\Users\Kevin\AppData\Local\Temp\cinehome-hls-new-batman-series-s01e02\seg_0159.ts: 272.65 MiB / 272.65 MiB  59.65 MiB/s
C:\Users\Kevin\AppData\Local\Temp\cinehome-hls-new-batman-series-s01e02\seg_0160.ts: 273.86 MiB / 273.86 MiB  59.90 MiB/s
C:\Users\Kevin\AppData\Local\Temp\cinehome-hls-new-batman-series-s01e02\seg_0161.ts: 275.28 MiB / 275.28 MiB  60.20 MiB/s
C:\Users\Kevin\AppData\Local\Temp\cinehome-hls-new-batman-series-s01e02\seg_0162.ts: 276.52 MiB / 276.52 MiB  60.43 MiB/s
C:\Users\Kevin\AppData\Local\Temp\cinehome-hls-new-batman-series-s01e02\seg_0163.ts: 278.52 MiB / 278.52 MiB  60.86 MiB/s
C:\Users\Kevin\AppData\Local\Temp\cinehome-hls-new-batman-series-s01e02\seg_0163.ts: 279.92 MiB / 279.92 MiB  61.16 MiB/s
C:\Users\Kevin\AppData\Local\Temp\cinehome-hls-new-batman-series-s01e02\seg_0163.ts: 282.17 MiB / 282.17 MiB  61.65 MiB/s
C:\Users\Kevin\AppData\Local\Temp\cinehome-hls-new-batman-series-s01e02\seg_0164.ts: 282.87 MiB / 282.87 MiB  61.80 MiB/s
C:\Users\Kevin\AppData\Local\Temp\cinehome-hls-new-batman-series-s01e02\seg_0164.ts: 283.31 MiB / 283.31 MiB  61.89 MiB/s
C:\Users\Kevin\AppData\Local\Temp\cinehome-hls-new-batman-series-s01e02\seg_0164.ts: 285.12 MiB / 285.12 MiB  62.29 MiB/s
C:\Users\Kevin\AppData\Local\Temp\cinehome-hls-new-batman-series-s01e02\seg_0164.ts: 286.45 MiB / 286.45 MiB  62.57 MiB/s
C:\Users\Kevin\AppData\Local\Temp\cinehome-hls-new-batman-series-s01e02\seg_0167.ts: 287.21 MiB / 287.21 MiB  62.74 MiB/s
C:\Users\Kevin\AppData\Local\Temp\cinehome-hls-new-batman-series-s01e02\seg_0171.ts: 287.82 MiB / 287.82 MiB  62.64 MiB/s
C:\Users\Kevin\AppData\Local\Temp\cinehome-hls-new-batman-series-s01e02\seg_0171.ts: 287.82 MiB / 287.82 MiB  61.94 MiB/s
C:\Users\Kevin\AppData\Local\Temp\cinehome-hls-new-batman-series-s01e02\seg_0171.ts: 287.82 MiB / 287.82 MiB  61.94 MiB/s
C:\Users\Kevin\AppData\Local\Temp\cinehome-hls-new-batman-series-s01e02\seg_0172.ts: 289.79 MiB / 289.79 MiB  61.38 MiB/s
C:\Users\Kevin\AppData\Local\Temp\cinehome-hls-new-batman-series-s01e02\seg_0173.ts: 290.69 MiB / 290.69 MiB  61.08 MiB/s
C:\Users\Kevin\AppData\Local\Temp\cinehome-hls-new-batman-series-s01e02\seg_0173.ts: 292.34 MiB / 292.34 MiB  61.41 MiB/s
C:\Users\Kevin\AppData\Local\Temp\cinehome-hls-new-batman-series-s01e02\seg_0174.ts: 292.34 MiB / 292.34 MiB  61.25 MiB/s
C:\Users\Kevin\AppData\Local\Temp\cinehome-hls-new-batman-series-s01e02\seg_0174.ts: 292.34 MiB / 292.34 MiB  61.25 MiB/s
C:\Users\Kevin\AppData\Local\Temp\cinehome-hls-new-batman-series-s01e02\seg_0174.ts: 292.34 MiB / 292.34 MiB  59.69 MiB/s
C:\Users\Kevin\AppData\Local\Temp\cinehome-hls-new-batman-series-s01e02\seg_0174.ts: 292.34 MiB / 292.34 MiB  59.68 MiB/s
C:\Users\Kevin\AppData\Local\Temp\cinehome-hls-new-batman-series-s01e02\seg_0175.ts: 294.22 MiB / 294.22 MiB  59.43 MiB/s
C:\Users\Kevin\AppData\Local\Temp\cinehome-hls-new-batman-series-s01e02\seg_0176.ts: 296.36 MiB / 296.36 MiB  59.81 MiB/s
C:\Users\Kevin\AppData\Local\Temp\cinehome-hls-new-batman-series-s01e02\seg_0177.ts: 296.98 MiB / 296.98 MiB  59.94 MiB/s
C:\Users\Kevin\AppData\Local\Temp\cinehome-hls-new-batman-series-s01e02\seg_0178.ts: 298.41 MiB / 298.41 MiB  60.10 MiB/s
C:\Users\Kevin\AppData\Local\Temp\cinehome-hls-new-batman-series-s01e02\seg_0179.ts: 299.68 MiB / 299.68 MiB  60.35 MiB/s
C:\Users\Kevin\AppData\Local\Temp\cinehome-hls-new-batman-series-s01e02\seg_0180.ts: 301.30 MiB / 301.30 MiB  60.36 MiB/s
C:\Users\Kevin\AppData\Local\Temp\cinehome-hls-new-batman-series-s01e02\seg_0181.ts: 302.09 MiB / 302.09 MiB  60.34 MiB/s
C:\Users\Kevin\AppData\Local\Temp\cinehome-hls-new-batman-series-s01e02\seg_0181.ts: 302.09 MiB / 302.09 MiB  60.14 MiB/s
C:\Users\Kevin\AppData\Local\Temp\cinehome-hls-new-batman-series-s01e02\seg_0181.ts: 302.09 MiB / 302.09 MiB  60.14 MiB/s
C:\Users\Kevin\AppData\Local\Temp\cinehome-hls-new-batman-series-s01e02\seg_0181.ts: 302.09 MiB / 302.09 MiB  58.67 MiB/s
C:\Users\Kevin\AppData\Local\Temp\cinehome-hls-new-batman-series-s01e02\seg_0181.ts: 302.09 MiB / 302.09 MiB  58.67 MiB/s
C:\Users\Kevin\AppData\Local\Temp\cinehome-hls-new-batman-series-s01e02\seg_0182.ts: 303.60 MiB / 303.60 MiB  58.93 MiB/s
C:\Users\Kevin\AppData\Local\Temp\cinehome-hls-new-batman-series-s01e02\seg_0183.ts: 304.82 MiB / 304.82 MiB  58.87 MiB/s
C:\Users\Kevin\AppData\Local\Temp\cinehome-hls-new-batman-series-s01e02\seg_0184.ts: 306.92 MiB / 306.92 MiB  59.13 MiB/s
C:\Users\Kevin\AppData\Local\Temp\cinehome-hls-new-batman-series-s01e02\seg_0185.ts: 307.97 MiB / 307.97 MiB  59.30 MiB/s
C:\Users\Kevin\AppData\Local\Temp\cinehome-hls-new-batman-series-s01e02\seg_0186.ts: 308.97 MiB / 308.97 MiB  59.46 MiB/s
C:\Users\Kevin\AppData\Local\Temp\cinehome-hls-new-batman-series-s01e02\seg_0187.ts: 310.88 MiB / 310.88 MiB  59.77 MiB/s
C:\Users\Kevin\AppData\Local\Temp\cinehome-hls-new-batman-series-s01e02\seg_0188.ts: 311.70 MiB / 311.70 MiB  59.87 MiB/s
C:\Users\Kevin\AppData\Local\Temp\cinehome-hls-new-batman-series-s01e02\seg_0188.ts: 312.48 MiB / 312.48 MiB  60.02 MiB/s
C:\Users\Kevin\AppData\Local\Temp\cinehome-hls-new-batman-series-s01e02\seg_0190.ts: 313.81 MiB / 313.81 MiB  60.25 MiB/s
C:\Users\Kevin\AppData\Local\Temp\cinehome-hls-new-batman-series-s01e02\seg_0191.ts: 314.77 MiB / 314.77 MiB  60.38 MiB/s
C:\Users\Kevin\AppData\Local\Temp\cinehome-hls-new-batman-series-s01e02\seg_0192.ts: 315.96 MiB / 315.96 MiB  60.55 MiB/s
C:\Users\Kevin\AppData\Local\Temp\cinehome-hls-new-batman-series-s01e02\seg_0193.ts: 317.73 MiB / 317.73 MiB  60.84 MiB/s
C:\Users\Kevin\AppData\Local\Temp\cinehome-hls-new-batman-series-s01e02\seg_0194.ts: 318.44 MiB / 318.44 MiB  60.91 MiB/s
C:\Users\Kevin\AppData\Local\Temp\cinehome-hls-new-batman-series-s01e02\seg_0195.ts: 320.51 MiB / 320.51 MiB  61.30 MiB/s
C:\Users\Kevin\AppData\Local\Temp\cinehome-hls-new-batman-series-s01e02\seg_0195.ts: 321.10 MiB / 321.10 MiB  61.40 MiB/s
C:\Users\Kevin\AppData\Local\Temp\cinehome-hls-new-batman-series-s01e02\seg_0197.ts: 322.10 MiB / 322.10 MiB  61.54 MiB/s
C:\Users\Kevin\AppData\Local\Temp\cinehome-hls-new-batman-series-s01e02\seg_0198.ts: 322.94 MiB / 322.94 MiB  61.51 MiB/s
C:\Users\Kevin\AppData\Local\Temp\cinehome-hls-new-batman-series-s01e02\seg_0199.ts: 324.40 MiB / 324.40 MiB  61.54 MiB/s
C:\Users\Kevin\AppData\Local\Temp\cinehome-hls-new-batman-series-s01e02\seg_0199.ts: 324.40 MiB / 324.40 MiB  61.50 MiB/s
C:\Users\Kevin\AppData\Local\Temp\cinehome-hls-new-batman-series-s01e02\seg_0199.ts: 324.40 MiB / 324.40 MiB  61.50 MiB/s
C:\Users\Kevin\AppData\Local\Temp\cinehome-hls-new-batman-series-s01e02\seg_0200.ts: 326.31 MiB / 326.31 MiB  61.83 MiB/s
C:\Users\Kevin\AppData\Local\Temp\cinehome-hls-new-batman-series-s01e02\seg_0201.ts: 328.47 MiB / 328.47 MiB  62.23 MiB/s
C:\Users\Kevin\AppData\Local\Temp\cinehome-hls-new-batman-series-s01e02\seg_0202.ts: 329.89 MiB / 329.89 MiB  62.24 MiB/s
C:\Users\Kevin\AppData\Local\Temp\cinehome-hls-new-batman-series-s01e02\seg_0203.ts: 330.98 MiB / 330.98 MiB  62.43 MiB/s
C:\Users\Kevin\AppData\Local\Temp\cinehome-hls-new-batman-series-s01e02\seg_0203.ts: 331.59 MiB / 331.59 MiB  62.55 MiB/s
C:\Users\Kevin\AppData\Local\Temp\cinehome-hls-new-batman-series-s01e02\seg_0205.ts: 332.20 MiB / 332.20 MiB  62.22 MiB/s
C:\Users\Kevin\AppData\Local\Temp\cinehome-hls-new-batman-series-s01e02\seg_0206.ts: 333.22 MiB / 333.22 MiB  61.87 MiB/s
C:\Users\Kevin\AppData\Local\Temp\cinehome-hls-new-batman-series-s01e02\seg_0206.ts: 333.22 MiB / 333.22 MiB  61.71 MiB/s
C:\Users\Kevin\AppData\Local\Temp\cinehome-hls-new-batman-series-s01e02\seg_0206.ts: 333.22 MiB / 333.22 MiB  61.71 MiB/s
C:\Users\Kevin\AppData\Local\Temp\cinehome-hls-new-batman-series-s01e02\seg_0207.ts: 334.00 MiB / 334.00 MiB  61.85 MiB/s
C:\Users\Kevin\AppData\Local\Temp\cinehome-hls-new-batman-series-s01e02\seg_0207.ts: 334.71 MiB / 334.71 MiB  61.98 MiB/s
C:\Users\Kevin\AppData\Local\Temp\cinehome-hls-new-batman-series-s01e02\seg_0209.ts: 336.55 MiB / 336.55 MiB  62.05 MiB/s
C:\Users\Kevin\AppData\Local\Temp\cinehome-hls-new-batman-series-s01e02\seg_0210.ts: 338.51 MiB / 338.51 MiB  61.35 MiB/s
C:\Users\Kevin\AppData\Local\Temp\cinehome-hls-new-batman-series-s01e02\seg_0210.ts: 338.51 MiB / 338.51 MiB  61.27 MiB/s
C:\Users\Kevin\AppData\Local\Temp\cinehome-hls-new-batman-series-s01e02\seg_0210.ts: 338.51 MiB / 338.51 MiB  61.27 MiB/s
C:\Users\Kevin\AppData\Local\Temp\cinehome-hls-new-batman-series-s01e02\seg_0211.ts: 340.04 MiB / 340.04 MiB  61.42 MiB/s
C:\Users\Kevin\AppData\Local\Temp\cinehome-hls-new-batman-series-s01e02\seg_0212.ts: 342.07 MiB / 342.07 MiB  61.18 MiB/s
C:\Users\Kevin\AppData\Local\Temp\cinehome-hls-new-batman-series-s01e02\seg_0213.ts: 344.34 MiB / 344.34 MiB  61.40 MiB/s
C:\Users\Kevin\AppData\Local\Temp\cinehome-hls-new-batman-series-s01e02\seg_0214.ts: 346.11 MiB / 346.11 MiB  61.70 MiB/s
C:\Users\Kevin\AppData\Local\Temp\cinehome-hls-new-batman-series-s01e02\seg_0215.ts: 348.22 MiB / 348.22 MiB  61.99 MiB/s
C:\Users\Kevin\AppData\Local\Temp\cinehome-hls-new-batman-series-s01e02\seg_0216.ts: 350.85 MiB / 350.85 MiB  62.44 MiB/s
C:\Users\Kevin\AppData\Local\Temp\cinehome-hls-new-batman-series-s01e02\seg_0217.ts: 352.38 MiB / 352.38 MiB  62.64 MiB/s
C:\Users\Kevin\AppData\Local\Temp\cinehome-hls-new-batman-series-s01e02\seg_0218.ts: 355.03 MiB / 355.03 MiB  62.95 MiB/s
C:\Users\Kevin\AppData\Local\Temp\cinehome-hls-new-batman-series-s01e02\seg_0218.ts: 355.03 MiB / 355.03 MiB  62.83 MiB/s
C:\Users\Kevin\AppData\Local\Temp\cinehome-hls-new-batman-series-s01e02\seg_0218.ts: 355.03 MiB / 355.03 MiB  62.83 MiB/s
C:\Users\Kevin\AppData\Local\Temp\cinehome-hls-new-batman-series-s01e02\seg_0219.ts: 357.22 MiB / 357.22 MiB  62.94 MiB/s
C:\Users\Kevin\AppData\Local\Temp\cinehome-hls-new-batman-series-s01e02\seg_0220.ts: 359.78 MiB / 359.78 MiB  63.34 MiB/s
C:\Users\Kevin\AppData\Local\Temp\cinehome-hls-new-batman-series-s01e02\seg_0221.ts: 361.28 MiB / 361.28 MiB  63.36 MiB/s
C:\Users\Kevin\AppData\Local\Temp\cinehome-hls-new-batman-series-s01e02\seg_0222.ts: 363.32 MiB / 363.32 MiB  63.56 MiB/s
C:\Users\Kevin\AppData\Local\Temp\cinehome-hls-new-batman-series-s01e02\seg_0223.ts: 364.59 MiB / 364.59 MiB  63.75 MiB/s
C:\Users\Kevin\AppData\Local\Temp\cinehome-hls-new-batman-series-s01e02\seg_0224.ts: 365.75 MiB / 365.75 MiB  63.91 MiB/s
C:\Users\Kevin\AppData\Local\Temp\cinehome-hls-new-batman-series-s01e02\seg_0225.ts: 366.87 MiB / 366.87 MiB  64.10 MiB/s
C:\Users\Kevin\AppData\Local\Temp\cinehome-hls-new-batman-series-s01e02\seg_0226.ts: 368.60 MiB / 368.60 MiB  64.25 MiB/s
C:\Users\Kevin\AppData\Local\Temp\cinehome-hls-new-batman-series-s01e02\seg_0226.ts: 369.40 MiB / 369.40 MiB  64.39 MiB/s
C:\Users\Kevin\AppData\Local\Temp\cinehome-hls-new-batman-series-s01e02\seg_0227.ts: 370.45 MiB / 370.45 MiB  64.57 MiB/s
C:\Users\Kevin\AppData\Local\Temp\cinehome-hls-new-batman-series-s01e02\seg_0227.ts: 372.37 MiB / 372.37 MiB  64.90 MiB/s
C:\Users\Kevin\AppData\Local\Temp\cinehome-hls-new-batman-series-s01e02\seg_0227.ts: 373.08 MiB / 373.08 MiB  65.02 MiB/s
C:\Users\Kevin\AppData\Local\Temp\cinehome-hls-new-batman-series-s01e02\seg_0231.ts: 374.55 MiB / 374.55 MiB  65.11 MiB/s
C:\Users\Kevin\AppData\Local\Temp\cinehome-hls-new-batman-series-s01e02\seg_0232.ts: 375.66 MiB / 375.66 MiB  65.19 MiB/s
C:\Users\Kevin\AppData\Local\Temp\cinehome-hls-new-batman-series-s01e02\seg_0232.ts: 378.54 MiB / 378.54 MiB  65.69 MiB/s
C:\Users\Kevin\AppData\Local\Temp\cinehome-hls-new-batman-series-s01e02\seg_0232.ts: 379.51 MiB / 379.51 MiB  65.85 MiB/s
C:\Users\Kevin\AppData\Local\Temp\cinehome-hls-new-batman-series-s01e02\seg_0233.ts: 385.69 MiB / 385.69 MiB  66.92 MiB/s
C:\Users\Kevin\AppData\Local\Temp\cinehome-hls-new-batman-series-s01e02\seg_0233.ts: 385.69 MiB / 385.69 MiB  66.78 MiB/s
C:\Users\Kevin\AppData\Local\Temp\cinehome-hls-new-batman-series-s01e02\seg_0233.ts: 385.69 MiB / 385.69 MiB  66.78 MiB/s
C:\Users\Kevin\AppData\Local\Temp\cinehome-hls-new-batman-series-s01e02\seg_0236.ts: 397.26 MiB / 397.26 MiB  68.55 MiB/s
C:\Users\Kevin\AppData\Local\Temp\cinehome-hls-new-batman-series-s01e02\seg_0237.ts: 404.53 MiB / 404.53 MiB  69.15 MiB/s
C:\Users\Kevin\AppData\Local\Temp\cinehome-hls-new-batman-series-s01e02\seg_0238.ts: 415.44 MiB / 415.44 MiB  71.01 MiB/s
C:\Users\Kevin\AppData\Local\Temp\cinehome-hls-new-batman-series-s01e02\seg_0238.ts: 421.96 MiB / 421.96 MiB  72.12 MiB/s
C:\Users\Kevin\AppData\Local\Temp\cinehome-hls-new-batman-series-s01e02\seg_0240.ts: 422.84 MiB / 422.84 MiB  72.11 MiB/s
C:\Users\Kevin\AppData\Local\Temp\cinehome-hls-new-batman-series-s01e02\seg_0240.ts: 422.84 MiB / 422.84 MiB  71.66 MiB/s
C:\Users\Kevin\AppData\Local\Temp\cinehome-hls-new-batman-series-s01e02\seg_0240.ts: 422.84 MiB / 422.84 MiB  71.66 MiB/s
C:\Users\Kevin\AppData\Local\Temp\cinehome-hls-new-batman-series-s01e02\seg_0241.ts: 423.35 MiB / 423.35 MiB  71.71 MiB/s
C:\Users\Kevin\AppData\Local\Temp\cinehome-hls-new-batman-series-s01e02\seg_0242.ts: 424.88 MiB / 424.88 MiB  71.83 MiB/s
C:\Users\Kevin\AppData\Local\Temp\cinehome-hls-new-batman-series-s01e02\seg_0243.ts: 424.95 MiB / 424.95 MiB  71.83 MiB/s
C:\Users\Kevin\AppData\Local\Temp\cinehome-hls-new-batman-series-s01e02\seg_0244.ts: 425.08 MiB / 425.08 MiB  71.50 MiB/s
C:\Users\Kevin\AppData\Local\Temp\cinehome-hls-new-batman-series-s01e02\seg_0245.ts: 425.35 MiB / 425.35 MiB  71.55 MiB/s
C:\Users\Kevin\AppData\Local\Temp\cinehome-hls-new-batman-series-s01e02\seg_0245.ts: 425.48 MiB / 425.48 MiB  71.56 MiB/s
C:\Users\Kevin\AppData\Local\Temp\cinehome-hls-new-batman-series-s01e02\seg_0247.ts: 425.65 MiB / 425.65 MiB  71.53 MiB/s
C:\Users\Kevin\AppData\Local\Temp\cinehome-hls-new-batman-series-s01e02\seg_0248.ts: 425.93 MiB / 425.93 MiB  71.57 MiB/s
C:\Users\Kevin\AppData\Local\Temp\cinehome-hls-new-batman-series-s01e02\seg_0249.ts: 426.08 MiB / 426.08 MiB  71.09 MiB/s
C:\Users\Kevin\AppData\Local\Temp\cinehome-hls-new-batman-series-s01e02\seg_0250.ts: 426.31 MiB / 426.31 MiB  70.94 MiB/s
C:\Users\Kevin\AppData\Local\Temp\cinehome-hls-new-batman-series-s01e02\seg_0250.ts: 426.31 MiB / 426.31 MiB  70.75 MiB/s
C:\Users\Kevin\AppData\Local\Temp\cinehome-hls-new-batman-series-s01e02\seg_0250.ts: 426.31 MiB / 426.31 MiB  70.75 MiB/s
C:\Users\Kevin\AppData\Local\Temp\cinehome-hls-new-batman-series-s01e02\seg_0251.ts: 426.50 MiB / 426.50 MiB  69.94 MiB/s
C:\Users\Kevin\AppData\Local\Temp\cinehome-hls-new-batman-series-s01e02\seg_0252.ts: 426.69 MiB / 426.69 MiB  69.56 MiB/s
C:\Users\Kevin\AppData\Local\Temp\cinehome-hls-new-batman-series-s01e02\seg_0253.ts: 426.95 MiB / 426.95 MiB  69.59 MiB/s
C:\Users\Kevin\AppData\Local\Temp\cinehome-hls-new-batman-series-s01e02\seg_0254.ts: 427.11 MiB / 427.11 MiB  69.59 MiB/s
C:\Users\Kevin\AppData\Local\Temp\cinehome-hls-new-batman-series-s01e02\seg_0254.ts: 427.11 MiB / 427.11 MiB  69.43 MiB/s
C:\Users\Kevin\AppData\Local\Temp\cinehome-hls-new-batman-series-s01e02\seg_0254.ts: 427.11 MiB / 427.11 MiB  69.43 MiB/s
C:\Users\Kevin\AppData\Local\Temp\cinehome-hls-new-batman-series-s01e02\seg_0255.ts: 427.27 MiB / 427.27 MiB  69.26 MiB/s
C:\Users\Kevin\AppData\Local\Temp\cinehome-hls-new-batman-series-s01e02\seg_0256.ts: 427.35 MiB / 427.35 MiB  69.25 MiB/s
C:\Users\Kevin\AppData\Local\Temp\cinehome-hls-new-batman-series-s01e02\seg_0257.ts: 427.35 MiB / 427.35 MiB  68.09 MiB/s
C:\Users\Kevin\AppData\Local\Temp\cinehome-hls-new-batman-series-s01e02\seg_0257.ts: 427.35 MiB / 427.35 MiB  68.09 MiB/s
C:\Users\Kevin\AppData\Local\Temp\cinehome-hls-new-batman-series-s01e02\seg_0257.ts: 427.35 MiB / 427.35 MiB  66.75 MiB/s
C:\Users\Kevin\AppData\Local\Temp\cinehome-hls-new-batman-series-s01e02\seg_0257.ts: 427.35 MiB / 427.35 MiB  66.75 MiB/s
C:\Users\Kevin\AppData\Local\Temp\cinehome-hls-new-batman-series-s01e02\seg_0257.ts: 427.35 MiB / 427.35 MiB  65.47 MiB/s
C:\Users\Kevin\AppData\Local\Temp\cinehome-hls-new-batman-series-s01e02\seg_0257.ts: 427.35 MiB / 427.35 MiB  65.47 MiB/s
C:\Users\Kevin\AppData\Local\Temp\cinehome-hls-new-batman-series-s01e02\seg_0257.ts: 427.35 MiB / 427.35 MiB  64.32 MiB/s 6s

 0 B / ? 
 0 B / ? 
 7.90 KiB / 7.90 KiB  265.37 KiB/s
 7.97 KiB / 7.97 KiB  267.60 KiB/s
C:\Users\Kevin\AppData\Local\Temp\cinehome-hls-new-batman-series-s01e03\master.m3u8: 7.98 KiB / 7.98 KiB  257.79 KiB/s
C:\Users\Kevin\AppData\Local\Temp\cinehome-hls-new-batman-series-s01e03\master.m3u8: 8.26 KiB / 8.26 KiB  266.85 KiB/s
C:\Users\Kevin\AppData\Local\Temp\cinehome-hls-new-batman-series-s01e03\master1.vtt: 8.31 KiB / 8.31 KiB  263.00 KiB/s
C:\Users\Kevin\AppData\Local\Temp\cinehome-hls-new-batman-series-s01e03\master1.vtt: 8.36 KiB / 8.36 KiB  259.44 KiB/s
C:\Users\Kevin\AppData\Local\Temp\cinehome-hls-new-batman-series-s01e03\master1.vtt: 8.43 KiB / 8.43 KiB  261.54 KiB/s
C:\Users\Kevin\AppData\Local\Temp\cinehome-hls-new-batman-series-s01e03\master1.vtt: 8.61 KiB / 8.61 KiB  263.02 KiB/s
C:\Users\Kevin\AppData\Local\Temp\cinehome-hls-new-batman-series-s01e03\master100.vtt: 8.69 KiB / 8.69 KiB  260.94 KiB/s
C:\Users\Kevin\AppData\Local\Temp\cinehome-hls-new-batman-series-s01e03\master103.vtt: 8.84 KiB / 8.84 KiB  265.43 KiB/s
C:\Users\Kevin\AppData\Local\Temp\cinehome-hls-new-batman-series-s01e03\master104.vtt: 9.06 KiB / 9.06 KiB  267.62 KiB/s
C:\Users\Kevin\AppData\Local\Temp\cinehome-hls-new-batman-series-s01e03\master104.vtt: 9.16 KiB / 9.16 KiB  261.72 KiB/s
C:\Users\Kevin\AppData\Local\Temp\cinehome-hls-new-batman-series-s01e03\master106.vtt: 9.35 KiB / 9.35 KiB  262.95 KiB/s
C:\Users\Kevin\AppData\Local\Temp\cinehome-hls-new-batman-series-s01e03\master108.vtt: 9.41 KiB / 9.41 KiB  197.63 KiB/s
C:\Users\Kevin\AppData\Local\Temp\cinehome-hls-new-batman-series-s01e03\master109.vtt: 9.54 KiB / 9.54 KiB  179.95 KiB/s
C:\Users\Kevin\AppData\Local\Temp\cinehome-hls-new-batman-series-s01e03\master11.vtt: 9.54 KiB / 9.54 KiB  167.65 KiB/s
C:\Users\Kevin\AppData\Local\Temp\cinehome-hls-new-batman-series-s01e03\master110.vtt: 9.85 KiB / 9.85 KiB  171.52 KiB/s
C:\Users\Kevin\AppData\Local\Temp\cinehome-hls-new-batman-series-s01e03\master111.vtt: 9.86 KiB / 9.86 KiB  155.08 KiB/s
C:\Users\Kevin\AppData\Local\Temp\cinehome-hls-new-batman-series-s01e03\master112.vtt: 9.94 KiB / 9.94 KiB  151.24 KiB/s
C:\Users\Kevin\AppData\Local\Temp\cinehome-hls-new-batman-series-s01e03\master113.vtt: 10.00 KiB / 10.00 KiB  145.71 KiB/s
C:\Users\Kevin\AppData\Local\Temp\cinehome-hls-new-batman-series-s01e03\master114.vtt: 10.08 KiB / 10.08 KiB  145.76 KiB/s
C:\Users\Kevin\AppData\Local\Temp\cinehome-hls-new-batman-series-s01e03\master115.vtt: 10.32 KiB / 10.32 KiB  136.23 KiB/s
C:\Users\Kevin\AppData\Local\Temp\cinehome-hls-new-batman-series-s01e03\master116.vtt: 10.41 KiB / 10.41 KiB  136.40 KiB/s
C:\Users\Kevin\AppData\Local\Temp\cinehome-hls-new-batman-series-s01e03\master117.vtt: 10.65 KiB / 10.65 KiB  130.66 KiB/s
C:\Users\Kevin\AppData\Local\Temp\cinehome-hls-new-batman-series-s01e03\master118.vtt: 10.98 KiB / 10.98 KiB  133.87 KiB/s
C:\Users\Kevin\AppData\Local\Temp\cinehome-hls-new-batman-series-s01e03\master119.vtt: 11.04 KiB / 11.04 KiB  125.04 KiB/s
C:\Users\Kevin\AppData\Local\Temp\cinehome-hls-new-batman-series-s01e03\master12.vtt: 11.14 KiB / 11.14 KiB  124.65 KiB/s
C:\Users\Kevin\AppData\Local\Temp\cinehome-hls-new-batman-series-s01e03\master120.vtt: 11.15 KiB / 11.15 KiB  118.34 KiB/s
C:\Users\Kevin\AppData\Local\Temp\cinehome-hls-new-batman-series-s01e03\master121.vtt: 11.35 KiB / 11.35 KiB  120.41 KiB/s
C:\Users\Kevin\AppData\Local\Temp\cinehome-hls-new-batman-series-s01e03\master122.vtt: 11.45 KiB / 11.45 KiB  114.60 KiB/s
C:\Users\Kevin\AppData\Local\Temp\cinehome-hls-new-batman-series-s01e03\master123.vtt: 11.73 KiB / 11.73 KiB  117.36 KiB/s
C:\Users\Kevin\AppData\Local\Temp\cinehome-hls-new-batman-series-s01e03\master124.vtt: 11.73 KiB / 11.73 KiB  110.43 KiB/s
C:\Users\Kevin\AppData\Local\Temp\cinehome-hls-new-batman-series-s01e03\master125.vtt: 11.78 KiB / 11.78 KiB  110.33 KiB/s
C:\Users\Kevin\AppData\Local\Temp\cinehome-hls-new-batman-series-s01e03\master126.vtt: 11.79 KiB / 11.79 KiB  104.74 KiB/s
C:\Users\Kevin\AppData\Local\Temp\cinehome-hls-new-batman-series-s01e03\master127.vtt: 11.86 KiB / 11.86 KiB  95.22 KiB/s
C:\Users\Kevin\AppData\Local\Temp\cinehome-hls-new-batman-series-s01e03\master127.vtt: 11.86 KiB / 11.86 KiB  94.46 KiB/s
C:\Users\Kevin\AppData\Local\Temp\cinehome-hls-new-batman-series-s01e03\master127.vtt: 11.86 KiB / 11.86 KiB  94.46 KiB/s
C:\Users\Kevin\AppData\Local\Temp\cinehome-hls-new-batman-series-s01e03\master128.vtt: 12.00 KiB / 12.00 KiB  85.79 KiB/s
C:\Users\Kevin\AppData\Local\Temp\cinehome-hls-new-batman-series-s01e03\master129.vtt: 12.06 KiB / 12.06 KiB  86.20 KiB/s
C:\Users\Kevin\AppData\Local\Temp\cinehome-hls-new-batman-series-s01e03\master13.vtt: 12.07 KiB / 12.07 KiB  85.59 KiB/s
C:\Users\Kevin\AppData\Local\Temp\cinehome-hls-new-batman-series-s01e03\master130.vtt: 12.08 KiB / 12.08 KiB  84.92 KiB/s
C:\Users\Kevin\AppData\Local\Temp\cinehome-hls-new-batman-series-s01e03\master131.vtt: 12.08 KiB / 12.08 KiB  84.40 KiB/s
C:\Users\Kevin\AppData\Local\Temp\cinehome-hls-new-batman-series-s01e03\master132.vtt: 12.09 KiB / 12.09 KiB  84.13 KiB/s
C:\Users\Kevin\AppData\Local\Temp\cinehome-hls-new-batman-series-s01e03\master132.vtt: 12.10 KiB / 12.10 KiB  84.18 KiB/s
C:\Users\Kevin\AppData\Local\Temp\cinehome-hls-new-batman-series-s01e03\master132.vtt: 12.17 KiB / 12.17 KiB  84.70 KiB/s
C:\Users\Kevin\AppData\Local\Temp\cinehome-hls-new-batman-series-s01e03\master134.vtt: 12.18 KiB / 12.18 KiB  84.45 KiB/s
C:\Users\Kevin\AppData\Local\Temp\cinehome-hls-new-batman-series-s01e03\master136.vtt: 12.22 KiB / 12.22 KiB  84.09 KiB/s
C:\Users\Kevin\AppData\Local\Temp\cinehome-hls-new-batman-series-s01e03\master137.vtt: 12.22 KiB / 12.22 KiB  84.14 KiB/s
C:\Users\Kevin\AppData\Local\Temp\cinehome-hls-new-batman-series-s01e03\master137.vtt: 12.39 KiB / 12.39 KiB  84.92 KiB/s
C:\Users\Kevin\AppData\Local\Temp\cinehome-hls-new-batman-series-s01e03\master139.vtt: 12.64 KiB / 12.64 KiB  73.45 KiB/s
C:\Users\Kevin\AppData\Local\Temp\cinehome-hls-new-batman-series-s01e03\master14.vtt: 12.77 KiB / 12.77 KiB  73.27 KiB/s
C:\Users\Kevin\AppData\Local\Temp\cinehome-hls-new-batman-series-s01e03\master140.vtt: 12.78 KiB / 12.78 KiB  72.84 KiB/s
C:\Users\Kevin\AppData\Local\Temp\cinehome-hls-new-batman-series-s01e03\master140.vtt: 12.83 KiB / 12.83 KiB  72.89 KiB/s
C:\Users\Kevin\AppData\Local\Temp\cinehome-hls-new-batman-series-s01e03\master141.vtt: 12.84 KiB / 12.84 KiB  72.72 KiB/s
C:\Users\Kevin\AppData\Local\Temp\cinehome-hls-new-batman-series-s01e03\master141.vtt: 12.88 KiB / 12.88 KiB  72.99 KiB/s
C:\Users\Kevin\AppData\Local\Temp\cinehome-hls-new-batman-series-s01e03\master141.vtt: 12.92 KiB / 12.92 KiB  73.19 KiB/s
C:\Users\Kevin\AppData\Local\Temp\cinehome-hls-new-batman-series-s01e03\master141.vtt: 12.93 KiB / 12.93 KiB  73.23 KiB/s
C:\Users\Kevin\AppData\Local\Temp\cinehome-hls-new-batman-series-s01e03\master141.vtt: 13.15 KiB / 13.15 KiB  74.27 KiB/s
C:\Users\Kevin\AppData\Local\Temp\cinehome-hls-new-batman-series-s01e03\master141.vtt: 13.23 KiB / 13.23 KiB  74.71 KiB/s
C:\Users\Kevin\AppData\Local\Temp\cinehome-hls-new-batman-series-s01e03\master141.vtt: 13.33 KiB / 13.33 KiB  75.30 KiB/s
C:\Users\Kevin\AppData\Local\Temp\cinehome-hls-new-batman-series-s01e03\master141.vtt: 13.41 KiB / 13.41 KiB  75.72 KiB/s
C:\Users\Kevin\AppData\Local\Temp\cinehome-hls-new-batman-series-s01e03\master15.vtt: 13.62 KiB / 13.62 KiB  64.73 KiB/s
C:\Users\Kevin\AppData\Local\Temp\cinehome-hls-new-batman-series-s01e03\master150.vtt: 13.85 KiB / 13.85 KiB  65.53 KiB/s
C:\Users\Kevin\AppData\Local\Temp\cinehome-hls-new-batman-series-s01e03\master150.vtt: 13.92 KiB / 13.92 KiB  65.88 KiB/s
C:\Users\Kevin\AppData\Local\Temp\cinehome-hls-new-batman-series-s01e03\master152.vtt: 14.21 KiB / 14.21 KiB  66.90 KiB/s
C:\Users\Kevin\AppData\Local\Temp\cinehome-hls-new-batman-series-s01e03\master152.vtt: 14.32 KiB / 14.32 KiB  67.41 KiB/s
C:\Users\Kevin\AppData\Local\Temp\cinehome-hls-new-batman-series-s01e03\master152.vtt: 14.39 KiB / 14.39 KiB  67.75 KiB/s
C:\Users\Kevin\AppData\Local\Temp\cinehome-hls-new-batman-series-s01e03\master152.vtt: 14.46 KiB / 14.46 KiB  67.90 KiB/s
C:\Users\Kevin\AppData\Local\Temp\cinehome-hls-new-batman-series-s01e03\master152.vtt: 14.69 KiB / 14.69 KiB  68.99 KiB/s
C:\Users\Kevin\AppData\Local\Temp\cinehome-hls-new-batman-series-s01e03\master152.vtt: 14.77 KiB / 14.77 KiB  69.37 KiB/s
C:\Users\Kevin\AppData\Local\Temp\cinehome-hls-new-batman-series-s01e03\master152.vtt: 14.88 KiB / 14.88 KiB  69.87 KiB/s
C:\Users\Kevin\AppData\Local\Temp\cinehome-hls-new-batman-series-s01e03\master152.vtt: 15.01 KiB / 15.01 KiB  70.34 KiB/s
C:\Users\Kevin\AppData\Local\Temp\cinehome-hls-new-batman-series-s01e03\master154.vtt: 15.06 KiB / 15.06 KiB  70.56 KiB/s
C:\Users\Kevin\AppData\Local\Temp\cinehome-hls-new-batman-series-s01e03\master160.vtt: 15.30 KiB / 15.30 KiB  64.66 KiB/s
C:\Users\Kevin\AppData\Local\Temp\cinehome-hls-new-batman-series-s01e03\master161.vtt: 15.52 KiB / 15.52 KiB  63.71 KiB/s
C:\Users\Kevin\AppData\Local\Temp\cinehome-hls-new-batman-series-s01e03\master162.vtt: 15.52 KiB / 15.52 KiB  62.93 KiB/s
C:\Users\Kevin\AppData\Local\Temp\cinehome-hls-new-batman-series-s01e03\master162.vtt: 15.69 KiB / 15.69 KiB  63.62 KiB/s
C:\Users\Kevin\AppData\Local\Temp\cinehome-hls-new-batman-series-s01e03\master162.vtt: 15.70 KiB / 15.70 KiB  63.51 KiB/s
C:\Users\Kevin\AppData\Local\Temp\cinehome-hls-new-batman-series-s01e03\master162.vtt: 15.97 KiB / 15.97 KiB  64.61 KiB/s
C:\Users\Kevin\AppData\Local\Temp\cinehome-hls-new-batman-series-s01e03\master162.vtt: 16.08 KiB / 16.08 KiB  65.03 KiB/s
C:\Users\Kevin\AppData\Local\Temp\cinehome-hls-new-batman-series-s01e03\master162.vtt: 16.27 KiB / 16.27 KiB  65.81 KiB/s
C:\Users\Kevin\AppData\Local\Temp\cinehome-hls-new-batman-series-s01e03\master162.vtt: 16.38 KiB / 16.38 KiB  66.12 KiB/s
C:\Users\Kevin\AppData\Local\Temp\cinehome-hls-new-batman-series-s01e03\master164.vtt: 16.61 KiB / 16.61 KiB  67.03 KiB/s
C:\Users\Kevin\AppData\Local\Temp\cinehome-hls-new-batman-series-s01e03\master17.vtt: 16.62 KiB / 16.62 KiB  66.89 KiB/s
C:\Users\Kevin\AppData\Local\Temp\cinehome-hls-new-batman-series-s01e03\master165.vtt: 16.62 KiB / 16.62 KiB  66.18 KiB/s
C:\Users\Kevin\AppData\Local\Temp\cinehome-hls-new-batman-series-s01e03\master165.vtt: 16.62 KiB / 16.62 KiB  66.18 KiB/s
C:\Users\Kevin\AppData\Local\Temp\cinehome-hls-new-batman-series-s01e03\master170.vtt: 16.88 KiB / 16.88 KiB  67.24 KiB/s
C:\Users\Kevin\AppData\Local\Temp\cinehome-hls-new-batman-series-s01e03\master171.vtt: 17.01 KiB / 17.01 KiB  66.62 KiB/s
C:\Users\Kevin\AppData\Local\Temp\cinehome-hls-new-batman-series-s01e03\master172.vtt: 17.16 KiB / 17.16 KiB  60.94 KiB/s
C:\Users\Kevin\AppData\Local\Temp\cinehome-hls-new-batman-series-s01e03\master173.vtt: 17.32 KiB / 17.32 KiB  61.37 KiB/s
C:\Users\Kevin\AppData\Local\Temp\cinehome-hls-new-batman-series-s01e03\master173.vtt: 17.32 KiB / 17.32 KiB  61.27 KiB/s
C:\Users\Kevin\AppData\Local\Temp\cinehome-hls-new-batman-series-s01e03\master173.vtt: 17.50 KiB / 17.50 KiB  61.90 KiB/s
C:\Users\Kevin\AppData\Local\Temp\cinehome-hls-new-batman-series-s01e03\master173.vtt: 17.69 KiB / 17.69 KiB  62.44 KiB/s
C:\Users\Kevin\AppData\Local\Temp\cinehome-hls-new-batman-series-s01e03\master173.vtt: 17.82 KiB / 17.82 KiB  62.91 KiB/s
C:\Users\Kevin\AppData\Local\Temp\cinehome-hls-new-batman-series-s01e03\master177.vtt: 17.91 KiB / 17.91 KiB  63.23 KiB/s
C:\Users\Kevin\AppData\Local\Temp\cinehome-hls-new-batman-series-s01e03\master177.vtt: 17.97 KiB / 17.97 KiB  63.30 KiB/s
C:\Users\Kevin\AppData\Local\Temp\cinehome-hls-new-batman-series-s01e03\master179.vtt: 18.04 KiB / 18.04 KiB  63.43 KiB/s
C:\Users\Kevin\AppData\Local\Temp\cinehome-hls-new-batman-series-s01e03\master18.vtt: 18.13 KiB / 18.13 KiB  63.64 KiB/s
C:\Users\Kevin\AppData\Local\Temp\cinehome-hls-new-batman-series-s01e03\master180.vtt: 18.27 KiB / 18.27 KiB  63.96 KiB/s
C:\Users\Kevin\AppData\Local\Temp\cinehome-hls-new-batman-series-s01e03\master180.vtt: 18.44 KiB / 18.44 KiB  64.58 KiB/s
C:\Users\Kevin\AppData\Local\Temp\cinehome-hls-new-batman-series-s01e03\master183.vtt: 18.45 KiB / 18.45 KiB  56.26 KiB/s
C:\Users\Kevin\AppData\Local\Temp\cinehome-hls-new-batman-series-s01e03\master183.vtt: 18.46 KiB / 18.46 KiB  56.28 KiB/s
C:\Users\Kevin\AppData\Local\Temp\cinehome-hls-new-batman-series-s01e03\master185.vtt: 18.46 KiB / 18.46 KiB  56.30 KiB/s
C:\Users\Kevin\AppData\Local\Temp\cinehome-hls-new-batman-series-s01e03\master186.vtt: 18.47 KiB / 18.47 KiB  55.93 KiB/s
C:\Users\Kevin\AppData\Local\Temp\cinehome-hls-new-batman-series-s01e03\master187.vtt: 18.58 KiB / 18.58 KiB  55.82 KiB/s
C:\Users\Kevin\AppData\Local\Temp\cinehome-hls-new-batman-series-s01e03\master187.vtt: 18.59 KiB / 18.59 KiB  55.84 KiB/s
C:\Users\Kevin\AppData\Local\Temp\cinehome-hls-new-batman-series-s01e03\master189.vtt: 18.62 KiB / 18.62 KiB  55.71 KiB/s
C:\Users\Kevin\AppData\Local\Temp\cinehome-hls-new-batman-series-s01e03\master19.vtt: 18.67 KiB / 18.67 KiB  55.23 KiB/s
C:\Users\Kevin\AppData\Local\Temp\cinehome-hls-new-batman-series-s01e03\master190.vtt: 18.72 KiB / 18.72 KiB  54.45 KiB/s
C:\Users\Kevin\AppData\Local\Temp\cinehome-hls-new-batman-series-s01e03\master191.vtt: 18.83 KiB / 18.83 KiB  54.67 KiB/s
C:\Users\Kevin\AppData\Local\Temp\cinehome-hls-new-batman-series-s01e03\master191.vtt: 18.89 KiB / 18.89 KiB  54.60 KiB/s
C:\Users\Kevin\AppData\Local\Temp\cinehome-hls-new-batman-series-s01e03\master193.vtt: 18.97 KiB / 18.97 KiB  54.67 KiB/s
C:\Users\Kevin\AppData\Local\Temp\cinehome-hls-new-batman-series-s01e03\master194.vtt: 19.10 KiB / 19.10 KiB  53.90 KiB/s
C:\Users\Kevin\AppData\Local\Temp\cinehome-hls-new-batman-series-s01e03\master195.vtt: 19.15 KiB / 19.15 KiB  53.29 KiB/s
C:\Users\Kevin\AppData\Local\Temp\cinehome-hls-new-batman-series-s01e03\master195.vtt: 19.19 KiB / 19.19 KiB  53.42 KiB/s
C:\Users\Kevin\AppData\Local\Temp\cinehome-hls-new-batman-series-s01e03\master195.vtt: 19.33 KiB / 19.33 KiB  53.80 KiB/s
C:\Users\Kevin\AppData\Local\Temp\cinehome-hls-new-batman-series-s01e03\master198.vtt: 19.51 KiB / 19.51 KiB  52.12 KiB/s
C:\Users\Kevin\AppData\Local\Temp\cinehome-hls-new-batman-series-s01e03\master199.vtt: 19.77 KiB / 19.77 KiB  52.67 KiB/s
C:\Users\Kevin\AppData\Local\Temp\cinehome-hls-new-batman-series-s01e03\master199.vtt: 19.77 KiB / 19.77 KiB  52.52 KiB/s
C:\Users\Kevin\AppData\Local\Temp\cinehome-hls-new-batman-series-s01e03\master199.vtt: 19.77 KiB / 19.77 KiB  52.52 KiB/s
C:\Users\Kevin\AppData\Local\Temp\cinehome-hls-new-batman-series-s01e03\master2.vtt: 19.82 KiB / 19.82 KiB  52.09 KiB/s
C:\Users\Kevin\AppData\Local\Temp\cinehome-hls-new-batman-series-s01e03\master20.vtt: 19.98 KiB / 19.98 KiB  52.50 KiB/s
C:\Users\Kevin\AppData\Local\Temp\cinehome-hls-new-batman-series-s01e03\master200.vtt: 19.98 KiB / 19.98 KiB  52.24 KiB/s
C:\Users\Kevin\AppData\Local\Temp\cinehome-hls-new-batman-series-s01e03\master201.vtt: 19.99 KiB / 19.99 KiB  52.25 KiB/s
C:\Users\Kevin\AppData\Local\Temp\cinehome-hls-new-batman-series-s01e03\master202.vtt: 20.15 KiB / 20.15 KiB  52.24 KiB/s
C:\Users\Kevin\AppData\Local\Temp\cinehome-hls-new-batman-series-s01e03\master203.vtt: 20.26 KiB / 20.26 KiB  50.85 KiB/s
C:\Users\Kevin\AppData\Local\Temp\cinehome-hls-new-batman-series-s01e03\master204.vtt: 20.27 KiB / 20.27 KiB  50.47 KiB/s
C:\Users\Kevin\AppData\Local\Temp\cinehome-hls-new-batman-series-s01e03\master205.vtt: 20.32 KiB / 20.32 KiB  50.54 KiB/s
C:\Users\Kevin\AppData\Local\Temp\cinehome-hls-new-batman-series-s01e03\master206.vtt: 20.46 KiB / 20.46 KiB  50.65 KiB/s
C:\Users\Kevin\AppData\Local\Temp\cinehome-hls-new-batman-series-s01e03\master207.vtt: 20.56 KiB / 20.56 KiB  50.73 KiB/s
C:\Users\Kevin\AppData\Local\Temp\cinehome-hls-new-batman-series-s01e03\master208.vtt: 20.56 KiB / 20.56 KiB  49.09 KiB/s
C:\Users\Kevin\AppData\Local\Temp\cinehome-hls-new-batman-series-s01e03\master209.vtt: 20.57 KiB / 20.57 KiB  49.02 KiB/s
C:\Users\Kevin\AppData\Local\Temp\cinehome-hls-new-batman-series-s01e03\master209.vtt: 20.58 KiB / 20.58 KiB  49.04 KiB/s
C:\Users\Kevin\AppData\Local\Temp\cinehome-hls-new-batman-series-s01e03\master210.vtt: 20.62 KiB / 20.62 KiB  48.90 KiB/s
C:\Users\Kevin\AppData\Local\Temp\cinehome-hls-new-batman-series-s01e03\master211.vtt: 20.62 KiB / 20.62 KiB  47.79 KiB/s
C:\Users\Kevin\AppData\Local\Temp\cinehome-hls-new-batman-series-s01e03\master212.vtt: 20.67 KiB / 20.67 KiB  47.68 KiB/s
C:\Users\Kevin\AppData\Local\Temp\cinehome-hls-new-batman-series-s01e03\master212.vtt: 20.71 KiB / 20.71 KiB  47.79 KiB/s
C:\Users\Kevin\AppData\Local\Temp\cinehome-hls-new-batman-series-s01e03\master214.vtt: 20.81 KiB / 20.81 KiB  47.95 KiB/s
C:\Users\Kevin\AppData\Local\Temp\cinehome-hls-new-batman-series-s01e03\master215.vtt: 20.89 KiB / 20.89 KiB  47.77 KiB/s
C:\Users\Kevin\AppData\Local\Temp\cinehome-hls-new-batman-series-s01e03\master216.vtt: 20.93 KiB / 20.93 KiB  47.39 KiB/s
C:\Users\Kevin\AppData\Local\Temp\cinehome-hls-new-batman-series-s01e03\master217.vtt: 20.94 KiB / 20.94 KiB  46.87 KiB/s
C:\Users\Kevin\AppData\Local\Temp\cinehome-hls-new-batman-series-s01e03\master218.vtt: 21.02 KiB / 21.02 KiB  46.40 KiB/s
C:\Users\Kevin\AppData\Local\Temp\cinehome-hls-new-batman-series-s01e03\master219.vtt: 21.03 KiB / 21.03 KiB  45.88 KiB/s
C:\Users\Kevin\AppData\Local\Temp\cinehome-hls-new-batman-series-s01e03\master22.vtt: 21.13 KiB / 21.13 KiB  45.91 KiB/s
C:\Users\Kevin\AppData\Local\Temp\cinehome-hls-new-batman-series-s01e03\master220.vtt: 21.18 KiB / 21.18 KiB  45.41 KiB/s
C:\Users\Kevin\AppData\Local\Temp\cinehome-hls-new-batman-series-s01e03\master221.vtt: 21.39 KiB / 21.39 KiB  45.48 KiB/s
C:\Users\Kevin\AppData\Local\Temp\cinehome-hls-new-batman-series-s01e03\master222.vtt: 21.46 KiB / 21.46 KiB  45.08 KiB/s
C:\Users\Kevin\AppData\Local\Temp\cinehome-hls-new-batman-series-s01e03\master222.vtt: 21.61 KiB / 21.61 KiB  45.40 KiB/s
C:\Users\Kevin\AppData\Local\Temp\cinehome-hls-new-batman-series-s01e03\master224.vtt: 21.71 KiB / 21.71 KiB  45.16 KiB/s
C:\Users\Kevin\AppData\Local\Temp\cinehome-hls-new-batman-series-s01e03\master224.vtt: 21.76 KiB / 21.76 KiB  45.26 KiB/s
C:\Users\Kevin\AppData\Local\Temp\cinehome-hls-new-batman-series-s01e03\master226.vtt: 22.00 KiB / 22.00 KiB  44.86 KiB/s
C:\Users\Kevin\AppData\Local\Temp\cinehome-hls-new-batman-series-s01e03\master226.vtt: 22.08 KiB / 22.08 KiB  45.03 KiB/s
C:\Users\Kevin\AppData\Local\Temp\cinehome-hls-new-batman-series-s01e03\master228.vtt: 22.38 KiB / 22.38 KiB  44.62 KiB/s
C:\Users\Kevin\AppData\Local\Temp\cinehome-hls-new-batman-series-s01e03\master228.vtt: 22.38 KiB / 22.38 KiB  44.62 KiB/s
C:\Users\Kevin\AppData\Local\Temp\cinehome-hls-new-batman-series-s01e03\master228.vtt: 22.38 KiB / 22.38 KiB  44.62 KiB/s
C:\Users\Kevin\AppData\Local\Temp\cinehome-hls-new-batman-series-s01e03\master229.vtt: 22.38 KiB / 22.38 KiB  44.23 KiB/s
C:\Users\Kevin\AppData\Local\Temp\cinehome-hls-new-batman-series-s01e03\master23.vtt: 22.59 KiB / 22.59 KiB  44.25 KiB/s
C:\Users\Kevin\AppData\Local\Temp\cinehome-hls-new-batman-series-s01e03\master230.vtt: 22.69 KiB / 22.69 KiB  44.35 KiB/s
C:\Users\Kevin\AppData\Local\Temp\cinehome-hls-new-batman-series-s01e03\master231.vtt: 22.75 KiB / 22.75 KiB  43.97 KiB/s
C:\Users\Kevin\AppData\Local\Temp\cinehome-hls-new-batman-series-s01e03\master232.vtt: 22.80 KiB / 22.80 KiB  43.89 KiB/s
C:\Users\Kevin\AppData\Local\Temp\cinehome-hls-new-batman-series-s01e03\master233.vtt: 22.99 KiB / 22.99 KiB  43.84 KiB/s
C:\Users\Kevin\AppData\Local\Temp\cinehome-hls-new-batman-series-s01e03\master234.vtt: 23.12 KiB / 23.12 KiB  43.99 KiB/s
C:\Users\Kevin\AppData\Local\Temp\cinehome-hls-new-batman-series-s01e03\master235.vtt: 23.21 KiB / 23.21 KiB  43.94 KiB/s
C:\Users\Kevin\AppData\Local\Temp\cinehome-hls-new-batman-series-s01e03\master236.vtt: 23.37 KiB / 23.37 KiB  44.24 KiB/s
C:\Users\Kevin\AppData\Local\Temp\cinehome-hls-new-batman-series-s01e03\master237.vtt: 23.43 KiB / 23.43 KiB  44.18 KiB/s
C:\Users\Kevin\AppData\Local\Temp\cinehome-hls-new-batman-series-s01e03\master238.vtt: 23.47 KiB / 23.47 KiB  44.02 KiB/s
C:\Users\Kevin\AppData\Local\Temp\cinehome-hls-new-batman-series-s01e03\master239.vtt: 23.48 KiB / 23.48 KiB  43.58 KiB/s
C:\Users\Kevin\AppData\Local\Temp\cinehome-hls-new-batman-series-s01e03\master24.vtt: 23.52 KiB / 23.52 KiB  43.16 KiB/s
C:\Users\Kevin\AppData\Local\Temp\cinehome-hls-new-batman-series-s01e03\master240.vtt: 23.56 KiB / 23.56 KiB  42.95 KiB/s
C:\Users\Kevin\AppData\Local\Temp\cinehome-hls-new-batman-series-s01e03\master241.vtt: 23.56 KiB / 23.56 KiB  42.45 KiB/s
C:\Users\Kevin\AppData\Local\Temp\cinehome-hls-new-batman-series-s01e03\master241.vtt: 23.62 KiB / 23.62 KiB  42.54 KiB/s
C:\Users\Kevin\AppData\Local\Temp\cinehome-hls-new-batman-series-s01e03\master243.vtt: 23.62 KiB / 23.62 KiB  42.51 KiB/s
C:\Users\Kevin\AppData\Local\Temp\cinehome-hls-new-batman-series-s01e03\master244.vtt: 23.63 KiB / 23.63 KiB  42.48 KiB/s
C:\Users\Kevin\AppData\Local\Temp\cinehome-hls-new-batman-series-s01e03\master244.vtt: 23.64 KiB / 23.64 KiB  42.49 KiB/s
C:\Users\Kevin\AppData\Local\Temp\cinehome-hls-new-batman-series-s01e03\master246.vtt: 23.64 KiB / 23.64 KiB  42.34 KiB/s
C:\Users\Kevin\AppData\Local\Temp\cinehome-hls-new-batman-series-s01e03\master247.vtt: 23.65 KiB / 23.65 KiB  42.35 KiB/s
C:\Users\Kevin\AppData\Local\Temp\cinehome-hls-new-batman-series-s01e03\master248.vtt: 23.66 KiB / 23.66 KiB  41.88 KiB/s
C:\Users\Kevin\AppData\Local\Temp\cinehome-hls-new-batman-series-s01e03\master249.vtt: 23.73 KiB / 23.73 KiB  41.10 KiB/s
C:\Users\Kevin\AppData\Local\Temp\cinehome-hls-new-batman-series-s01e03\master25.vtt: 23.73 KiB / 23.73 KiB  40.39 KiB/s
C:\Users\Kevin\AppData\Local\Temp\cinehome-hls-new-batman-series-s01e03\master250.vtt: 23.74 KiB / 23.74 KiB  40.04 KiB/s
C:\Users\Kevin\AppData\Local\Temp\cinehome-hls-new-batman-series-s01e03\master251.vtt: 23.75 KiB / 23.75 KiB  39.95 KiB/s
C:\Users\Kevin\AppData\Local\Temp\cinehome-hls-new-batman-series-s01e03\master252.vtt: 23.75 KiB / 23.75 KiB  39.31 KiB/s
C:\Users\Kevin\AppData\Local\Temp\cinehome-hls-new-batman-series-s01e03\master253.vtt: 23.76 KiB / 23.76 KiB  39.29 KiB/s
C:\Users\Kevin\AppData\Local\Temp\cinehome-hls-new-batman-series-s01e03\master254.vtt: 23.77 KiB / 23.77 KiB  39.19 KiB/s
C:\Users\Kevin\AppData\Local\Temp\cinehome-hls-new-batman-series-s01e03\master254.vtt: 23.77 KiB / 23.77 KiB  39.20 KiB/s
C:\Users\Kevin\AppData\Local\Temp\cinehome-hls-new-batman-series-s01e03\master254.vtt: 23.78 KiB / 23.78 KiB  39.21 KiB/s
C:\Users\Kevin\AppData\Local\Temp\cinehome-hls-new-batman-series-s01e03\master257.vtt: 23.79 KiB / 23.79 KiB  39.10 KiB/s
C:\Users\Kevin\AppData\Local\Temp\cinehome-hls-new-batman-series-s01e03\master257.vtt: 23.79 KiB / 23.79 KiB  39.11 KiB/s
C:\Users\Kevin\AppData\Local\Temp\cinehome-hls-new-batman-series-s01e03\master259.vtt: 24.12 KiB / 24.12 KiB  39.22 KiB/s
C:\Users\Kevin\AppData\Local\Temp\cinehome-hls-new-batman-series-s01e03\master259.vtt: 24.12 KiB / 24.12 KiB  38.46 KiB/s
C:\Users\Kevin\AppData\Local\Temp\cinehome-hls-new-batman-series-s01e03\master259.vtt: 24.12 KiB / 24.12 KiB  38.46 KiB/s
C:\Users\Kevin\AppData\Local\Temp\cinehome-hls-new-batman-series-s01e03\master26.vtt: 24.12 KiB / 24.12 KiB  38.41 KiB/s
C:\Users\Kevin\AppData\Local\Temp\cinehome-hls-new-batman-series-s01e03\master260.vtt: 24.13 KiB / 24.13 KiB  38.36 KiB/s
C:\Users\Kevin\AppData\Local\Temp\cinehome-hls-new-batman-series-s01e03\master261.vtt: 24.14 KiB / 24.14 KiB  37.62 KiB/s
C:\Users\Kevin\AppData\Local\Temp\cinehome-hls-new-batman-series-s01e03\master262.vtt: 24.14 KiB / 24.14 KiB  37.13 KiB/s
C:\Users\Kevin\AppData\Local\Temp\cinehome-hls-new-batman-series-s01e03\master263.vtt: 24.15 KiB / 24.15 KiB  37.07 KiB/s
C:\Users\Kevin\AppData\Local\Temp\cinehome-hls-new-batman-series-s01e03\master264.vtt: 24.25 KiB / 24.25 KiB  37.22 KiB/s
C:\Users\Kevin\AppData\Local\Temp\cinehome-hls-new-batman-series-s01e03\master264.vtt: 24.34 KiB / 24.34 KiB  37.07 KiB/s
C:\Users\Kevin\AppData\Local\Temp\cinehome-hls-new-batman-series-s01e03\master264.vtt: 24.62 KiB / 24.62 KiB  37.51 KiB/s
C:\Users\Kevin\AppData\Local\Temp\cinehome-hls-new-batman-series-s01e03\master29.vtt: 24.63 KiB / 24.63 KiB  37.49 KiB/s
C:\Users\Kevin\AppData\Local\Temp\cinehome-hls-new-batman-series-s01e03\master29.vtt: 24.73 KiB / 24.73 KiB  37.61 KiB/s
C:\Users\Kevin\AppData\Local\Temp\cinehome-hls-new-batman-series-s01e03\master30.vtt: 24.78 KiB / 24.78 KiB  37.62 KiB/s
C:\Users\Kevin\AppData\Local\Temp\cinehome-hls-new-batman-series-s01e03\master31.vtt: 24.90 KiB / 24.90 KiB  37.56 KiB/s
C:\Users\Kevin\AppData\Local\Temp\cinehome-hls-new-batman-series-s01e03\master31.vtt: 25.10 KiB / 25.10 KiB  37.86 KiB/s
C:\Users\Kevin\AppData\Local\Temp\cinehome-hls-new-batman-series-s01e03\master33.vtt: 25.24 KiB / 25.24 KiB  37.67 KiB/s
C:\Users\Kevin\AppData\Local\Temp\cinehome-hls-new-batman-series-s01e03\master34.vtt: 25.33 KiB / 25.33 KiB  36.99 KiB/s
C:\Users\Kevin\AppData\Local\Temp\cinehome-hls-new-batman-series-s01e03\master35.vtt: 25.46 KiB / 25.46 KiB  37.08 KiB/s
C:\Users\Kevin\AppData\Local\Temp\cinehome-hls-new-batman-series-s01e03\master36.vtt: 25.57 KiB / 25.57 KiB  37.21 KiB/s
C:\Users\Kevin\AppData\Local\Temp\cinehome-hls-new-batman-series-s01e03\master37.vtt: 25.66 KiB / 25.66 KiB  36.66 KiB/s
C:\Users\Kevin\AppData\Local\Temp\cinehome-hls-new-batman-series-s01e03\master38.vtt: 25.86 KiB / 25.86 KiB  36.87 KiB/s
C:\Users\Kevin\AppData\Local\Temp\cinehome-hls-new-batman-series-s01e03\master39.vtt: 25.91 KiB / 25.91 KiB  36.52 KiB/s
C:\Users\Kevin\AppData\Local\Temp\cinehome-hls-new-batman-series-s01e03\master4.vtt: 26.16 KiB / 26.16 KiB  36.84 KiB/s
C:\Users\Kevin\AppData\Local\Temp\cinehome-hls-new-batman-series-s01e03\master40.vtt: 26.32 KiB / 26.32 KiB  36.97 KiB/s
C:\Users\Kevin\AppData\Local\Temp\cinehome-hls-new-batman-series-s01e03\master41.vtt: 26.42 KiB / 26.42 KiB  36.95 KiB/s
C:\Users\Kevin\AppData\Local\Temp\cinehome-hls-new-batman-series-s01e03\master42.vtt: 26.59 KiB / 26.59 KiB  36.96 KiB/s
C:\Users\Kevin\AppData\Local\Temp\cinehome-hls-new-batman-series-s01e03\master42.vtt: 26.60 KiB / 26.60 KiB  36.96 KiB/s
C:\Users\Kevin\AppData\Local\Temp\cinehome-hls-new-batman-series-s01e03\master44.vtt: 26.87 KiB / 26.87 KiB  37.04 KiB/s
C:\Users\Kevin\AppData\Local\Temp\cinehome-hls-new-batman-series-s01e03\master45.vtt: 26.93 KiB / 26.93 KiB  36.96 KiB/s
C:\Users\Kevin\AppData\Local\Temp\cinehome-hls-new-batman-series-s01e03\master46.vtt: 26.94 KiB / 26.94 KiB  36.71 KiB/s
C:\Users\Kevin\AppData\Local\Temp\cinehome-hls-new-batman-series-s01e03\master46.vtt: 26.94 KiB / 26.94 KiB  36.48 KiB/s
C:\Users\Kevin\AppData\Local\Temp\cinehome-hls-new-batman-series-s01e03\master47.vtt: 26.95 KiB / 26.95 KiB  36.49 KiB/s
C:\Users\Kevin\AppData\Local\Temp\cinehome-hls-new-batman-series-s01e03\master47.vtt: 27.09 KiB / 27.09 KiB  36.69 KiB/s
C:\Users\Kevin\AppData\Local\Temp\cinehome-hls-new-batman-series-s01e03\master49.vtt: 27.09 KiB / 27.09 KiB  36.03 KiB/s
C:\Users\Kevin\AppData\Local\Temp\cinehome-hls-new-batman-series-s01e03\master49.vtt: 27.09 KiB / 27.09 KiB  36.03 KiB/s
C:\Users\Kevin\AppData\Local\Temp\cinehome-hls-new-batman-series-s01e03\master5.vtt: 27.17 KiB / 27.17 KiB  36.01 KiB/s
C:\Users\Kevin\AppData\Local\Temp\cinehome-hls-new-batman-series-s01e03\master5.vtt: 27.22 KiB / 27.22 KiB  36.08 KiB/s
C:\Users\Kevin\AppData\Local\Temp\cinehome-hls-new-batman-series-s01e03\master51.vtt: 27.34 KiB / 27.34 KiB  36.10 KiB/s
C:\Users\Kevin\AppData\Local\Temp\cinehome-hls-new-batman-series-s01e03\master52.vtt: 27.46 KiB / 27.46 KiB  36.13 KiB/s
C:\Users\Kevin\AppData\Local\Temp\cinehome-hls-new-batman-series-s01e03\master53.vtt: 27.47 KiB / 27.47 KiB  35.77 KiB/s
C:\Users\Kevin\AppData\Local\Temp\cinehome-hls-new-batman-series-s01e03\master53.vtt: 27.56 KiB / 27.56 KiB  35.89 KiB/s
C:\Users\Kevin\AppData\Local\Temp\cinehome-hls-new-batman-series-s01e03\master55.vtt: 27.85 KiB / 27.85 KiB  36.24 KiB/s
C:\Users\Kevin\AppData\Local\Temp\cinehome-hls-new-batman-series-s01e03\master56.vtt: 27.93 KiB / 27.93 KiB  35.90 KiB/s
C:\Users\Kevin\AppData\Local\Temp\cinehome-hls-new-batman-series-s01e03\master57.vtt: 28.01 KiB / 28.01 KiB  35.83 KiB/s
C:\Users\Kevin\AppData\Local\Temp\cinehome-hls-new-batman-series-s01e03\master58.vtt: 28.26 KiB / 28.26 KiB  35.91 KiB/s
C:\Users\Kevin\AppData\Local\Temp\cinehome-hls-new-batman-series-s01e03\master59.vtt: 28.32 KiB / 28.32 KiB  35.98 KiB/s
C:\Users\Kevin\AppData\Local\Temp\cinehome-hls-new-batman-series-s01e03\master6.vtt: 28.38 KiB / 28.38 KiB  35.59 KiB/s
C:\Users\Kevin\AppData\Local\Temp\cinehome-hls-new-batman-series-s01e03\master60.vtt: 28.50 KiB / 28.50 KiB  35.62 KiB/s
C:\Users\Kevin\AppData\Local\Temp\cinehome-hls-new-batman-series-s01e03\master61.vtt: 28.50 KiB / 28.50 KiB  35.59 KiB/s
C:\Users\Kevin\AppData\Local\Temp\cinehome-hls-new-batman-series-s01e03\master61.vtt: 28.60 KiB / 28.60 KiB  35.31 KiB/s
C:\Users\Kevin\AppData\Local\Temp\cinehome-hls-new-batman-series-s01e03\master61.vtt: 28.61 KiB / 28.61 KiB  35.32 KiB/s
C:\Users\Kevin\AppData\Local\Temp\cinehome-hls-new-batman-series-s01e03\master64.vtt: 28.62 KiB / 28.62 KiB  35.31 KiB/s
C:\Users\Kevin\AppData\Local\Temp\cinehome-hls-new-batman-series-s01e03\master64.vtt: 28.66 KiB / 28.66 KiB  35.36 KiB/s
C:\Users\Kevin\AppData\Local\Temp\cinehome-hls-new-batman-series-s01e03\master65.vtt: 28.67 KiB / 28.67 KiB  35.35 KiB/s
C:\Users\Kevin\AppData\Local\Temp\cinehome-hls-new-batman-series-s01e03\master66.vtt: 28.72 KiB / 28.72 KiB  35.39 KiB/s
C:\Users\Kevin\AppData\Local\Temp\cinehome-hls-new-batman-series-s01e03\master68.vtt: 28.78 KiB / 28.78 KiB  35.31 KiB/s
C:\Users\Kevin\AppData\Local\Temp\cinehome-hls-new-batman-series-s01e03\master69.vtt: 28.86 KiB / 28.86 KiB  34.75 KiB/s
C:\Users\Kevin\AppData\Local\Temp\cinehome-hls-new-batman-series-s01e03\master7.vtt: 28.89 KiB / 28.89 KiB  34.79 KiB/s
C:\Users\Kevin\AppData\Local\Temp\cinehome-hls-new-batman-series-s01e03\master70.vtt: 28.93 KiB / 28.93 KiB  34.63 KiB/s
C:\Users\Kevin\AppData\Local\Temp\cinehome-hls-new-batman-series-s01e03\master71.vtt: 28.94 KiB / 28.94 KiB  34.54 KiB/s
C:\Users\Kevin\AppData\Local\Temp\cinehome-hls-new-batman-series-s01e03\master71.vtt: 28.95 KiB / 28.95 KiB  34.55 KiB/s
C:\Users\Kevin\AppData\Local\Temp\cinehome-hls-new-batman-series-s01e03\master73.vtt: 29.08 KiB / 29.08 KiB  34.35 KiB/s
C:\Users\Kevin\AppData\Local\Temp\cinehome-hls-new-batman-series-s01e03\master74.vtt: 29.15 KiB / 29.15 KiB  33.57 KiB/s
C:\Users\Kevin\AppData\Local\Temp\cinehome-hls-new-batman-series-s01e03\master75.vtt: 29.25 KiB / 29.25 KiB  33.63 KiB/s
C:\Users\Kevin\AppData\Local\Temp\cinehome-hls-new-batman-series-s01e03\master76.vtt: 29.36 KiB / 29.36 KiB  33.73 KiB/s
C:\Users\Kevin\AppData\Local\Temp\cinehome-hls-new-batman-series-s01e03\master76.vtt: 29.36 KiB / 29.36 KiB  33.46 KiB/s
C:\Users\Kevin\AppData\Local\Temp\cinehome-hls-new-batman-series-s01e03\master76.vtt: 29.36 KiB / 29.36 KiB  33.45 KiB/s
C:\Users\Kevin\AppData\Local\Temp\cinehome-hls-new-batman-series-s01e03\master77.vtt: 29.37 KiB / 29.37 KiB  33.00 KiB/s
C:\Users\Kevin\AppData\Local\Temp\cinehome-hls-new-batman-series-s01e03\master78.vtt: 29.45 KiB / 29.45 KiB  32.78 KiB/s
C:\Users\Kevin\AppData\Local\Temp\cinehome-hls-new-batman-series-s01e03\master78.vtt: 29.61 KiB / 29.61 KiB  32.93 KiB/s
C:\Users\Kevin\AppData\Local\Temp\cinehome-hls-new-batman-series-s01e03\master8.vtt: 29.68 KiB / 29.68 KiB  32.98 KiB/s
C:\Users\Kevin\AppData\Local\Temp\cinehome-hls-new-batman-series-s01e03\master80.vtt: 29.83 KiB / 29.83 KiB  32.92 KiB/s
C:\Users\Kevin\AppData\Local\Temp\cinehome-hls-new-batman-series-s01e03\master81.vtt: 29.83 KiB / 29.83 KiB  32.67 KiB/s
C:\Users\Kevin\AppData\Local\Temp\cinehome-hls-new-batman-series-s01e03\master81.vtt: 29.88 KiB / 29.88 KiB  32.68 KiB/s
C:\Users\Kevin\AppData\Local\Temp\cinehome-hls-new-batman-series-s01e03\master81.vtt: 29.88 KiB / 29.88 KiB  32.68 KiB/s
C:\Users\Kevin\AppData\Local\Temp\cinehome-hls-new-batman-series-s01e03\master84.vtt: 29.96 KiB / 29.96 KiB  32.75 KiB/s
C:\Users\Kevin\AppData\Local\Temp\cinehome-hls-new-batman-series-s01e03\master84.vtt: 30.03 KiB / 30.03 KiB  32.82 KiB/s
C:\Users\Kevin\AppData\Local\Temp\cinehome-hls-new-batman-series-s01e03\master84.vtt: 30.03 KiB / 30.03 KiB  32.81 KiB/s
C:\Users\Kevin\AppData\Local\Temp\cinehome-hls-new-batman-series-s01e03\master84.vtt: 30.13 KiB / 30.13 KiB  32.92 KiB/s
C:\Users\Kevin\AppData\Local\Temp\cinehome-hls-new-batman-series-s01e03\master88.vtt: 30.42 KiB / 30.42 KiB  32.54 KiB/s
C:\Users\Kevin\AppData\Local\Temp\cinehome-hls-new-batman-series-s01e03\master89.vtt: 30.51 KiB / 30.51 KiB  32.22 KiB/s
C:\Users\Kevin\AppData\Local\Temp\cinehome-hls-new-batman-series-s01e03\master9.vtt: 30.51 KiB / 30.51 KiB  32.19 KiB/s
C:\Users\Kevin\AppData\Local\Temp\cinehome-hls-new-batman-series-s01e03\master90.vtt: 30.69 KiB / 30.69 KiB  32.09 KiB/s
C:\Users\Kevin\AppData\Local\Temp\cinehome-hls-new-batman-series-s01e03\master91.vtt: 30.80 KiB / 30.80 KiB  32.18 KiB/s
C:\Users\Kevin\AppData\Local\Temp\cinehome-hls-new-batman-series-s01e03\master92.vtt: 31.02 KiB / 31.02 KiB  32.39 KiB/s
C:\Users\Kevin\AppData\Local\Temp\cinehome-hls-new-batman-series-s01e03\master92.vtt: 31.18 KiB / 31.18 KiB  32.56 KiB/s
C:\Users\Kevin\AppData\Local\Temp\cinehome-hls-new-batman-series-s01e03\master92.vtt: 31.39 KiB / 31.39 KiB  32.76 KiB/s
C:\Users\Kevin\AppData\Local\Temp\cinehome-hls-new-batman-series-s01e03\master92.vtt: 31.47 KiB / 31.47 KiB  32.84 KiB/s
C:\Users\Kevin\AppData\Local\Temp\cinehome-hls-new-batman-series-s01e03\master92.vtt: 31.72 KiB / 31.72 KiB  33.10 KiB/s
C:\Users\Kevin\AppData\Local\Temp\cinehome-hls-new-batman-series-s01e03\master92.vtt: 31.88 KiB / 31.88 KiB  33.27 KiB/s
C:\Users\Kevin\AppData\Local\Temp\cinehome-hls-new-batman-series-s01e03\master92.vtt: 32.05 KiB / 32.05 KiB  33.45 KiB/s
C:\Users\Kevin\AppData\Local\Temp\cinehome-hls-new-batman-series-s01e03\master92.vtt: 40.33 KiB / 40.33 KiB  42.08 KiB/s
C:\Users\Kevin\AppData\Local\Temp\cinehome-hls-new-batman-series-s01e03\master_vtt.m3u8: 3.27 MiB / 3.27 MiB  3.37 MiB/s
C:\Users\Kevin\AppData\Local\Temp\cinehome-hls-new-batman-series-s01e03\seg_0000.ts: 4.00 MiB / 4.00 MiB  4.01 MiB/s
C:\Users\Kevin\AppData\Local\Temp\cinehome-hls-new-batman-series-s01e03\seg_0000.ts: 4.00 MiB / 4.00 MiB  3.99 MiB/s
C:\Users\Kevin\AppData\Local\Temp\cinehome-hls-new-batman-series-s01e03\seg_0000.ts: 4.00 MiB / 4.00 MiB  3.99 MiB/s
C:\Users\Kevin\AppData\Local\Temp\cinehome-hls-new-batman-series-s01e03\seg_0001.ts: 6.04 MiB / 6.04 MiB  6.00 MiB/s
C:\Users\Kevin\AppData\Local\Temp\cinehome-hls-new-batman-series-s01e03\seg_0002.ts: 8.69 MiB / 8.69 MiB  8.62 MiB/s
C:\Users\Kevin\AppData\Local\Temp\cinehome-hls-new-batman-series-s01e03\seg_0003.ts: 10.10 MiB / 10.10 MiB  10.01 MiB/s
C:\Users\Kevin\AppData\Local\Temp\cinehome-hls-new-batman-series-s01e03\seg_0003.ts: 11.04 MiB / 11.04 MiB  10.95 MiB/s
C:\Users\Kevin\AppData\Local\Temp\cinehome-hls-new-batman-series-s01e03\seg_0005.ts: 11.35 MiB / 11.35 MiB  11.25 MiB/s
C:\Users\Kevin\AppData\Local\Temp\cinehome-hls-new-batman-series-s01e03\seg_0005.ts: 12.16 MiB / 12.16 MiB  12.04 MiB/s
C:\Users\Kevin\AppData\Local\Temp\cinehome-hls-new-batman-series-s01e03\seg_0005.ts: 13.28 MiB / 13.28 MiB  13.15 MiB/s
C:\Users\Kevin\AppData\Local\Temp\cinehome-hls-new-batman-series-s01e03\seg_0008.ts: 13.83 MiB / 13.83 MiB  13.68 MiB/s
C:\Users\Kevin\AppData\Local\Temp\cinehome-hls-new-batman-series-s01e03\seg_0009.ts: 15.19 MiB / 15.19 MiB  14.95 MiB/s
C:\Users\Kevin\AppData\Local\Temp\cinehome-hls-new-batman-series-s01e03\seg_0010.ts: 16.06 MiB / 16.06 MiB  15.79 MiB/s
C:\Users\Kevin\AppData\Local\Temp\cinehome-hls-new-batman-series-s01e03\seg_0011.ts: 16.38 MiB / 16.38 MiB  16.07 MiB/s
C:\Users\Kevin\AppData\Local\Temp\cinehome-hls-new-batman-series-s01e03\seg_0011.ts: 16.88 MiB / 16.88 MiB  15.65 MiB/s
C:\Users\Kevin\AppData\Local\Temp\cinehome-hls-new-batman-series-s01e03\seg_0013.ts: 18.13 MiB / 18.13 MiB  16.69 MiB/s
C:\Users\Kevin\AppData\Local\Temp\cinehome-hls-new-batman-series-s01e03\seg_0013.ts: 18.13 MiB / 18.13 MiB  16.07 MiB/s
C:\Users\Kevin\AppData\Local\Temp\cinehome-hls-new-batman-series-s01e03\seg_0013.ts: 18.13 MiB / 18.13 MiB  16.07 MiB/s
C:\Users\Kevin\AppData\Local\Temp\cinehome-hls-new-batman-series-s01e03\seg_0014.ts: 18.51 MiB / 18.51 MiB  15.33 MiB/s
C:\Users\Kevin\AppData\Local\Temp\cinehome-hls-new-batman-series-s01e03\seg_0015.ts: 19.40 MiB / 19.40 MiB  15.84 MiB/s
C:\Users\Kevin\AppData\Local\Temp\cinehome-hls-new-batman-series-s01e03\seg_0016.ts: 21.70 MiB / 21.70 MiB  17.70 MiB/s
C:\Users\Kevin\AppData\Local\Temp\cinehome-hls-new-batman-series-s01e03\seg_0016.ts: 21.70 MiB / 21.70 MiB  17.31 MiB/s
C:\Users\Kevin\AppData\Local\Temp\cinehome-hls-new-batman-series-s01e03\seg_0016.ts: 21.70 MiB / 21.70 MiB  17.31 MiB/s
C:\Users\Kevin\AppData\Local\Temp\cinehome-hls-new-batman-series-s01e03\seg_0017.ts: 22.69 MiB / 22.69 MiB  17.88 MiB/s
C:\Users\Kevin\AppData\Local\Temp\cinehome-hls-new-batman-series-s01e03\seg_0018.ts: 23.54 MiB / 23.54 MiB  18.28 MiB/s
C:\Users\Kevin\AppData\Local\Temp\cinehome-hls-new-batman-series-s01e03\seg_0019.ts: 35.65 MiB / 35.65 MiB  27.67 MiB/s
C:\Users\Kevin\AppData\Local\Temp\cinehome-hls-new-batman-series-s01e03\seg_0020.ts: 42.16 MiB / 42.16 MiB  32.71 MiB/s
C:\Users\Kevin\AppData\Local\Temp\cinehome-hls-new-batman-series-s01e03\seg_0020.ts: 49.30 MiB / 49.30 MiB  38.11 MiB/s
C:\Users\Kevin\AppData\Local\Temp\cinehome-hls-new-batman-series-s01e03\seg_0020.ts: 55.83 MiB / 55.83 MiB  43.16 MiB/s
C:\Users\Kevin\AppData\Local\Temp\cinehome-hls-new-batman-series-s01e03\seg_0020.ts: 66.84 MiB / 66.84 MiB  51.67 MiB/s
C:\Users\Kevin\AppData\Local\Temp\cinehome-hls-new-batman-series-s01e03\seg_0023.ts: 67.27 MiB / 67.27 MiB  51.90 MiB/s
C:\Users\Kevin\AppData\Local\Temp\cinehome-hls-new-batman-series-s01e03\seg_0025.ts: 68.91 MiB / 68.91 MiB  52.45 MiB/s
C:\Users\Kevin\AppData\Local\Temp\cinehome-hls-new-batman-series-s01e03\seg_0026.ts: 69.49 MiB / 69.49 MiB  51.55 MiB/s
C:\Users\Kevin\AppData\Local\Temp\cinehome-hls-new-batman-series-s01e03\seg_0027.ts: 70.44 MiB / 70.44 MiB  52.18 MiB/s
C:\Users\Kevin\AppData\Local\Temp\cinehome-hls-new-batman-series-s01e03\seg_0028.ts: 71.80 MiB / 71.80 MiB  53.15 MiB/s
C:\Users\Kevin\AppData\Local\Temp\cinehome-hls-new-batman-series-s01e03\seg_0029.ts: 72.78 MiB / 72.78 MiB  53.79 MiB/s
C:\Users\Kevin\AppData\Local\Temp\cinehome-hls-new-batman-series-s01e03\seg_0030.ts: 73.12 MiB / 73.12 MiB  53.87 MiB/s
C:\Users\Kevin\AppData\Local\Temp\cinehome-hls-new-batman-series-s01e03\seg_0030.ts: 73.12 MiB / 73.12 MiB  53.03 MiB/s
C:\Users\Kevin\AppData\Local\Temp\cinehome-hls-new-batman-series-s01e03\seg_0030.ts: 73.12 MiB / 73.12 MiB  53.03 MiB/s
C:\Users\Kevin\AppData\Local\Temp\cinehome-hls-new-batman-series-s01e03\seg_0031.ts: 73.61 MiB / 73.61 MiB  53.04 MiB/s
C:\Users\Kevin\AppData\Local\Temp\cinehome-hls-new-batman-series-s01e03\seg_0032.ts: 75.19 MiB / 75.19 MiB  53.56 MiB/s
C:\Users\Kevin\AppData\Local\Temp\cinehome-hls-new-batman-series-s01e03\seg_0033.ts: 75.86 MiB / 75.86 MiB  51.93 MiB/s
C:\Users\Kevin\AppData\Local\Temp\cinehome-hls-new-batman-series-s01e03\seg_0034.ts: 76.77 MiB / 76.77 MiB  52.16 MiB/s
C:\Users\Kevin\AppData\Local\Temp\cinehome-hls-new-batman-series-s01e03\seg_0034.ts: 76.77 MiB / 76.77 MiB  51.03 MiB/s
C:\Users\Kevin\AppData\Local\Temp\cinehome-hls-new-batman-series-s01e03\seg_0034.ts: 76.77 MiB / 76.77 MiB  51.03 MiB/s
C:\Users\Kevin\AppData\Local\Temp\cinehome-hls-new-batman-series-s01e03\seg_0035.ts: 77.69 MiB / 77.69 MiB  51.33 MiB/s
C:\Users\Kevin\AppData\Local\Temp\cinehome-hls-new-batman-series-s01e03\seg_0036.ts: 78.39 MiB / 78.39 MiB  51.44 MiB/s
C:\Users\Kevin\AppData\Local\Temp\cinehome-hls-new-batman-series-s01e03\seg_0037.ts: 79.15 MiB / 79.15 MiB  51.70 MiB/s
C:\Users\Kevin\AppData\Local\Temp\cinehome-hls-new-batman-series-s01e03\seg_0037.ts: 79.15 MiB / 79.15 MiB  48.56 MiB/s
C:\Users\Kevin\AppData\Local\Temp\cinehome-hls-new-batman-series-s01e03\seg_0037.ts: 79.15 MiB / 79.15 MiB  48.56 MiB/s
C:\Users\Kevin\AppData\Local\Temp\cinehome-hls-new-batman-series-s01e03\seg_0038.ts: 80.34 MiB / 80.34 MiB  48.95 MiB/s
C:\Users\Kevin\AppData\Local\Temp\cinehome-hls-new-batman-series-s01e03\seg_0038.ts: 82.44 MiB / 82.44 MiB  49.05 MiB/s
C:\Users\Kevin\AppData\Local\Temp\cinehome-hls-new-batman-series-s01e03\seg_0038.ts: 84.32 MiB / 84.32 MiB  50.17 MiB/s
C:\Users\Kevin\AppData\Local\Temp\cinehome-hls-new-batman-series-s01e03\seg_0041.ts: 84.99 MiB / 84.99 MiB  50.57 MiB/s
C:\Users\Kevin\AppData\Local\Temp\cinehome-hls-new-batman-series-s01e03\seg_0042.ts: 85.80 MiB / 85.80 MiB  50.37 MiB/s
C:\Users\Kevin\AppData\Local\Temp\cinehome-hls-new-batman-series-s01e03\seg_0043.ts: 86.30 MiB / 86.30 MiB  50.65 MiB/s
C:\Users\Kevin\AppData\Local\Temp\cinehome-hls-new-batman-series-s01e03\seg_0043.ts: 86.30 MiB / 86.30 MiB  49.17 MiB/s
C:\Users\Kevin\AppData\Local\Temp\cinehome-hls-new-batman-series-s01e03\seg_0043.ts: 86.30 MiB / 86.30 MiB  49.17 MiB/s
C:\Users\Kevin\AppData\Local\Temp\cinehome-hls-new-batman-series-s01e03\seg_0044.ts: 88.30 MiB / 88.30 MiB  49.76 MiB/s
C:\Users\Kevin\AppData\Local\Temp\cinehome-hls-new-batman-series-s01e03\seg_0045.ts: 89.10 MiB / 89.10 MiB  50.13 MiB/s
C:\Users\Kevin\AppData\Local\Temp\cinehome-hls-new-batman-series-s01e03\seg_0046.ts: 89.54 MiB / 89.54 MiB  48.17 MiB/s
C:\Users\Kevin\AppData\Local\Temp\cinehome-hls-new-batman-series-s01e03\seg_0047.ts: 90.47 MiB / 90.47 MiB  48.58 MiB/s
C:\Users\Kevin\AppData\Local\Temp\cinehome-hls-new-batman-series-s01e03\seg_0047.ts: 90.47 MiB / 90.47 MiB  48.11 MiB/s
C:\Users\Kevin\AppData\Local\Temp\cinehome-hls-new-batman-series-s01e03\seg_0047.ts: 90.47 MiB / 90.47 MiB  48.11 MiB/s
C:\Users\Kevin\AppData\Local\Temp\cinehome-hls-new-batman-series-s01e03\seg_0047.ts: 90.47 MiB / 90.47 MiB  45.09 MiB/s
C:\Users\Kevin\AppData\Local\Temp\cinehome-hls-new-batman-series-s01e03\seg_0047.ts: 90.47 MiB / 90.47 MiB  45.09 MiB/s
C:\Users\Kevin\AppData\Local\Temp\cinehome-hls-new-batman-series-s01e03\seg_0048.ts: 90.96 MiB / 90.96 MiB  45.06 MiB/s
C:\Users\Kevin\AppData\Local\Temp\cinehome-hls-new-batman-series-s01e03\seg_0049.ts: 92.24 MiB / 92.24 MiB  43.60 MiB/s
C:\Users\Kevin\AppData\Local\Temp\cinehome-hls-new-batman-series-s01e03\seg_0050.ts: 93.68 MiB / 93.68 MiB  44.18 MiB/s
C:\Users\Kevin\AppData\Local\Temp\cinehome-hls-new-batman-series-s01e03\seg_0050.ts: 95.10 MiB / 95.10 MiB  44.83 MiB/s
C:\Users\Kevin\AppData\Local\Temp\cinehome-hls-new-batman-series-s01e03\seg_0052.ts: 96.45 MiB / 96.45 MiB  45.39 MiB/s
C:\Users\Kevin\AppData\Local\Temp\cinehome-hls-new-batman-series-s01e03\seg_0052.ts: 96.45 MiB / 96.45 MiB  45.25 MiB/s
C:\Users\Kevin\AppData\Local\Temp\cinehome-hls-new-batman-series-s01e03\seg_0052.ts: 96.45 MiB / 96.45 MiB  45.25 MiB/s
C:\Users\Kevin\AppData\Local\Temp\cinehome-hls-new-batman-series-s01e03\seg_0053.ts: 97.36 MiB / 97.36 MiB  45.47 MiB/s
C:\Users\Kevin\AppData\Local\Temp\cinehome-hls-new-batman-series-s01e03\seg_0054.ts: 99.55 MiB / 99.55 MiB  46.44 MiB/s
C:\Users\Kevin\AppData\Local\Temp\cinehome-hls-new-batman-series-s01e03\seg_0055.ts: 101.19 MiB / 101.19 MiB  47.03 MiB/s
C:\Users\Kevin\AppData\Local\Temp\cinehome-hls-new-batman-series-s01e03\seg_0056.ts: 101.68 MiB / 101.68 MiB  46.50 MiB/s
C:\Users\Kevin\AppData\Local\Temp\cinehome-hls-new-batman-series-s01e03\seg_0056.ts: 102.47 MiB / 102.47 MiB  46.85 MiB/s
C:\Users\Kevin\AppData\Local\Temp\cinehome-hls-new-batman-series-s01e03\seg_0058.ts: 104.05 MiB / 104.05 MiB  47.03 MiB/s
C:\Users\Kevin\AppData\Local\Temp\cinehome-hls-new-batman-series-s01e03\seg_0059.ts: 104.76 MiB / 104.76 MiB  47.34 MiB/s
C:\Users\Kevin\AppData\Local\Temp\cinehome-hls-new-batman-series-s01e03\seg_0060.ts: 106.86 MiB / 106.86 MiB  47.86 MiB/s
C:\Users\Kevin\AppData\Local\Temp\cinehome-hls-new-batman-series-s01e03\seg_0060.ts: 106.86 MiB / 106.86 MiB  47.34 MiB/s
C:\Users\Kevin\AppData\Local\Temp\cinehome-hls-new-batman-series-s01e03\seg_0060.ts: 106.86 MiB / 106.86 MiB  47.34 MiB/s
C:\Users\Kevin\AppData\Local\Temp\cinehome-hls-new-batman-series-s01e03\seg_0061.ts: 107.23 MiB / 107.23 MiB  46.54 MiB/s
C:\Users\Kevin\AppData\Local\Temp\cinehome-hls-new-batman-series-s01e03\seg_0062.ts: 109.04 MiB / 109.04 MiB  47.12 MiB/s
C:\Users\Kevin\AppData\Local\Temp\cinehome-hls-new-batman-series-s01e03\seg_0063.ts: 109.70 MiB / 109.70 MiB  47.39 MiB/s
C:\Users\Kevin\AppData\Local\Temp\cinehome-hls-new-batman-series-s01e03\seg_0064.ts: 111.36 MiB / 111.36 MiB  47.96 MiB/s
C:\Users\Kevin\AppData\Local\Temp\cinehome-hls-new-batman-series-s01e03\seg_0065.ts: 112.72 MiB / 112.72 MiB  48.46 MiB/s
C:\Users\Kevin\AppData\Local\Temp\cinehome-hls-new-batman-series-s01e03\seg_0066.ts: 114.35 MiB / 114.35 MiB  49.14 MiB/s
C:\Users\Kevin\AppData\Local\Temp\cinehome-hls-new-batman-series-s01e03\seg_0067.ts: 114.90 MiB / 114.90 MiB  49.09 MiB/s
C:\Users\Kevin\AppData\Local\Temp\cinehome-hls-new-batman-series-s01e03\seg_0068.ts: 116.29 MiB / 116.29 MiB  49.60 MiB/s
C:\Users\Kevin\AppData\Local\Temp\cinehome-hls-new-batman-series-s01e03\seg_0068.ts: 116.29 MiB / 116.29 MiB  48.79 MiB/s
C:\Users\Kevin\AppData\Local\Temp\cinehome-hls-new-batman-series-s01e03\seg_0068.ts: 116.29 MiB / 116.29 MiB  48.78 MiB/s
C:\Users\Kevin\AppData\Local\Temp\cinehome-hls-new-batman-series-s01e03\seg_0069.ts: 120.67 MiB / 120.67 MiB  50.23 MiB/s
C:\Users\Kevin\AppData\Local\Temp\cinehome-hls-new-batman-series-s01e03\seg_0070.ts: 124.70 MiB / 124.70 MiB  51.01 MiB/s
C:\Users\Kevin\AppData\Local\Temp\cinehome-hls-new-batman-series-s01e03\seg_0071.ts: 125.67 MiB / 125.67 MiB  50.72 MiB/s
C:\Users\Kevin\AppData\Local\Temp\cinehome-hls-new-batman-series-s01e03\seg_0072.ts: 127.00 MiB / 127.00 MiB  51.24 MiB/s
C:\Users\Kevin\AppData\Local\Temp\cinehome-hls-new-batman-series-s01e03\seg_0072.ts: 127.00 MiB / 127.00 MiB  50.61 MiB/s
C:\Users\Kevin\AppData\Local\Temp\cinehome-hls-new-batman-series-s01e03\seg_0072.ts: 127.00 MiB / 127.00 MiB  50.61 MiB/s
C:\Users\Kevin\AppData\Local\Temp\cinehome-hls-new-batman-series-s01e03\seg_0073.ts: 127.99 MiB / 127.99 MiB  50.27 MiB/s
C:\Users\Kevin\AppData\Local\Temp\cinehome-hls-new-batman-series-s01e03\seg_0074.ts: 128.67 MiB / 128.67 MiB  50.32 MiB/s
C:\Users\Kevin\AppData\Local\Temp\cinehome-hls-new-batman-series-s01e03\seg_0075.ts: 130.85 MiB / 130.85 MiB  51.11 MiB/s
C:\Users\Kevin\AppData\Local\Temp\cinehome-hls-new-batman-series-s01e03\seg_0076.ts: 133.91 MiB / 133.91 MiB  51.25 MiB/s
C:\Users\Kevin\AppData\Local\Temp\cinehome-hls-new-batman-series-s01e03\seg_0076.ts: 133.91 MiB / 133.91 MiB  50.81 MiB/s
C:\Users\Kevin\AppData\Local\Temp\cinehome-hls-new-batman-series-s01e03\seg_0076.ts: 133.91 MiB / 133.91 MiB  50.81 MiB/s
C:\Users\Kevin\AppData\Local\Temp\cinehome-hls-new-batman-series-s01e03\seg_0077.ts: 135.42 MiB / 135.42 MiB  50.59 MiB/s
C:\Users\Kevin\AppData\Local\Temp\cinehome-hls-new-batman-series-s01e03\seg_0078.ts: 137.05 MiB / 137.05 MiB  51.16 MiB/s
C:\Users\Kevin\AppData\Local\Temp\cinehome-hls-new-batman-series-s01e03\seg_0079.ts: 137.90 MiB / 137.90 MiB  51.08 MiB/s
C:\Users\Kevin\AppData\Local\Temp\cinehome-hls-new-batman-series-s01e03\seg_0080.ts: 138.57 MiB / 138.57 MiB  51.20 MiB/s
C:\Users\Kevin\AppData\Local\Temp\cinehome-hls-new-batman-series-s01e03\seg_0081.ts: 140.44 MiB / 140.44 MiB  51.81 MiB/s
C:\Users\Kevin\AppData\Local\Temp\cinehome-hls-new-batman-series-s01e03\seg_0082.ts: 142.02 MiB / 142.02 MiB  52.30 MiB/s
C:\Users\Kevin\AppData\Local\Temp\cinehome-hls-new-batman-series-s01e03\seg_0082.ts: 142.02 MiB / 142.02 MiB  51.44 MiB/s
C:\Users\Kevin\AppData\Local\Temp\cinehome-hls-new-batman-series-s01e03\seg_0082.ts: 142.02 MiB / 142.02 MiB  51.43 MiB/s
C:\Users\Kevin\AppData\Local\Temp\cinehome-hls-new-batman-series-s01e03\seg_0083.ts: 142.80 MiB / 142.80 MiB  51.06 MiB/s
C:\Users\Kevin\AppData\Local\Temp\cinehome-hls-new-batman-series-s01e03\seg_0083.ts: 144.25 MiB / 144.25 MiB  51.58 MiB/s
C:\Users\Kevin\AppData\Local\Temp\cinehome-hls-new-batman-series-s01e03\seg_0085.ts: 145.76 MiB / 145.76 MiB  51.93 MiB/s
C:\Users\Kevin\AppData\Local\Temp\cinehome-hls-new-batman-series-s01e03\seg_0085.ts: 145.98 MiB / 145.98 MiB  50.59 MiB/s
C:\Users\Kevin\AppData\Local\Temp\cinehome-hls-new-batman-series-s01e03\seg_0085.ts: 147.05 MiB / 147.05 MiB  50.96 MiB/s
C:\Users\Kevin\AppData\Local\Temp\cinehome-hls-new-batman-series-s01e03\seg_0087.ts: 148.23 MiB / 148.23 MiB  51.35 MiB/s
C:\Users\Kevin\AppData\Local\Temp\cinehome-hls-new-batman-series-s01e03\seg_0087.ts: 148.23 MiB / 148.23 MiB  51.33 MiB/s
C:\Users\Kevin\AppData\Local\Temp\cinehome-hls-new-batman-series-s01e03\seg_0087.ts: 148.23 MiB / 148.23 MiB  51.33 MiB/s
C:\Users\Kevin\AppData\Local\Temp\cinehome-hls-new-batman-series-s01e03\seg_0087.ts: 148.45 MiB / 148.45 MiB  49.61 MiB/s
C:\Users\Kevin\AppData\Local\Temp\cinehome-hls-new-batman-series-s01e03\seg_0087.ts: 149.35 MiB / 149.35 MiB  49.91 MiB/s
C:\Users\Kevin\AppData\Local\Temp\cinehome-hls-new-batman-series-s01e03\seg_0090.ts: 150.13 MiB / 150.13 MiB  50.16 MiB/s
C:\Users\Kevin\AppData\Local\Temp\cinehome-hls-new-batman-series-s01e03\seg_0090.ts: 150.13 MiB / 150.13 MiB  49.82 MiB/s
C:\Users\Kevin\AppData\Local\Temp\cinehome-hls-new-batman-series-s01e03\seg_0090.ts: 150.13 MiB / 150.13 MiB  49.82 MiB/s
C:\Users\Kevin\AppData\Local\Temp\cinehome-hls-new-batman-series-s01e03\seg_0092.ts: 151.03 MiB / 151.03 MiB  49.29 MiB/s
C:\Users\Kevin\AppData\Local\Temp\cinehome-hls-new-batman-series-s01e03\seg_0093.ts: 151.85 MiB / 151.85 MiB  49.54 MiB/s
C:\Users\Kevin\AppData\Local\Temp\cinehome-hls-new-batman-series-s01e03\seg_0094.ts: 152.95 MiB / 152.95 MiB  49.88 MiB/s
C:\Users\Kevin\AppData\Local\Temp\cinehome-hls-new-batman-series-s01e03\seg_0095.ts: 153.54 MiB / 153.54 MiB  50.04 MiB/s
C:\Users\Kevin\AppData\Local\Temp\cinehome-hls-new-batman-series-s01e03\seg_0096.ts: 154.81 MiB / 154.81 MiB  49.45 MiB/s
C:\Users\Kevin\AppData\Local\Temp\cinehome-hls-new-batman-series-s01e03\seg_0096.ts: 154.81 MiB / 154.81 MiB  49.32 MiB/s
C:\Users\Kevin\AppData\Local\Temp\cinehome-hls-new-batman-series-s01e03\seg_0096.ts: 154.81 MiB / 154.81 MiB  49.32 MiB/s
C:\Users\Kevin\AppData\Local\Temp\cinehome-hls-new-batman-series-s01e03\seg_0097.ts: 155.77 MiB / 155.77 MiB  49.61 MiB/s
C:\Users\Kevin\AppData\Local\Temp\cinehome-hls-new-batman-series-s01e03\seg_0098.ts: 156.78 MiB / 156.78 MiB  49.36 MiB/s
C:\Users\Kevin\AppData\Local\Temp\cinehome-hls-new-batman-series-s01e03\seg_0099.ts: 157.19 MiB / 157.19 MiB  49.22 MiB/s
C:\Users\Kevin\AppData\Local\Temp\cinehome-hls-new-batman-series-s01e03\seg_0100.ts: 157.68 MiB / 157.68 MiB  49.08 MiB/s
C:\Users\Kevin\AppData\Local\Temp\cinehome-hls-new-batman-series-s01e03\seg_0101.ts: 157.99 MiB / 157.99 MiB  48.89 MiB/s
C:\Users\Kevin\AppData\Local\Temp\cinehome-hls-new-batman-series-s01e03\seg_0102.ts: 159.19 MiB / 159.19 MiB  48.89 MiB/s
C:\Users\Kevin\AppData\Local\Temp\cinehome-hls-new-batman-series-s01e03\seg_0102.ts: 159.19 MiB / 159.19 MiB  48.76 MiB/s
C:\Users\Kevin\AppData\Local\Temp\cinehome-hls-new-batman-series-s01e03\seg_0102.ts: 159.19 MiB / 159.19 MiB  48.76 MiB/s
C:\Users\Kevin\AppData\Local\Temp\cinehome-hls-new-batman-series-s01e03\seg_0103.ts: 159.83 MiB / 159.83 MiB  48.80 MiB/s
C:\Users\Kevin\AppData\Local\Temp\cinehome-hls-new-batman-series-s01e03\seg_0104.ts: 160.70 MiB / 160.70 MiB  48.51 MiB/s
C:\Users\Kevin\AppData\Local\Temp\cinehome-hls-new-batman-series-s01e03\seg_0105.ts: 161.88 MiB / 161.88 MiB  48.69 MiB/s
C:\Users\Kevin\AppData\Local\Temp\cinehome-hls-new-batman-series-s01e03\seg_0106.ts: 162.60 MiB / 162.60 MiB  48.70 MiB/s
C:\Users\Kevin\AppData\Local\Temp\cinehome-hls-new-batman-series-s01e03\seg_0107.ts: 164.06 MiB / 164.06 MiB  49.06 MiB/s
C:\Users\Kevin\AppData\Local\Temp\cinehome-hls-new-batman-series-s01e03\seg_0108.ts: 164.58 MiB / 164.58 MiB  49.20 MiB/s
C:\Users\Kevin\AppData\Local\Temp\cinehome-hls-new-batman-series-s01e03\seg_0108.ts: 165.85 MiB / 165.85 MiB  49.58 MiB/s
C:\Users\Kevin\AppData\Local\Temp\cinehome-hls-new-batman-series-s01e03\seg_0110.ts: 167.66 MiB / 167.66 MiB  49.71 MiB/s
C:\Users\Kevin\AppData\Local\Temp\cinehome-hls-new-batman-series-s01e03\seg_0110.ts: 167.66 MiB / 167.66 MiB  49.45 MiB/s
C:\Users\Kevin\AppData\Local\Temp\cinehome-hls-new-batman-series-s01e03\seg_0110.ts: 167.66 MiB / 167.66 MiB  49.45 MiB/s
C:\Users\Kevin\AppData\Local\Temp\cinehome-hls-new-batman-series-s01e03\seg_0111.ts: 167.99 MiB / 167.99 MiB  49.24 MiB/s
C:\Users\Kevin\AppData\Local\Temp\cinehome-hls-new-batman-series-s01e03\seg_0112.ts: 169.61 MiB / 169.61 MiB  49.26 MiB/s
C:\Users\Kevin\AppData\Local\Temp\cinehome-hls-new-batman-series-s01e03\seg_0113.ts: 170.45 MiB / 170.45 MiB  48.53 MiB/s
C:\Users\Kevin\AppData\Local\Temp\cinehome-hls-new-batman-series-s01e03\seg_0113.ts: 170.45 MiB / 170.45 MiB  48.48 MiB/s
C:\Users\Kevin\AppData\Local\Temp\cinehome-hls-new-batman-series-s01e03\seg_0113.ts: 170.45 MiB / 170.45 MiB  48.48 MiB/s
C:\Users\Kevin\AppData\Local\Temp\cinehome-hls-new-batman-series-s01e03\seg_0114.ts: 171.02 MiB / 171.02 MiB  48.59 MiB/s
C:\Users\Kevin\AppData\Local\Temp\cinehome-hls-new-batman-series-s01e03\seg_0115.ts: 172.51 MiB / 172.51 MiB  48.91 MiB/s
C:\Users\Kevin\AppData\Local\Temp\cinehome-hls-new-batman-series-s01e03\seg_0116.ts: 174.09 MiB / 174.09 MiB  48.88 MiB/s
C:\Users\Kevin\AppData\Local\Temp\cinehome-hls-new-batman-series-s01e03\seg_0117.ts: 176.33 MiB / 176.33 MiB  49.48 MiB/s
C:\Users\Kevin\AppData\Local\Temp\cinehome-hls-new-batman-series-s01e03\seg_0118.ts: 178.78 MiB / 178.78 MiB  49.72 MiB/s
C:\Users\Kevin\AppData\Local\Temp\cinehome-hls-new-batman-series-s01e03\seg_0118.ts: 178.78 MiB / 178.78 MiB  49.10 MiB/s
C:\Users\Kevin\AppData\Local\Temp\cinehome-hls-new-batman-series-s01e03\seg_0118.ts: 178.78 MiB / 178.78 MiB  49.10 MiB/s
C:\Users\Kevin\AppData\Local\Temp\cinehome-hls-new-batman-series-s01e03\seg_0119.ts: 179.38 MiB / 179.38 MiB  48.74 MiB/s
C:\Users\Kevin\AppData\Local\Temp\cinehome-hls-new-batman-series-s01e03\seg_0120.ts: 179.78 MiB / 179.78 MiB  48.85 MiB/s
C:\Users\Kevin\AppData\Local\Temp\cinehome-hls-new-batman-series-s01e03\seg_0121.ts: 180.39 MiB / 180.39 MiB  49.01 MiB/s
C:\Users\Kevin\AppData\Local\Temp\cinehome-hls-new-batman-series-s01e03\seg_0122.ts: 181.47 MiB / 181.47 MiB  49.09 MiB/s
C:\Users\Kevin\AppData\Local\Temp\cinehome-hls-new-batman-series-s01e03\seg_0123.ts: 182.91 MiB / 182.91 MiB  49.15 MiB/s
C:\Users\Kevin\AppData\Local\Temp\cinehome-hls-new-batman-series-s01e03\seg_0124.ts: 183.34 MiB / 183.34 MiB  49.13 MiB/s
C:\Users\Kevin\AppData\Local\Temp\cinehome-hls-new-batman-series-s01e03\seg_0125.ts: 185.57 MiB / 185.57 MiB  49.39 MiB/s
C:\Users\Kevin\AppData\Local\Temp\cinehome-hls-new-batman-series-s01e03\seg_0125.ts: 185.57 MiB / 185.57 MiB  49.27 MiB/s
C:\Users\Kevin\AppData\Local\Temp\cinehome-hls-new-batman-series-s01e03\seg_0125.ts: 185.57 MiB / 185.57 MiB  49.26 MiB/s
C:\Users\Kevin\AppData\Local\Temp\cinehome-hls-new-batman-series-s01e03\seg_0126.ts: 186.38 MiB / 186.38 MiB  49.47 MiB/s
C:\Users\Kevin\AppData\Local\Temp\cinehome-hls-new-batman-series-s01e03\seg_0127.ts: 188.09 MiB / 188.09 MiB  49.71 MiB/s
C:\Users\Kevin\AppData\Local\Temp\cinehome-hls-new-batman-series-s01e03\seg_0128.ts: 189.63 MiB / 189.63 MiB  50.06 MiB/s
C:\Users\Kevin\AppData\Local\Temp\cinehome-hls-new-batman-series-s01e03\seg_0129.ts: 190.71 MiB / 190.71 MiB  50.31 MiB/s
C:\Users\Kevin\AppData\Local\Temp\cinehome-hls-new-batman-series-s01e03\seg_0130.ts: 191.61 MiB / 191.61 MiB  50.16 MiB/s
C:\Users\Kevin\AppData\Local\Temp\cinehome-hls-new-batman-series-s01e03\seg_0131.ts: 194.32 MiB / 194.32 MiB  50.61 MiB/s
C:\Users\Kevin\AppData\Local\Temp\cinehome-hls-new-batman-series-s01e03\seg_0132.ts: 196.13 MiB / 196.13 MiB  50.61 MiB/s
C:\Users\Kevin\AppData\Local\Temp\cinehome-hls-new-batman-series-s01e03\seg_0133.ts: 198.17 MiB / 198.17 MiB  51.02 MiB/s
C:\Users\Kevin\AppData\Local\Temp\cinehome-hls-new-batman-series-s01e03\seg_0134.ts: 200.94 MiB / 200.94 MiB  51.68 MiB/s
C:\Users\Kevin\AppData\Local\Temp\cinehome-hls-new-batman-series-s01e03\seg_0135.ts: 203.17 MiB / 203.17 MiB  52.24 MiB/s
C:\Users\Kevin\AppData\Local\Temp\cinehome-hls-new-batman-series-s01e03\seg_0136.ts: 207.77 MiB / 207.77 MiB  53.42 MiB/s
C:\Users\Kevin\AppData\Local\Temp\cinehome-hls-new-batman-series-s01e03\seg_0136.ts: 207.77 MiB / 207.77 MiB  53.37 MiB/s
C:\Users\Kevin\AppData\Local\Temp\cinehome-hls-new-batman-series-s01e03\seg_0136.ts: 207.77 MiB / 207.77 MiB  53.37 MiB/s
C:\Users\Kevin\AppData\Local\Temp\cinehome-hls-new-batman-series-s01e03\seg_0137.ts: 209.06 MiB / 209.06 MiB  53.61 MiB/s
C:\Users\Kevin\AppData\Local\Temp\cinehome-hls-new-batman-series-s01e03\seg_0138.ts: 210.02 MiB / 210.02 MiB  53.81 MiB/s
C:\Users\Kevin\AppData\Local\Temp\cinehome-hls-new-batman-series-s01e03\seg_0139.ts: 213.22 MiB / 213.22 MiB  54.58 MiB/s
C:\Users\Kevin\AppData\Local\Temp\cinehome-hls-new-batman-series-s01e03\seg_0140.ts: 214.04 MiB / 214.04 MiB  54.79 MiB/s
C:\Users\Kevin\AppData\Local\Temp\cinehome-hls-new-batman-series-s01e03\seg_0141.ts: 215.09 MiB / 215.09 MiB  54.98 MiB/s
C:\Users\Kevin\AppData\Local\Temp\cinehome-hls-new-batman-series-s01e03\seg_0141.ts: 216.27 MiB / 216.27 MiB  55.28 MiB/s
C:\Users\Kevin\AppData\Local\Temp\cinehome-hls-new-batman-series-s01e03\seg_0143.ts: 217.79 MiB / 217.79 MiB  55.66 MiB/s
C:\Users\Kevin\AppData\Local\Temp\cinehome-hls-new-batman-series-s01e03\seg_0144.ts: 220.02 MiB / 220.02 MiB  55.29 MiB/s
C:\Users\Kevin\AppData\Local\Temp\cinehome-hls-new-batman-series-s01e03\seg_0145.ts: 220.95 MiB / 220.95 MiB  55.43 MiB/s
C:\Users\Kevin\AppData\Local\Temp\cinehome-hls-new-batman-series-s01e03\seg_0145.ts: 223.51 MiB / 223.51 MiB  55.87 MiB/s
C:\Users\Kevin\AppData\Local\Temp\cinehome-hls-new-batman-series-s01e03\seg_0146.ts: 224.20 MiB / 224.20 MiB  56.03 MiB/s
C:\Users\Kevin\AppData\Local\Temp\cinehome-hls-new-batman-series-s01e03\seg_0146.ts: 225.33 MiB / 225.33 MiB  56.30 MiB/s
C:\Users\Kevin\AppData\Local\Temp\cinehome-hls-new-batman-series-s01e03\seg_0146.ts: 226.39 MiB / 226.39 MiB  56.56 MiB/s
C:\Users\Kevin\AppData\Local\Temp\cinehome-hls-new-batman-series-s01e03\seg_0149.ts: 227.71 MiB / 227.71 MiB  56.88 MiB/s
C:\Users\Kevin\AppData\Local\Temp\cinehome-hls-new-batman-series-s01e03\seg_0150.ts: 228.23 MiB / 228.23 MiB  57.00 MiB/s
C:\Users\Kevin\AppData\Local\Temp\cinehome-hls-new-batman-series-s01e03\seg_0150.ts: 229.59 MiB / 229.59 MiB  57.33 MiB/s
C:\Users\Kevin\AppData\Local\Temp\cinehome-hls-new-batman-series-s01e03\seg_0152.ts: 230.36 MiB / 230.36 MiB  57.52 MiB/s
C:\Users\Kevin\AppData\Local\Temp\cinehome-hls-new-batman-series-s01e03\seg_0152.ts: 231.11 MiB / 231.11 MiB  57.70 MiB/s
C:\Users\Kevin\AppData\Local\Temp\cinehome-hls-new-batman-series-s01e03\seg_0152.ts: 232.22 MiB / 232.22 MiB  57.98 MiB/s
C:\Users\Kevin\AppData\Local\Temp\cinehome-hls-new-batman-series-s01e03\seg_0152.ts: 233.62 MiB / 233.62 MiB  58.32 MiB/s
C:\Users\Kevin\AppData\Local\Temp\cinehome-hls-new-batman-series-s01e03\seg_0155.ts: 234.20 MiB / 234.20 MiB  58.46 MiB/s
C:\Users\Kevin\AppData\Local\Temp\cinehome-hls-new-batman-series-s01e03\seg_0156.ts: 234.20 MiB / 234.20 MiB  58.29 MiB/s
C:\Users\Kevin\AppData\Local\Temp\cinehome-hls-new-batman-series-s01e03\seg_0156.ts: 234.20 MiB / 234.20 MiB  58.29 MiB/s
C:\Users\Kevin\AppData\Local\Temp\cinehome-hls-new-batman-series-s01e03\seg_0158.ts: 235.25 MiB / 235.25 MiB  58.39 MiB/s
C:\Users\Kevin\AppData\Local\Temp\cinehome-hls-new-batman-series-s01e03\seg_0159.ts: 235.80 MiB / 235.80 MiB  57.89 MiB/s
C:\Users\Kevin\AppData\Local\Temp\cinehome-hls-new-batman-series-s01e03\seg_0160.ts: 237.34 MiB / 237.34 MiB  57.83 MiB/s
C:\Users\Kevin\AppData\Local\Temp\cinehome-hls-new-batman-series-s01e03\seg_0161.ts: 238.93 MiB / 238.93 MiB  58.20 MiB/s
C:\Users\Kevin\AppData\Local\Temp\cinehome-hls-new-batman-series-s01e03\seg_0162.ts: 239.44 MiB / 239.44 MiB  58.27 MiB/s
C:\Users\Kevin\AppData\Local\Temp\cinehome-hls-new-batman-series-s01e03\seg_0163.ts: 240.11 MiB / 240.11 MiB  58.40 MiB/s
C:\Users\Kevin\AppData\Local\Temp\cinehome-hls-new-batman-series-s01e03\seg_0163.ts: 240.11 MiB / 240.11 MiB  57.95 MiB/s
C:\Users\Kevin\AppData\Local\Temp\cinehome-hls-new-batman-series-s01e03\seg_0163.ts: 240.11 MiB / 240.11 MiB  57.95 MiB/s
C:\Users\Kevin\AppData\Local\Temp\cinehome-hls-new-batman-series-s01e03\seg_0163.ts: 240.11 MiB / 240.11 MiB  56.25 MiB/s
C:\Users\Kevin\AppData\Local\Temp\cinehome-hls-new-batman-series-s01e03\seg_0163.ts: 240.11 MiB / 240.11 MiB  56.25 MiB/s
C:\Users\Kevin\AppData\Local\Temp\cinehome-hls-new-batman-series-s01e03\seg_0163.ts: 240.11 MiB / 240.11 MiB  54.63 MiB/s
C:\Users\Kevin\AppData\Local\Temp\cinehome-hls-new-batman-series-s01e03\seg_0163.ts: 240.11 MiB / 240.11 MiB  54.63 MiB/s
C:\Users\Kevin\AppData\Local\Temp\cinehome-hls-new-batman-series-s01e03\seg_0164.ts: 241.04 MiB / 241.04 MiB  54.84 MiB/s
C:\Users\Kevin\AppData\Local\Temp\cinehome-hls-new-batman-series-s01e03\seg_0165.ts: 242.23 MiB / 242.23 MiB  54.78 MiB/s
C:\Users\Kevin\AppData\Local\Temp\cinehome-hls-new-batman-series-s01e03\seg_0166.ts: 243.06 MiB / 243.06 MiB  54.95 MiB/s
C:\Users\Kevin\AppData\Local\Temp\cinehome-hls-new-batman-series-s01e03\seg_0167.ts: 244.53 MiB / 244.53 MiB  55.22 MiB/s
C:\Users\Kevin\AppData\Local\Temp\cinehome-hls-new-batman-series-s01e03\seg_0168.ts: 245.29 MiB / 245.29 MiB  55.34 MiB/s
C:\Users\Kevin\AppData\Local\Temp\cinehome-hls-new-batman-series-s01e03\seg_0169.ts: 245.64 MiB / 245.64 MiB  55.30 MiB/s
C:\Users\Kevin\AppData\Local\Temp\cinehome-hls-new-batman-series-s01e03\seg_0169.ts: 245.64 MiB / 245.64 MiB  54.34 MiB/s
C:\Users\Kevin\AppData\Local\Temp\cinehome-hls-new-batman-series-s01e03\seg_0169.ts: 245.64 MiB / 245.64 MiB  54.34 MiB/s
C:\Users\Kevin\AppData\Local\Temp\cinehome-hls-new-batman-series-s01e03\seg_0170.ts: 246.77 MiB / 246.77 MiB  54.58 MiB/s
C:\Users\Kevin\AppData\Local\Temp\cinehome-hls-new-batman-series-s01e03\seg_0170.ts: 247.60 MiB / 247.60 MiB  54.74 MiB/s
C:\Users\Kevin\AppData\Local\Temp\cinehome-hls-new-batman-series-s01e03\seg_0172.ts: 248.39 MiB / 248.39 MiB  54.89 MiB/s
C:\Users\Kevin\AppData\Local\Temp\cinehome-hls-new-batman-series-s01e03\seg_0172.ts: 248.99 MiB / 248.99 MiB  54.99 MiB/s
C:\Users\Kevin\AppData\Local\Temp\cinehome-hls-new-batman-series-s01e03\seg_0173.ts: 249.39 MiB / 249.39 MiB  55.06 MiB/s
C:\Users\Kevin\AppData\Local\Temp\cinehome-hls-new-batman-series-s01e03\seg_0173.ts: 250.55 MiB / 250.55 MiB  55.32 MiB/s
C:\Users\Kevin\AppData\Local\Temp\cinehome-hls-new-batman-series-s01e03\seg_0174.ts: 251.40 MiB / 251.40 MiB  55.49 MiB/s
C:\Users\Kevin\AppData\Local\Temp\cinehome-hls-new-batman-series-s01e03\seg_0176.ts: 252.23 MiB / 252.23 MiB  55.67 MiB/s
C:\Users\Kevin\AppData\Local\Temp\cinehome-hls-new-batman-series-s01e03\seg_0177.ts: 253.04 MiB / 253.04 MiB  55.84 MiB/s
C:\Users\Kevin\AppData\Local\Temp\cinehome-hls-new-batman-series-s01e03\seg_0178.ts: 253.73 MiB / 253.73 MiB  56.00 MiB/s
C:\Users\Kevin\AppData\Local\Temp\cinehome-hls-new-batman-series-s01e03\seg_0179.ts: 254.99 MiB / 254.99 MiB  56.27 MiB/s
C:\Users\Kevin\AppData\Local\Temp\cinehome-hls-new-batman-series-s01e03\seg_0180.ts: 255.65 MiB / 255.65 MiB  56.39 MiB/s
C:\Users\Kevin\AppData\Local\Temp\cinehome-hls-new-batman-series-s01e03\seg_0180.ts: 256.77 MiB / 256.77 MiB  56.63 MiB/s
C:\Users\Kevin\AppData\Local\Temp\cinehome-hls-new-batman-series-s01e03\seg_0182.ts: 258.50 MiB / 258.50 MiB  57.00 MiB/s
C:\Users\Kevin\AppData\Local\Temp\cinehome-hls-new-batman-series-s01e03\seg_0183.ts: 259.02 MiB / 259.02 MiB  57.11 MiB/s
C:\Users\Kevin\AppData\Local\Temp\cinehome-hls-new-batman-series-s01e03\seg_0184.ts: 259.59 MiB / 259.59 MiB  57.22 MiB/s
C:\Users\Kevin\AppData\Local\Temp\cinehome-hls-new-batman-series-s01e03\seg_0186.ts: 261.08 MiB / 261.08 MiB  57.40 MiB/s
C:\Users\Kevin\AppData\Local\Temp\cinehome-hls-new-batman-series-s01e03\seg_0187.ts: 263.38 MiB / 263.38 MiB  57.71 MiB/s
C:\Users\Kevin\AppData\Local\Temp\cinehome-hls-new-batman-series-s01e03\seg_0188.ts: 264.02 MiB / 264.02 MiB  57.83 MiB/s
C:\Users\Kevin\AppData\Local\Temp\cinehome-hls-new-batman-series-s01e03\seg_0188.ts: 264.92 MiB / 264.92 MiB  58.02 MiB/s
C:\Users\Kevin\AppData\Local\Temp\cinehome-hls-new-batman-series-s01e03\seg_0190.ts: 266.10 MiB / 266.10 MiB  58.27 MiB/s
C:\Users\Kevin\AppData\Local\Temp\cinehome-hls-new-batman-series-s01e03\seg_0191.ts: 267.01 MiB / 267.01 MiB  58.46 MiB/s
C:\Users\Kevin\AppData\Local\Temp\cinehome-hls-new-batman-series-s01e03\seg_0191.ts: 267.43 MiB / 267.43 MiB  58.54 MiB/s
C:\Users\Kevin\AppData\Local\Temp\cinehome-hls-new-batman-series-s01e03\seg_0193.ts: 268.64 MiB / 268.64 MiB  58.79 MiB/s
C:\Users\Kevin\AppData\Local\Temp\cinehome-hls-new-batman-series-s01e03\seg_0194.ts: 270.28 MiB / 270.28 MiB  58.96 MiB/s
C:\Users\Kevin\AppData\Local\Temp\cinehome-hls-new-batman-series-s01e03\seg_0194.ts: 270.28 MiB / 270.28 MiB  58.17 MiB/s
C:\Users\Kevin\AppData\Local\Temp\cinehome-hls-new-batman-series-s01e03\seg_0194.ts: 270.28 MiB / 270.28 MiB  58.16 MiB/s
C:\Users\Kevin\AppData\Local\Temp\cinehome-hls-new-batman-series-s01e03\seg_0194.ts: 270.28 MiB / 270.28 MiB  56.64 MiB/s
C:\Users\Kevin\AppData\Local\Temp\cinehome-hls-new-batman-series-s01e03\seg_0194.ts: 270.28 MiB / 270.28 MiB  56.64 MiB/s
C:\Users\Kevin\AppData\Local\Temp\cinehome-hls-new-batman-series-s01e03\seg_0195.ts: 272.66 MiB / 272.66 MiB  55.89 MiB/s
C:\Users\Kevin\AppData\Local\Temp\cinehome-hls-new-batman-series-s01e03\seg_0196.ts: 273.23 MiB / 273.23 MiB  55.99 MiB/s
C:\Users\Kevin\AppData\Local\Temp\cinehome-hls-new-batman-series-s01e03\seg_0197.ts: 275.32 MiB / 275.32 MiB  56.37 MiB/s
C:\Users\Kevin\AppData\Local\Temp\cinehome-hls-new-batman-series-s01e03\seg_0198.ts: 277.21 MiB / 277.21 MiB  56.67 MiB/s
C:\Users\Kevin\AppData\Local\Temp\cinehome-hls-new-batman-series-s01e03\seg_0199.ts: 277.95 MiB / 277.95 MiB  56.77 MiB/s
C:\Users\Kevin\AppData\Local\Temp\cinehome-hls-new-batman-series-s01e03\seg_0199.ts: 277.95 MiB / 277.95 MiB  56.76 MiB/s
C:\Users\Kevin\AppData\Local\Temp\cinehome-hls-new-batman-series-s01e03\seg_0199.ts: 277.95 MiB / 277.95 MiB  56.75 MiB/s
C:\Users\Kevin\AppData\Local\Temp\cinehome-hls-new-batman-series-s01e03\seg_0200.ts: 281.33 MiB / 281.33 MiB  57.25 MiB/s
C:\Users\Kevin\AppData\Local\Temp\cinehome-hls-new-batman-series-s01e03\seg_0201.ts: 282.29 MiB / 282.29 MiB  57.42 MiB/s
C:\Users\Kevin\AppData\Local\Temp\cinehome-hls-new-batman-series-s01e03\seg_0202.ts: 283.64 MiB / 283.64 MiB  57.69 MiB/s
C:\Users\Kevin\AppData\Local\Temp\cinehome-hls-new-batman-series-s01e03\seg_0202.ts: 284.38 MiB / 284.38 MiB  57.84 MiB/s
C:\Users\Kevin\AppData\Local\Temp\cinehome-hls-new-batman-series-s01e03\seg_0204.ts: 286.39 MiB / 286.39 MiB  58.22 MiB/s
C:\Users\Kevin\AppData\Local\Temp\cinehome-hls-new-batman-series-s01e03\seg_0205.ts: 287.46 MiB / 287.46 MiB  58.38 MiB/s
C:\Users\Kevin\AppData\Local\Temp\cinehome-hls-new-batman-series-s01e03\seg_0206.ts: 289.25 MiB / 289.25 MiB  58.67 MiB/s
C:\Users\Kevin\AppData\Local\Temp\cinehome-hls-new-batman-series-s01e03\seg_0207.ts: 290.85 MiB / 290.85 MiB  58.97 MiB/s
C:\Users\Kevin\AppData\Local\Temp\cinehome-hls-new-batman-series-s01e03\seg_0208.ts: 291.78 MiB / 291.78 MiB  59.16 MiB/s
C:\Users\Kevin\AppData\Local\Temp\cinehome-hls-new-batman-series-s01e03\seg_0209.ts: 294.05 MiB / 294.05 MiB  59.61 MiB/s
C:\Users\Kevin\AppData\Local\Temp\cinehome-hls-new-batman-series-s01e03\seg_0210.ts: 296.39 MiB / 296.39 MiB  60.07 MiB/s
C:\Users\Kevin\AppData\Local\Temp\cinehome-hls-new-batman-series-s01e03\seg_0210.ts: 298.55 MiB / 298.55 MiB  60.50 MiB/s
C:\Users\Kevin\AppData\Local\Temp\cinehome-hls-new-batman-series-s01e03\seg_0210.ts: 300.86 MiB / 300.86 MiB  60.97 MiB/s
C:\Users\Kevin\AppData\Local\Temp\cinehome-hls-new-batman-series-s01e03\seg_0213.ts: 304.27 MiB / 304.27 MiB  61.65 MiB/s
C:\Users\Kevin\AppData\Local\Temp\cinehome-hls-new-batman-series-s01e03\seg_0214.ts: 305.81 MiB / 305.81 MiB  61.96 MiB/s
C:\Users\Kevin\AppData\Local\Temp\cinehome-hls-new-batman-series-s01e03\seg_0214.ts: 307.59 MiB / 307.59 MiB  62.31 MiB/s
C:\Users\Kevin\AppData\Local\Temp\cinehome-hls-new-batman-series-s01e03\seg_0215.ts: 310.83 MiB / 310.83 MiB  62.96 MiB/s
C:\Users\Kevin\AppData\Local\Temp\cinehome-hls-new-batman-series-s01e03\seg_0217.ts: 312.23 MiB / 312.23 MiB  63.21 MiB/s
C:\Users\Kevin\AppData\Local\Temp\cinehome-hls-new-batman-series-s01e03\seg_0218.ts: 313.65 MiB / 313.65 MiB  63.48 MiB/s
C:\Users\Kevin\AppData\Local\Temp\cinehome-hls-new-batman-series-s01e03\seg_0218.ts: 313.65 MiB / 313.65 MiB  62.45 MiB/s
C:\Users\Kevin\AppData\Local\Temp\cinehome-hls-new-batman-series-s01e03\seg_0218.ts: 313.65 MiB / 313.65 MiB  62.44 MiB/s
C:\Users\Kevin\AppData\Local\Temp\cinehome-hls-new-batman-series-s01e03\seg_0219.ts: 315.09 MiB / 315.09 MiB  62.24 MiB/s
C:\Users\Kevin\AppData\Local\Temp\cinehome-hls-new-batman-series-s01e03\seg_0220.ts: 316.27 MiB / 316.27 MiB  62.47 MiB/s
C:\Users\Kevin\AppData\Local\Temp\cinehome-hls-new-batman-series-s01e03\seg_0221.ts: 318.00 MiB / 318.00 MiB  62.79 MiB/s
C:\Users\Kevin\AppData\Local\Temp\cinehome-hls-new-batman-series-s01e03\seg_0222.ts: 318.59 MiB / 318.59 MiB  62.90 MiB/s
C:\Users\Kevin\AppData\Local\Temp\cinehome-hls-new-batman-series-s01e03\seg_0222.ts: 319.38 MiB / 319.38 MiB  63.05 MiB/s
C:\Users\Kevin\AppData\Local\Temp\cinehome-hls-new-batman-series-s01e03\seg_0224.ts: 320.57 MiB / 320.57 MiB  63.28 MiB/s
C:\Users\Kevin\AppData\Local\Temp\cinehome-hls-new-batman-series-s01e03\seg_0225.ts: 321.38 MiB / 321.38 MiB  63.14 MiB/s
C:\Users\Kevin\AppData\Local\Temp\cinehome-hls-new-batman-series-s01e03\seg_0225.ts: 321.38 MiB / 321.38 MiB  62.43 MiB/s
C:\Users\Kevin\AppData\Local\Temp\cinehome-hls-new-batman-series-s01e03\seg_0225.ts: 321.38 MiB / 321.38 MiB  62.42 MiB/s
C:\Users\Kevin\AppData\Local\Temp\cinehome-hls-new-batman-series-s01e03\seg_0225.ts: 321.38 MiB / 321.38 MiB  60.95 MiB/s
C:\Users\Kevin\AppData\Local\Temp\cinehome-hls-new-batman-series-s01e03\seg_0225.ts: 321.38 MiB / 321.38 MiB  60.93 MiB/s
C:\Users\Kevin\AppData\Local\Temp\cinehome-hls-new-batman-series-s01e03\seg_0226.ts: 322.45 MiB / 322.45 MiB  59.93 MiB/s
C:\Users\Kevin\AppData\Local\Temp\cinehome-hls-new-batman-series-s01e03\seg_0226.ts: 323.03 MiB / 323.03 MiB  60.03 MiB/s
C:\Users\Kevin\AppData\Local\Temp\cinehome-hls-new-batman-series-s01e03\seg_0227.ts: 323.03 MiB / 323.03 MiB  59.83 MiB/s
C:\Users\Kevin\AppData\Local\Temp\cinehome-hls-new-batman-series-s01e03\seg_0227.ts: 323.03 MiB / 323.03 MiB  59.83 MiB/s
C:\Users\Kevin\AppData\Local\Temp\cinehome-hls-new-batman-series-s01e03\seg_0228.ts: 324.08 MiB / 324.08 MiB  59.87 MiB/s
C:\Users\Kevin\AppData\Local\Temp\cinehome-hls-new-batman-series-s01e03\seg_0229.ts: 325.19 MiB / 325.19 MiB  59.69 MiB/s
C:\Users\Kevin\AppData\Local\Temp\cinehome-hls-new-batman-series-s01e03\seg_0230.ts: 325.85 MiB / 325.85 MiB  59.40 MiB/s
C:\Users\Kevin\AppData\Local\Temp\cinehome-hls-new-batman-series-s01e03\seg_0231.ts: 326.27 MiB / 326.27 MiB  59.33 MiB/s
C:\Users\Kevin\AppData\Local\Temp\cinehome-hls-new-batman-series-s01e03\seg_0232.ts: 327.10 MiB / 327.10 MiB  59.35 MiB/s
C:\Users\Kevin\AppData\Local\Temp\cinehome-hls-new-batman-series-s01e03\seg_0233.ts: 328.36 MiB / 328.36 MiB  59.49 MiB/s
C:\Users\Kevin\AppData\Local\Temp\cinehome-hls-new-batman-series-s01e03\seg_0234.ts: 329.28 MiB / 329.28 MiB  59.64 MiB/s
C:\Users\Kevin\AppData\Local\Temp\cinehome-hls-new-batman-series-s01e03\seg_0235.ts: 329.75 MiB / 329.75 MiB  59.71 MiB/s
C:\Users\Kevin\AppData\Local\Temp\cinehome-hls-new-batman-series-s01e03\seg_0235.ts: 329.75 MiB / 329.75 MiB  59.69 MiB/s
C:\Users\Kevin\AppData\Local\Temp\cinehome-hls-new-batman-series-s01e03\seg_0235.ts: 329.75 MiB / 329.75 MiB  59.69 MiB/s
C:\Users\Kevin\AppData\Local\Temp\cinehome-hls-new-batman-series-s01e03\seg_0236.ts: 330.91 MiB / 330.91 MiB  59.75 MiB/s
C:\Users\Kevin\AppData\Local\Temp\cinehome-hls-new-batman-series-s01e03\seg_0237.ts: 331.77 MiB / 331.77 MiB  59.90 MiB/s
C:\Users\Kevin\AppData\Local\Temp\cinehome-hls-new-batman-series-s01e03\seg_0237.ts: 333.82 MiB / 333.82 MiB  60.26 MiB/s
C:\Users\Kevin\AppData\Local\Temp\cinehome-hls-new-batman-series-s01e03\seg_0238.ts: 334.73 MiB / 334.73 MiB  60.43 MiB/s
C:\Users\Kevin\AppData\Local\Temp\cinehome-hls-new-batman-series-s01e03\seg_0239.ts: 336.74 MiB / 336.74 MiB  60.78 MiB/s
C:\Users\Kevin\AppData\Local\Temp\cinehome-hls-new-batman-series-s01e03\seg_0240.ts: 337.37 MiB / 337.37 MiB  60.89 MiB/s
C:\Users\Kevin\AppData\Local\Temp\cinehome-hls-new-batman-series-s01e03\seg_0242.ts: 343.94 MiB / 343.94 MiB  62.05 MiB/s
C:\Users\Kevin\AppData\Local\Temp\cinehome-hls-new-batman-series-s01e03\seg_0243.ts: 358.87 MiB / 358.87 MiB  64.56 MiB/s
C:\Users\Kevin\AppData\Local\Temp\cinehome-hls-new-batman-series-s01e03\seg_0244.ts: 365.05 MiB / 365.05 MiB  65.42 MiB/s
C:\Users\Kevin\AppData\Local\Temp\cinehome-hls-new-batman-series-s01e03\seg_0245.ts: 369.77 MiB / 369.77 MiB  66.18 MiB/s
C:\Users\Kevin\AppData\Local\Temp\cinehome-hls-new-batman-series-s01e03\seg_0246.ts: 377.84 MiB / 377.84 MiB  67.60 MiB/s
C:\Users\Kevin\AppData\Local\Temp\cinehome-hls-new-batman-series-s01e03\seg_0246.ts: 380.58 MiB / 380.58 MiB  68.10 MiB/s
C:\Users\Kevin\AppData\Local\Temp\cinehome-hls-new-batman-series-s01e03\seg_0248.ts: 381.08 MiB / 381.08 MiB  68.16 MiB/s
C:\Users\Kevin\AppData\Local\Temp\cinehome-hls-new-batman-series-s01e03\seg_0249.ts: 381.41 MiB / 381.41 MiB  68.17 MiB/s
C:\Users\Kevin\AppData\Local\Temp\cinehome-hls-new-batman-series-s01e03\seg_0250.ts: 382.65 MiB / 382.65 MiB  68.17 MiB/s
C:\Users\Kevin\AppData\Local\Temp\cinehome-hls-new-batman-series-s01e03\seg_0251.ts: 382.87 MiB / 382.87 MiB  68.21 MiB/s
C:\Users\Kevin\AppData\Local\Temp\cinehome-hls-new-batman-series-s01e03\seg_0252.ts: 383.07 MiB / 383.07 MiB  68.24 MiB/s
C:\Users\Kevin\AppData\Local\Temp\cinehome-hls-new-batman-series-s01e03\seg_0253.ts: 383.20 MiB / 383.20 MiB  68.18 MiB/s
C:\Users\Kevin\AppData\Local\Temp\cinehome-hls-new-batman-series-s01e03\seg_0254.ts: 383.41 MiB / 383.41 MiB  68.20 MiB/s
C:\Users\Kevin\AppData\Local\Temp\cinehome-hls-new-batman-series-s01e03\seg_0255.ts: 383.68 MiB / 383.68 MiB  68.20 MiB/s
C:\Users\Kevin\AppData\Local\Temp\cinehome-hls-new-batman-series-s01e03\seg_0256.ts: 383.91 MiB / 383.91 MiB  68.20 MiB/s
C:\Users\Kevin\AppData\Local\Temp\cinehome-hls-new-batman-series-s01e03\seg_0257.ts: 384.06 MiB / 384.06 MiB  68.15 MiB/s
C:\Users\Kevin\AppData\Local\Temp\cinehome-hls-new-batman-series-s01e03\seg_0258.ts: 384.22 MiB / 384.22 MiB  68.04 MiB/s
C:\Users\Kevin\AppData\Local\Temp\cinehome-hls-new-batman-series-s01e03\seg_0258.ts: 384.22 MiB / 384.22 MiB  68.01 MiB/s
C:\Users\Kevin\AppData\Local\Temp\cinehome-hls-new-batman-series-s01e03\seg_0258.ts: 384.22 MiB / 384.22 MiB  68.00 MiB/s
C:\Users\Kevin\AppData\Local\Temp\cinehome-hls-new-batman-series-s01e03\seg_0259.ts: 384.48 MiB / 384.48 MiB  67.99 MiB/s
C:\Users\Kevin\AppData\Local\Temp\cinehome-hls-new-batman-series-s01e03\seg_0259.ts: 384.61 MiB / 384.61 MiB  68.01 MiB/s
C:\Users\Kevin\AppData\Local\Temp\cinehome-hls-new-batman-series-s01e03\seg_0261.ts: 384.77 MiB / 384.77 MiB  67.92 MiB/s
C:\Users\Kevin\AppData\Local\Temp\cinehome-hls-new-batman-series-s01e03\seg_0262.ts: 384.93 MiB / 384.93 MiB  67.89 MiB/s
C:\Users\Kevin\AppData\Local\Temp\cinehome-hls-new-batman-series-s01e03\seg_0263.ts: 385.01 MiB / 385.01 MiB  67.82 MiB/s
C:\Users\Kevin\AppData\Local\Temp\cinehome-hls-new-batman-series-s01e03\seg_0264.ts: 385.01 MiB / 385.01 MiB  66.67 MiB/s
C:\Users\Kevin\AppData\Local\Temp\cinehome-hls-new-batman-series-s01e03\seg_0264.ts: 385.01 MiB / 385.01 MiB  66.67 MiB/s
C:\Users\Kevin\AppData\Local\Temp\cinehome-hls-new-batman-series-s01e03\seg_0264.ts: 385.01 MiB / 385.01 MiB  65.26 MiB/s
C:\Users\Kevin\AppData\Local\Temp\cinehome-hls-new-batman-series-s01e03\seg_0264.ts: 385.01 MiB / 385.01 MiB  65.25 MiB/s
C:\Users\Kevin\AppData\Local\Temp\cinehome-hls-new-batman-series-s01e03\seg_0264.ts: 385.01 MiB / 385.01 MiB  63.90 MiB/s
C:\Users\Kevin\AppData\Local\Temp\cinehome-hls-new-batman-series-s01e03\seg_0264.ts: 385.01 MiB / 385.01 MiB  63.90 MiB/s
C:\Users\Kevin\AppData\Local\Temp\cinehome-hls-new-batman-series-s01e03\seg_0264.ts: 385.01 MiB / 385.01 MiB  62.59 MiB/s
C:\Users\Kevin\AppData\Local\Temp\cinehome-hls-new-batman-series-s01e03\seg_0264.ts: 385.01 MiB / 385.01 MiB  62.59 MiB/s
C:\Users\Kevin\AppData\Local\Temp\cinehome-hls-new-batman-series-s01e03\seg_0264.ts: 385.01 MiB / 385.01 MiB  61.71 MiB/s 6s

 0 B / ? 
 0 B / ? 
 7.75 KiB / 7.75 KiB  293.83 KiB/s
 7.99 KiB / 7.99 KiB  303.17 KiB/s
C:\Users\Kevin\AppData\Local\Temp\cinehome-hls-new-batman-series-s01e04\master.m3u8: 8.08 KiB / 8.08 KiB  300.69 KiB/s
C:\Users\Kevin\AppData\Local\Temp\cinehome-hls-new-batman-series-s01e04\master.m3u8: 8.14 KiB / 8.14 KiB  302.59 KiB/s
C:\Users\Kevin\AppData\Local\Temp\cinehome-hls-new-batman-series-s01e04\master.m3u8: 8.14 KiB / 8.14 KiB  297.08 KiB/s
C:\Users\Kevin\AppData\Local\Temp\cinehome-hls-new-batman-series-s01e04\master.m3u8: 8.39 KiB / 8.39 KiB  306.06 KiB/s
C:\Users\Kevin\AppData\Local\Temp\cinehome-hls-new-batman-series-s01e04\master.m3u8: 8.47 KiB / 8.47 KiB  302.89 KiB/s
C:\Users\Kevin\AppData\Local\Temp\cinehome-hls-new-batman-series-s01e04\master100.vtt: 8.52 KiB / 8.52 KiB  304.85 KiB/s
C:\Users\Kevin\AppData\Local\Temp\cinehome-hls-new-batman-series-s01e04\master101.vtt: 8.64 KiB / 8.64 KiB  302.54 KiB/s
C:\Users\Kevin\AppData\Local\Temp\cinehome-hls-new-batman-series-s01e04\master103.vtt: 8.64 KiB / 8.64 KiB  297.49 KiB/s
C:\Users\Kevin\AppData\Local\Temp\cinehome-hls-new-batman-series-s01e04\master104.vtt: 8.78 KiB / 8.78 KiB  296.75 KiB/s
C:\Users\Kevin\AppData\Local\Temp\cinehome-hls-new-batman-series-s01e04\master105.vtt: 8.95 KiB / 8.95 KiB  295.91 KiB/s
C:\Users\Kevin\AppData\Local\Temp\cinehome-hls-new-batman-series-s01e04\master105.vtt: 9.09 KiB / 9.09 KiB  295.63 KiB/s
C:\Users\Kevin\AppData\Local\Temp\cinehome-hls-new-batman-series-s01e04\master106.vtt: 9.23 KiB / 9.23 KiB  221.16 KiB/s
C:\Users\Kevin\AppData\Local\Temp\cinehome-hls-new-batman-series-s01e04\master109.vtt: 9.28 KiB / 9.28 KiB  163.15 KiB/s
C:\Users\Kevin\AppData\Local\Temp\cinehome-hls-new-batman-series-s01e04\master109.vtt: 9.40 KiB / 9.40 KiB  165.29 KiB/s
C:\Users\Kevin\AppData\Local\Temp\cinehome-hls-new-batman-series-s01e04\master110.vtt: 9.65 KiB / 9.65 KiB  163.60 KiB/s
C:\Users\Kevin\AppData\Local\Temp\cinehome-hls-new-batman-series-s01e04\master110.vtt: 9.78 KiB / 9.78 KiB  165.74 KiB/s
C:\Users\Kevin\AppData\Local\Temp\cinehome-hls-new-batman-series-s01e04\master112.vtt: 9.93 KiB / 9.93 KiB  153.45 KiB/s
C:\Users\Kevin\AppData\Local\Temp\cinehome-hls-new-batman-series-s01e04\master113.vtt: 9.98 KiB / 9.98 KiB  143.12 KiB/s
C:\Users\Kevin\AppData\Local\Temp\cinehome-hls-new-batman-series-s01e04\master113.vtt: 9.99 KiB / 9.99 KiB  143.22 KiB/s
C:\Users\Kevin\AppData\Local\Temp\cinehome-hls-new-batman-series-s01e04\master115.vtt: 10.11 KiB / 10.11 KiB  128.69 KiB/s
C:\Users\Kevin\AppData\Local\Temp\cinehome-hls-new-batman-series-s01e04\master116.vtt: 10.18 KiB / 10.18 KiB  124.58 KiB/s
C:\Users\Kevin\AppData\Local\Temp\cinehome-hls-new-batman-series-s01e04\master117.vtt: 10.25 KiB / 10.25 KiB  107.27 KiB/s
C:\Users\Kevin\AppData\Local\Temp\cinehome-hls-new-batman-series-s01e04\master118.vtt: 10.48 KiB / 10.48 KiB  103.26 KiB/s
C:\Users\Kevin\AppData\Local\Temp\cinehome-hls-new-batman-series-s01e04\master119.vtt: 10.49 KiB / 10.49 KiB  102.62 KiB/s
C:\Users\Kevin\AppData\Local\Temp\cinehome-hls-new-batman-series-s01e04\master12.vtt: 10.70 KiB / 10.70 KiB  101.25 KiB/s
C:\Users\Kevin\AppData\Local\Temp\cinehome-hls-new-batman-series-s01e04\master120.vtt: 10.82 KiB / 10.82 KiB  94.43 KiB/s
C:\Users\Kevin\AppData\Local\Temp\cinehome-hls-new-batman-series-s01e04\master121.vtt: 10.98 KiB / 10.98 KiB  92.38 KiB/s
C:\Users\Kevin\AppData\Local\Temp\cinehome-hls-new-batman-series-s01e04\master122.vtt: 11.14 KiB / 11.14 KiB  92.06 KiB/s
C:\Users\Kevin\AppData\Local\Temp\cinehome-hls-new-batman-series-s01e04\master123.vtt: 11.28 KiB / 11.28 KiB  92.33 KiB/s
C:\Users\Kevin\AppData\Local\Temp\cinehome-hls-new-batman-series-s01e04\master124.vtt: 11.40 KiB / 11.40 KiB  92.22 KiB/s
C:\Users\Kevin\AppData\Local\Temp\cinehome-hls-new-batman-series-s01e04\master125.vtt: 11.41 KiB / 11.41 KiB  91.86 KiB/s
C:\Users\Kevin\AppData\Local\Temp\cinehome-hls-new-batman-series-s01e04\master126.vtt: 11.42 KiB / 11.42 KiB  91.92 KiB/s
C:\Users\Kevin\AppData\Local\Temp\cinehome-hls-new-batman-series-s01e04\master126.vtt: 11.42 KiB / 11.42 KiB  91.16 KiB/s
C:\Users\Kevin\AppData\Local\Temp\cinehome-hls-new-batman-series-s01e04\master126.vtt: 11.42 KiB / 11.42 KiB  91.16 KiB/s
C:\Users\Kevin\AppData\Local\Temp\cinehome-hls-new-batman-series-s01e04\master127.vtt: 11.48 KiB / 11.48 KiB  91.34 KiB/s
C:\Users\Kevin\AppData\Local\Temp\cinehome-hls-new-batman-series-s01e04\master128.vtt: 11.56 KiB / 11.56 KiB  90.87 KiB/s
C:\Users\Kevin\AppData\Local\Temp\cinehome-hls-new-batman-series-s01e04\master129.vtt: 11.57 KiB / 11.57 KiB  87.63 KiB/s
C:\Users\Kevin\AppData\Local\Temp\cinehome-hls-new-batman-series-s01e04\master13.vtt: 11.67 KiB / 11.67 KiB  88.43 KiB/s
C:\Users\Kevin\AppData\Local\Temp\cinehome-hls-new-batman-series-s01e04\master130.vtt: 11.75 KiB / 11.75 KiB  81.63 KiB/s
C:\Users\Kevin\AppData\Local\Temp\cinehome-hls-new-batman-series-s01e04\master131.vtt: 11.84 KiB / 11.84 KiB  77.70 KiB/s
C:\Users\Kevin\AppData\Local\Temp\cinehome-hls-new-batman-series-s01e04\master131.vtt: 11.94 KiB / 11.94 KiB  76.57 KiB/s
C:\Users\Kevin\AppData\Local\Temp\cinehome-hls-new-batman-series-s01e04\master133.vtt: 12.01 KiB / 12.01 KiB  76.82 KiB/s
C:\Users\Kevin\AppData\Local\Temp\cinehome-hls-new-batman-series-s01e04\master133.vtt: 12.12 KiB / 12.12 KiB  77.27 KiB/s
C:\Users\Kevin\AppData\Local\Temp\cinehome-hls-new-batman-series-s01e04\master133.vtt: 12.36 KiB / 12.36 KiB  78.75 KiB/s
C:\Users\Kevin\AppData\Local\Temp\cinehome-hls-new-batman-series-s01e04\master133.vtt: 12.48 KiB / 12.48 KiB  79.56 KiB/s
C:\Users\Kevin\AppData\Local\Temp\cinehome-hls-new-batman-series-s01e04\master133.vtt: 12.69 KiB / 12.69 KiB  80.89 KiB/s
C:\Users\Kevin\AppData\Local\Temp\cinehome-hls-new-batman-series-s01e04\master138.vtt: 12.77 KiB / 12.77 KiB  79.21 KiB/s
C:\Users\Kevin\AppData\Local\Temp\cinehome-hls-new-batman-series-s01e04\master139.vtt: 12.77 KiB / 12.77 KiB  76.38 KiB/s
C:\Users\Kevin\AppData\Local\Temp\cinehome-hls-new-batman-series-s01e04\master14.vtt: 12.88 KiB / 12.88 KiB  75.89 KiB/s
C:\Users\Kevin\AppData\Local\Temp\cinehome-hls-new-batman-series-s01e04\master140.vtt: 12.94 KiB / 12.94 KiB  73.67 KiB/s
C:\Users\Kevin\AppData\Local\Temp\cinehome-hls-new-batman-series-s01e04\master141.vtt: 12.99 KiB / 12.99 KiB  73.50 KiB/s
C:\Users\Kevin\AppData\Local\Temp\cinehome-hls-new-batman-series-s01e04\master142.vtt: 13.05 KiB / 13.05 KiB  69.85 KiB/s
C:\Users\Kevin\AppData\Local\Temp\cinehome-hls-new-batman-series-s01e04\master143.vtt: 13.06 KiB / 13.06 KiB  69.69 KiB/s
C:\Users\Kevin\AppData\Local\Temp\cinehome-hls-new-batman-series-s01e04\master144.vtt: 13.06 KiB / 13.06 KiB  69.02 KiB/s
C:\Users\Kevin\AppData\Local\Temp\cinehome-hls-new-batman-series-s01e04\master145.vtt: 13.07 KiB / 13.07 KiB  68.68 KiB/s
C:\Users\Kevin\AppData\Local\Temp\cinehome-hls-new-batman-series-s01e04\master146.vtt: 13.08 KiB / 13.08 KiB  67.43 KiB/s
C:\Users\Kevin\AppData\Local\Temp\cinehome-hls-new-batman-series-s01e04\master147.vtt: 13.13 KiB / 13.13 KiB  65.92 KiB/s
C:\Users\Kevin\AppData\Local\Temp\cinehome-hls-new-batman-series-s01e04\master148.vtt: 13.13 KiB / 13.13 KiB  65.56 KiB/s
C:\Users\Kevin\AppData\Local\Temp\cinehome-hls-new-batman-series-s01e04\master149.vtt: 13.14 KiB / 13.14 KiB  65.31 KiB/s
C:\Users\Kevin\AppData\Local\Temp\cinehome-hls-new-batman-series-s01e04\master15.vtt: 13.15 KiB / 13.15 KiB  65.17 KiB/s
C:\Users\Kevin\AppData\Local\Temp\cinehome-hls-new-batman-series-s01e04\master150.vtt: 13.15 KiB / 13.15 KiB  65.21 KiB/s
C:\Users\Kevin\AppData\Local\Temp\cinehome-hls-new-batman-series-s01e04\master150.vtt: 13.20 KiB / 13.20 KiB  65.43 KiB/s
C:\Users\Kevin\AppData\Local\Temp\cinehome-hls-new-batman-series-s01e04\master152.vtt: 13.25 KiB / 13.25 KiB  61.54 KiB/s
C:\Users\Kevin\AppData\Local\Temp\cinehome-hls-new-batman-series-s01e04\master153.vtt: 13.25 KiB / 13.25 KiB  59.51 KiB/s
C:\Users\Kevin\AppData\Local\Temp\cinehome-hls-new-batman-series-s01e04\master154.vtt: 13.26 KiB / 13.26 KiB  58.82 KiB/s
C:\Users\Kevin\AppData\Local\Temp\cinehome-hls-new-batman-series-s01e04\master155.vtt: 13.27 KiB / 13.27 KiB  57.99 KiB/s
C:\Users\Kevin\AppData\Local\Temp\cinehome-hls-new-batman-series-s01e04\master156.vtt: 13.55 KiB / 13.55 KiB  58.93 KiB/s
C:\Users\Kevin\AppData\Local\Temp\cinehome-hls-new-batman-series-s01e04\master156.vtt: 13.69 KiB / 13.69 KiB  59.54 KiB/s
C:\Users\Kevin\AppData\Local\Temp\cinehome-hls-new-batman-series-s01e04\master158.vtt: 13.84 KiB / 13.84 KiB  59.85 KiB/s
C:\Users\Kevin\AppData\Local\Temp\cinehome-hls-new-batman-series-s01e04\master159.vtt: 13.85 KiB / 13.85 KiB  59.38 KiB/s
C:\Users\Kevin\AppData\Local\Temp\cinehome-hls-new-batman-series-s01e04\master16.vtt: 13.92 KiB / 13.92 KiB  59.30 KiB/s
C:\Users\Kevin\AppData\Local\Temp\cinehome-hls-new-batman-series-s01e04\master160.vtt: 14.05 KiB / 14.05 KiB  59.35 KiB/s
C:\Users\Kevin\AppData\Local\Temp\cinehome-hls-new-batman-series-s01e04\master161.vtt: 14.11 KiB / 14.11 KiB  59.45 KiB/s
C:\Users\Kevin\AppData\Local\Temp\cinehome-hls-new-batman-series-s01e04\master161.vtt: 14.28 KiB / 14.28 KiB  60.00 KiB/s
C:\Users\Kevin\AppData\Local\Temp\cinehome-hls-new-batman-series-s01e04\master161.vtt: 14.39 KiB / 14.39 KiB  60.31 KiB/s
C:\Users\Kevin\AppData\Local\Temp\cinehome-hls-new-batman-series-s01e04\master163.vtt: 14.39 KiB / 14.39 KiB  57.49 KiB/s
C:\Users\Kevin\AppData\Local\Temp\cinehome-hls-new-batman-series-s01e04\master163.vtt: 14.39 KiB / 14.39 KiB  57.49 KiB/s
C:\Users\Kevin\AppData\Local\Temp\cinehome-hls-new-batman-series-s01e04\master164.vtt: 14.53 KiB / 14.53 KiB  57.77 KiB/s
C:\Users\Kevin\AppData\Local\Temp\cinehome-hls-new-batman-series-s01e04\master165.vtt: 14.75 KiB / 14.75 KiB  57.46 KiB/s
C:\Users\Kevin\AppData\Local\Temp\cinehome-hls-new-batman-series-s01e04\master166.vtt: 14.96 KiB / 14.96 KiB  58.15 KiB/s
C:\Users\Kevin\AppData\Local\Temp\cinehome-hls-new-batman-series-s01e04\master167.vtt: 15.10 KiB / 15.10 KiB  58.33 KiB/s
C:\Users\Kevin\AppData\Local\Temp\cinehome-hls-new-batman-series-s01e04\master168.vtt: 15.14 KiB / 15.14 KiB  56.77 KiB/s
C:\Users\Kevin\AppData\Local\Temp\cinehome-hls-new-batman-series-s01e04\master169.vtt: 15.45 KiB / 15.45 KiB  57.69 KiB/s
C:\Users\Kevin\AppData\Local\Temp\cinehome-hls-new-batman-series-s01e04\master17.vtt: 15.46 KiB / 15.46 KiB  57.71 KiB/s
C:\Users\Kevin\AppData\Local\Temp\cinehome-hls-new-batman-series-s01e04\master170.vtt: 15.50 KiB / 15.50 KiB  57.50 KiB/s
C:\Users\Kevin\AppData\Local\Temp\cinehome-hls-new-batman-series-s01e04\master171.vtt: 15.51 KiB / 15.51 KiB  56.64 KiB/s
C:\Users\Kevin\AppData\Local\Temp\cinehome-hls-new-batman-series-s01e04\master172.vtt: 15.55 KiB / 15.55 KiB  56.01 KiB/s
C:\Users\Kevin\AppData\Local\Temp\cinehome-hls-new-batman-series-s01e04\master173.vtt: 15.76 KiB / 15.76 KiB  56.66 KiB/s
C:\Users\Kevin\AppData\Local\Temp\cinehome-hls-new-batman-series-s01e04\master174.vtt: 15.91 KiB / 15.91 KiB  56.84 KiB/s
C:\Users\Kevin\AppData\Local\Temp\cinehome-hls-new-batman-series-s01e04\master175.vtt: 16.12 KiB / 16.12 KiB  57.39 KiB/s
C:\Users\Kevin\AppData\Local\Temp\cinehome-hls-new-batman-series-s01e04\master176.vtt: 16.13 KiB / 16.13 KiB  56.89 KiB/s
C:\Users\Kevin\AppData\Local\Temp\cinehome-hls-new-batman-series-s01e04\master177.vtt: 16.28 KiB / 16.28 KiB  55.49 KiB/s
C:\Users\Kevin\AppData\Local\Temp\cinehome-hls-new-batman-series-s01e04\master178.vtt: 16.29 KiB / 16.29 KiB  55.10 KiB/s
C:\Users\Kevin\AppData\Local\Temp\cinehome-hls-new-batman-series-s01e04\master178.vtt: 16.43 KiB / 16.43 KiB  55.59 KiB/s
C:\Users\Kevin\AppData\Local\Temp\cinehome-hls-new-batman-series-s01e04\master18.vtt: 16.44 KiB / 16.44 KiB  53.68 KiB/s
C:\Users\Kevin\AppData\Local\Temp\cinehome-hls-new-batman-series-s01e04\master180.vtt: 16.54 KiB / 16.54 KiB  53.72 KiB/s
C:\Users\Kevin\AppData\Local\Temp\cinehome-hls-new-batman-series-s01e04\master180.vtt: 16.68 KiB / 16.68 KiB  54.17 KiB/s
C:\Users\Kevin\AppData\Local\Temp\cinehome-hls-new-batman-series-s01e04\master182.vtt: 16.79 KiB / 16.79 KiB  54.28 KiB/s
C:\Users\Kevin\AppData\Local\Temp\cinehome-hls-new-batman-series-s01e04\master183.vtt: 16.84 KiB / 16.84 KiB  54.25 KiB/s
C:\Users\Kevin\AppData\Local\Temp\cinehome-hls-new-batman-series-s01e04\master184.vtt: 16.89 KiB / 16.89 KiB  54.28 KiB/s
C:\Users\Kevin\AppData\Local\Temp\cinehome-hls-new-batman-series-s01e04\master185.vtt: 16.96 KiB / 16.96 KiB  54.22 KiB/s
C:\Users\Kevin\AppData\Local\Temp\cinehome-hls-new-batman-series-s01e04\master185.vtt: 17.00 KiB / 17.00 KiB  54.35 KiB/s
C:\Users\Kevin\AppData\Local\Temp\cinehome-hls-new-batman-series-s01e04\master187.vtt: 17.08 KiB / 17.08 KiB  54.48 KiB/s
C:\Users\Kevin\AppData\Local\Temp\cinehome-hls-new-batman-series-s01e04\master187.vtt: 17.12 KiB / 17.12 KiB  54.63 KiB/s
C:\Users\Kevin\AppData\Local\Temp\cinehome-hls-new-batman-series-s01e04\master189.vtt: 17.37 KiB / 17.37 KiB  53.39 KiB/s
C:\Users\Kevin\AppData\Local\Temp\cinehome-hls-new-batman-series-s01e04\master19.vtt: 17.42 KiB / 17.42 KiB  52.22 KiB/s
C:\Users\Kevin\AppData\Local\Temp\cinehome-hls-new-batman-series-s01e04\master190.vtt: 17.46 KiB / 17.46 KiB  52.18 KiB/s
C:\Users\Kevin\AppData\Local\Temp\cinehome-hls-new-batman-series-s01e04\master191.vtt: 17.57 KiB / 17.57 KiB  51.45 KiB/s
C:\Users\Kevin\AppData\Local\Temp\cinehome-hls-new-batman-series-s01e04\master192.vtt: 17.69 KiB / 17.69 KiB  51.54 KiB/s
C:\Users\Kevin\AppData\Local\Temp\cinehome-hls-new-batman-series-s01e04\master193.vtt: 17.86 KiB / 17.86 KiB  51.85 KiB/s
C:\Users\Kevin\AppData\Local\Temp\cinehome-hls-new-batman-series-s01e04\master194.vtt: 17.98 KiB / 17.98 KiB  51.93 KiB/s
C:\Users\Kevin\AppData\Local\Temp\cinehome-hls-new-batman-series-s01e04\master195.vtt: 18.04 KiB / 18.04 KiB  52.09 KiB/s
C:\Users\Kevin\AppData\Local\Temp\cinehome-hls-new-batman-series-s01e04\master196.vtt: 18.10 KiB / 18.10 KiB  52.19 KiB/s
C:\Users\Kevin\AppData\Local\Temp\cinehome-hls-new-batman-series-s01e04\master196.vtt: 18.15 KiB / 18.15 KiB  52.33 KiB/s
C:\Users\Kevin\AppData\Local\Temp\cinehome-hls-new-batman-series-s01e04\master198.vtt: 18.21 KiB / 18.21 KiB  52.45 KiB/s
C:\Users\Kevin\AppData\Local\Temp\cinehome-hls-new-batman-series-s01e04\master199.vtt: 18.37 KiB / 18.37 KiB  52.03 KiB/s
C:\Users\Kevin\AppData\Local\Temp\cinehome-hls-new-batman-series-s01e04\master2.vtt: 18.38 KiB / 18.38 KiB  51.16 KiB/s
C:\Users\Kevin\AppData\Local\Temp\cinehome-hls-new-batman-series-s01e04\master20.vtt: 18.53 KiB / 18.53 KiB  49.74 KiB/s
C:\Users\Kevin\AppData\Local\Temp\cinehome-hls-new-batman-series-s01e04\master200.vtt: 18.59 KiB / 18.59 KiB  49.67 KiB/s
C:\Users\Kevin\AppData\Local\Temp\cinehome-hls-new-batman-series-s01e04\master200.vtt: 18.59 KiB / 18.59 KiB  49.53 KiB/s
C:\Users\Kevin\AppData\Local\Temp\cinehome-hls-new-batman-series-s01e04\master200.vtt: 18.59 KiB / 18.59 KiB  49.53 KiB/s
C:\Users\Kevin\AppData\Local\Temp\cinehome-hls-new-batman-series-s01e04\master201.vtt: 18.63 KiB / 18.63 KiB  49.57 KiB/s
C:\Users\Kevin\AppData\Local\Temp\cinehome-hls-new-batman-series-s01e04\master201.vtt: 18.69 KiB / 18.69 KiB  49.73 KiB/s
C:\Users\Kevin\AppData\Local\Temp\cinehome-hls-new-batman-series-s01e04\master201.vtt: 18.74 KiB / 18.74 KiB  49.87 KiB/s
C:\Users\Kevin\AppData\Local\Temp\cinehome-hls-new-batman-series-s01e04\master201.vtt: 18.75 KiB / 18.75 KiB  49.82 KiB/s
C:\Users\Kevin\AppData\Local\Temp\cinehome-hls-new-batman-series-s01e04\master201.vtt: 18.80 KiB / 18.80 KiB  49.96 KiB/s
C:\Users\Kevin\AppData\Local\Temp\cinehome-hls-new-batman-series-s01e04\master201.vtt: 18.86 KiB / 18.86 KiB  50.11 KiB/s
C:\Users\Kevin\AppData\Local\Temp\cinehome-hls-new-batman-series-s01e04\master207.vtt: 18.91 KiB / 18.91 KiB  50.03 KiB/s
C:\Users\Kevin\AppData\Local\Temp\cinehome-hls-new-batman-series-s01e04\master208.vtt: 18.97 KiB / 18.97 KiB  50.18 KiB/s
C:\Users\Kevin\AppData\Local\Temp\cinehome-hls-new-batman-series-s01e04\master208.vtt: 19.17 KiB / 19.17 KiB  50.64 KiB/s
C:\Users\Kevin\AppData\Local\Temp\cinehome-hls-new-batman-series-s01e04\master208.vtt: 19.40 KiB / 19.40 KiB  51.25 KiB/s
C:\Users\Kevin\AppData\Local\Temp\cinehome-hls-new-batman-series-s01e04\master210.vtt: 19.41 KiB / 19.41 KiB  47.66 KiB/s
C:\Users\Kevin\AppData\Local\Temp\cinehome-hls-new-batman-series-s01e04\master210.vtt: 19.50 KiB / 19.50 KiB  47.64 KiB/s
C:\Users\Kevin\AppData\Local\Temp\cinehome-hls-new-batman-series-s01e04\master211.vtt: 19.57 KiB / 19.57 KiB  47.69 KiB/s
C:\Users\Kevin\AppData\Local\Temp\cinehome-hls-new-batman-series-s01e04\master211.vtt: 19.61 KiB / 19.61 KiB  47.79 KiB/s
C:\Users\Kevin\AppData\Local\Temp\cinehome-hls-new-batman-series-s01e04\master214.vtt: 19.62 KiB / 19.62 KiB  47.81 KiB/s
C:\Users\Kevin\AppData\Local\Temp\cinehome-hls-new-batman-series-s01e04\master214.vtt: 19.74 KiB / 19.74 KiB  48.03 KiB/s
C:\Users\Kevin\AppData\Local\Temp\cinehome-hls-new-batman-series-s01e04\master214.vtt: 19.75 KiB / 19.75 KiB  47.98 KiB/s
C:\Users\Kevin\AppData\Local\Temp\cinehome-hls-new-batman-series-s01e04\master214.vtt: 19.87 KiB / 19.87 KiB  48.28 KiB/s
C:\Users\Kevin\AppData\Local\Temp\cinehome-hls-new-batman-series-s01e04\master214.vtt: 19.98 KiB / 19.98 KiB  48.49 KiB/s
C:\Users\Kevin\AppData\Local\Temp\cinehome-hls-new-batman-series-s01e04\master218.vtt: 20.16 KiB / 20.16 KiB  48.77 KiB/s
C:\Users\Kevin\AppData\Local\Temp\cinehome-hls-new-batman-series-s01e04\master219.vtt: 20.20 KiB / 20.20 KiB  48.88 KiB/s
C:\Users\Kevin\AppData\Local\Temp\cinehome-hls-new-batman-series-s01e04\master22.vtt: 20.21 KiB / 20.21 KiB  48.77 KiB/s
C:\Users\Kevin\AppData\Local\Temp\cinehome-hls-new-batman-series-s01e04\master220.vtt: 20.22 KiB / 20.22 KiB  45.34 KiB/s
C:\Users\Kevin\AppData\Local\Temp\cinehome-hls-new-batman-series-s01e04\master220.vtt: 20.30 KiB / 20.30 KiB  45.53 KiB/s
C:\Users\Kevin\AppData\Local\Temp\cinehome-hls-new-batman-series-s01e04\master223.vtt: 20.47 KiB / 20.47 KiB  45.85 KiB/s
C:\Users\Kevin\AppData\Local\Temp\cinehome-hls-new-batman-series-s01e04\master223.vtt: 20.63 KiB / 20.63 KiB  46.13 KiB/s
C:\Users\Kevin\AppData\Local\Temp\cinehome-hls-new-batman-series-s01e04\master224.vtt: 20.72 KiB / 20.72 KiB  46.24 KiB/s
C:\Users\Kevin\AppData\Local\Temp\cinehome-hls-new-batman-series-s01e04\master224.vtt: 21.04 KiB / 21.04 KiB  46.90 KiB/s
C:\Users\Kevin\AppData\Local\Temp\cinehome-hls-new-batman-series-s01e04\master226.vtt: 21.05 KiB / 21.05 KiB  46.91 KiB/s
C:\Users\Kevin\AppData\Local\Temp\cinehome-hls-new-batman-series-s01e04\master227.vtt: 21.30 KiB / 21.30 KiB  47.43 KiB/s
C:\Users\Kevin\AppData\Local\Temp\cinehome-hls-new-batman-series-s01e04\master227.vtt: 21.45 KiB / 21.45 KiB  47.70 KiB/s
C:\Users\Kevin\AppData\Local\Temp\cinehome-hls-new-batman-series-s01e04\master228.vtt: 21.46 KiB / 21.46 KiB  47.72 KiB/s
C:\Users\Kevin\AppData\Local\Temp\cinehome-hls-new-batman-series-s01e04\master23.vtt: 21.53 KiB / 21.53 KiB  47.83 KiB/s
C:\Users\Kevin\AppData\Local\Temp\cinehome-hls-new-batman-series-s01e04\master230.vtt: 21.54 KiB / 21.54 KiB  47.79 KiB/s
C:\Users\Kevin\AppData\Local\Temp\cinehome-hls-new-batman-series-s01e04\master232.vtt: 21.55 KiB / 21.55 KiB  45.51 KiB/s
C:\Users\Kevin\AppData\Local\Temp\cinehome-hls-new-batman-series-s01e04\master233.vtt: 21.55 KiB / 21.55 KiB  45.52 KiB/s
C:\Users\Kevin\AppData\Local\Temp\cinehome-hls-new-batman-series-s01e04\master233.vtt: 21.62 KiB / 21.62 KiB  44.42 KiB/s
C:\Users\Kevin\AppData\Local\Temp\cinehome-hls-new-batman-series-s01e04\master233.vtt: 21.63 KiB / 21.63 KiB  44.43 KiB/s
C:\Users\Kevin\AppData\Local\Temp\cinehome-hls-new-batman-series-s01e04\master236.vtt: 21.68 KiB / 21.68 KiB  44.54 KiB/s
C:\Users\Kevin\AppData\Local\Temp\cinehome-hls-new-batman-series-s01e04\master236.vtt: 21.69 KiB / 21.69 KiB  44.50 KiB/s
C:\Users\Kevin\AppData\Local\Temp\cinehome-hls-new-batman-series-s01e04\master237.vtt: 21.70 KiB / 21.70 KiB  44.45 KiB/s
C:\Users\Kevin\AppData\Local\Temp\cinehome-hls-new-batman-series-s01e04\master235.vtt: 21.96 KiB / 21.96 KiB  44.94 KiB/s
C:\Users\Kevin\AppData\Local\Temp\cinehome-hls-new-batman-series-s01e04\master239.vtt: 21.96 KiB / 21.96 KiB  44.90 KiB/s
C:\Users\Kevin\AppData\Local\Temp\cinehome-hls-new-batman-series-s01e04\master24.vtt: 21.97 KiB / 21.97 KiB  44.92 KiB/s
C:\Users\Kevin\AppData\Local\Temp\cinehome-hls-new-batman-series-s01e04\master240.vtt: 21.98 KiB / 21.98 KiB  44.88 KiB/s
C:\Users\Kevin\AppData\Local\Temp\cinehome-hls-new-batman-series-s01e04\master241.vtt: 21.99 KiB / 21.99 KiB  44.89 KiB/s
C:\Users\Kevin\AppData\Local\Temp\cinehome-hls-new-batman-series-s01e04\master242.vtt: 21.99 KiB / 21.99 KiB  44.86 KiB/s
C:\Users\Kevin\AppData\Local\Temp\cinehome-hls-new-batman-series-s01e04\master244.vtt: 22.00 KiB / 22.00 KiB  44.82 KiB/s
C:\Users\Kevin\AppData\Local\Temp\cinehome-hls-new-batman-series-s01e04\master244.vtt: 22.00 KiB / 22.00 KiB  43.97 KiB/s
C:\Users\Kevin\AppData\Local\Temp\cinehome-hls-new-batman-series-s01e04\master244.vtt: 22.00 KiB / 22.00 KiB  43.97 KiB/s
C:\Users\Kevin\AppData\Local\Temp\cinehome-hls-new-batman-series-s01e04\master245.vtt: 22.01 KiB / 22.01 KiB  42.28 KiB/s
C:\Users\Kevin\AppData\Local\Temp\cinehome-hls-new-batman-series-s01e04\master246.vtt: 22.01 KiB / 22.01 KiB  41.95 KiB/s
C:\Users\Kevin\AppData\Local\Temp\cinehome-hls-new-batman-series-s01e04\master247.vtt: 22.02 KiB / 22.02 KiB  41.78 KiB/s
C:\Users\Kevin\AppData\Local\Temp\cinehome-hls-new-batman-series-s01e04\master248.vtt: 22.03 KiB / 22.03 KiB  41.75 KiB/s
C:\Users\Kevin\AppData\Local\Temp\cinehome-hls-new-batman-series-s01e04\master248.vtt: 22.17 KiB / 22.17 KiB  42.03 KiB/s
C:\Users\Kevin\AppData\Local\Temp\cinehome-hls-new-batman-series-s01e04\master248.vtt: 22.18 KiB / 22.18 KiB  42.00 KiB/s
C:\Users\Kevin\AppData\Local\Temp\cinehome-hls-new-batman-series-s01e04\master248.vtt: 22.19 KiB / 22.19 KiB  42.01 KiB/s
C:\Users\Kevin\AppData\Local\Temp\cinehome-hls-new-batman-series-s01e04\master248.vtt: 22.20 KiB / 22.20 KiB  42.02 KiB/s
C:\Users\Kevin\AppData\Local\Temp\cinehome-hls-new-batman-series-s01e04\master248.vtt: 22.20 KiB / 22.20 KiB  42.04 KiB/s
C:\Users\Kevin\AppData\Local\Temp\cinehome-hls-new-batman-series-s01e04\master248.vtt: 22.21 KiB / 22.21 KiB  42.05 KiB/s
C:\Users\Kevin\AppData\Local\Temp\cinehome-hls-new-batman-series-s01e04\master248.vtt: 22.22 KiB / 22.22 KiB  42.02 KiB/s
C:\Users\Kevin\AppData\Local\Temp\cinehome-hls-new-batman-series-s01e04\master248.vtt: 22.22 KiB / 22.22 KiB  42.03 KiB/s
C:\Users\Kevin\AppData\Local\Temp\cinehome-hls-new-batman-series-s01e04\master256.vtt: 22.23 KiB / 22.23 KiB  39.53 KiB/s
C:\Users\Kevin\AppData\Local\Temp\cinehome-hls-new-batman-series-s01e04\master257.vtt: 22.24 KiB / 22.24 KiB  39.27 KiB/s
C:\Users\Kevin\AppData\Local\Temp\cinehome-hls-new-batman-series-s01e04\master258.vtt: 22.24 KiB / 22.24 KiB  39.28 KiB/s
C:\Users\Kevin\AppData\Local\Temp\cinehome-hls-new-batman-series-s01e04\master259.vtt: 22.39 KiB / 22.39 KiB  39.46 KiB/s
C:\Users\Kevin\AppData\Local\Temp\cinehome-hls-new-batman-series-s01e04\master26.vtt: 22.62 KiB / 22.62 KiB  39.82 KiB/s
C:\Users\Kevin\AppData\Local\Temp\cinehome-hls-new-batman-series-s01e04\master26.vtt: 22.70 KiB / 22.70 KiB  39.96 KiB/s
C:\Users\Kevin\AppData\Local\Temp\cinehome-hls-new-batman-series-s01e04\master26.vtt: 22.86 KiB / 22.86 KiB  40.24 KiB/s
C:\Users\Kevin\AppData\Local\Temp\cinehome-hls-new-batman-series-s01e04\master26.vtt: 23.07 KiB / 23.07 KiB  40.58 KiB/s
C:\Users\Kevin\AppData\Local\Temp\cinehome-hls-new-batman-series-s01e04\master26.vtt: 23.21 KiB / 23.21 KiB  40.82 KiB/s
C:\Users\Kevin\AppData\Local\Temp\cinehome-hls-new-batman-series-s01e04\master29.vtt: 23.26 KiB / 23.26 KiB  40.91 KiB/s
C:\Users\Kevin\AppData\Local\Temp\cinehome-hls-new-batman-series-s01e04\master3.vtt: 23.41 KiB / 23.41 KiB  41.13 KiB/s
C:\Users\Kevin\AppData\Local\Temp\cinehome-hls-new-batman-series-s01e04\master31.vtt: 23.60 KiB / 23.60 KiB  41.44 KiB/s
C:\Users\Kevin\AppData\Local\Temp\cinehome-hls-new-batman-series-s01e04\master33.vtt: 23.69 KiB / 23.69 KiB  39.64 KiB/s
C:\Users\Kevin\AppData\Local\Temp\cinehome-hls-new-batman-series-s01e04\master34.vtt: 23.79 KiB / 23.79 KiB  39.37 KiB/s
C:\Users\Kevin\AppData\Local\Temp\cinehome-hls-new-batman-series-s01e04\master35.vtt: 23.92 KiB / 23.92 KiB  39.58 KiB/s
C:\Users\Kevin\AppData\Local\Temp\cinehome-hls-new-batman-series-s01e04\master35.vtt: 24.03 KiB / 24.03 KiB  39.73 KiB/s
C:\Users\Kevin\AppData\Local\Temp\cinehome-hls-new-batman-series-s01e04\master35.vtt: 24.33 KiB / 24.33 KiB  40.16 KiB/s
C:\Users\Kevin\AppData\Local\Temp\cinehome-hls-new-batman-series-s01e04\master37.vtt: 24.38 KiB / 24.38 KiB  40.18 KiB/s
C:\Users\Kevin\AppData\Local\Temp\cinehome-hls-new-batman-series-s01e04\master38.vtt: 24.53 KiB / 24.53 KiB  40.36 KiB/s
C:\Users\Kevin\AppData\Local\Temp\cinehome-hls-new-batman-series-s01e04\master38.vtt: 24.54 KiB / 24.54 KiB  40.37 KiB/s
C:\Users\Kevin\AppData\Local\Temp\cinehome-hls-new-batman-series-s01e04\master38.vtt: 24.61 KiB / 24.61 KiB  40.44 KiB/s
C:\Users\Kevin\AppData\Local\Temp\cinehome-hls-new-batman-series-s01e04\master38.vtt: 24.74 KiB / 24.74 KiB  40.66 KiB/s
C:\Users\Kevin\AppData\Local\Temp\cinehome-hls-new-batman-series-s01e04\master38.vtt: 24.88 KiB / 24.88 KiB  40.85 KiB/s
C:\Users\Kevin\AppData\Local\Temp\cinehome-hls-new-batman-series-s01e04\master4.vtt: 25.02 KiB / 25.02 KiB  41.09 KiB/s
C:\Users\Kevin\AppData\Local\Temp\cinehome-hls-new-batman-series-s01e04\master44.vtt: 25.35 KiB / 25.35 KiB  41.52 KiB/s
C:\Users\Kevin\AppData\Local\Temp\cinehome-hls-new-batman-series-s01e04\master44.vtt: 25.35 KiB / 25.35 KiB  40.52 KiB/s
C:\Users\Kevin\AppData\Local\Temp\cinehome-hls-new-batman-series-s01e04\master44.vtt: 25.35 KiB / 25.35 KiB  40.52 KiB/s
C:\Users\Kevin\AppData\Local\Temp\cinehome-hls-new-batman-series-s01e04\master45.vtt: 25.35 KiB / 25.35 KiB  39.50 KiB/s
C:\Users\Kevin\AppData\Local\Temp\cinehome-hls-new-batman-series-s01e04\master46.vtt: 25.55 KiB / 25.55 KiB  39.78 KiB/s
C:\Users\Kevin\AppData\Local\Temp\cinehome-hls-new-batman-series-s01e04\master46.vtt: 25.67 KiB / 25.67 KiB  39.92 KiB/s
C:\Users\Kevin\AppData\Local\Temp\cinehome-hls-new-batman-series-s01e04\master47.vtt: 25.73 KiB / 25.73 KiB  40.01 KiB/s
C:\Users\Kevin\AppData\Local\Temp\cinehome-hls-new-batman-series-s01e04\master48.vtt: 26.00 KiB / 26.00 KiB  40.39 KiB/s
C:\Users\Kevin\AppData\Local\Temp\cinehome-hls-new-batman-series-s01e04\master49.vtt: 26.12 KiB / 26.12 KiB  40.59 KiB/s
C:\Users\Kevin\AppData\Local\Temp\cinehome-hls-new-batman-series-s01e04\master5.vtt: 26.20 KiB / 26.20 KiB  40.66 KiB/s
C:\Users\Kevin\AppData\Local\Temp\cinehome-hls-new-batman-series-s01e04\master50.vtt: 26.25 KiB / 26.25 KiB  40.74 KiB/s
C:\Users\Kevin\AppData\Local\Temp\cinehome-hls-new-batman-series-s01e04\master51.vtt: 26.33 KiB / 26.33 KiB  40.83 KiB/s
C:\Users\Kevin\AppData\Local\Temp\cinehome-hls-new-batman-series-s01e04\master52.vtt: 26.38 KiB / 26.38 KiB  40.87 KiB/s
C:\Users\Kevin\AppData\Local\Temp\cinehome-hls-new-batman-series-s01e04\master53.vtt: 26.44 KiB / 26.44 KiB  40.94 KiB/s
C:\Users\Kevin\AppData\Local\Temp\cinehome-hls-new-batman-series-s01e04\master53.vtt: 26.45 KiB / 26.45 KiB  40.95 KiB/s
C:\Users\Kevin\AppData\Local\Temp\cinehome-hls-new-batman-series-s01e04\master56.vtt: 26.50 KiB / 26.50 KiB  39.54 KiB/s
C:\Users\Kevin\AppData\Local\Temp\cinehome-hls-new-batman-series-s01e04\master57.vtt: 26.51 KiB / 26.51 KiB  39.49 KiB/s
C:\Users\Kevin\AppData\Local\Temp\cinehome-hls-new-batman-series-s01e04\master58.vtt: 26.55 KiB / 26.55 KiB  39.43 KiB/s
C:\Users\Kevin\AppData\Local\Temp\cinehome-hls-new-batman-series-s01e04\master59.vtt: 26.71 KiB / 26.71 KiB  39.36 KiB/s
C:\Users\Kevin\AppData\Local\Temp\cinehome-hls-new-batman-series-s01e04\master6.vtt: 26.71 KiB / 26.71 KiB  39.34 KiB/s
C:\Users\Kevin\AppData\Local\Temp\cinehome-hls-new-batman-series-s01e04\master60.vtt: 26.76 KiB / 26.76 KiB  39.38 KiB/s
C:\Users\Kevin\AppData\Local\Temp\cinehome-hls-new-batman-series-s01e04\master60.vtt: 27.09 KiB / 27.09 KiB  39.84 KiB/s
C:\Users\Kevin\AppData\Local\Temp\cinehome-hls-new-batman-series-s01e04\master60.vtt: 27.10 KiB / 27.10 KiB  39.85 KiB/s
C:\Users\Kevin\AppData\Local\Temp\cinehome-hls-new-batman-series-s01e04\master60.vtt: 27.26 KiB / 27.26 KiB  40.08 KiB/s
C:\Users\Kevin\AppData\Local\Temp\cinehome-hls-new-batman-series-s01e04\master64.vtt: 27.34 KiB / 27.34 KiB  40.06 KiB/s
C:\Users\Kevin\AppData\Local\Temp\cinehome-hls-new-batman-series-s01e04\master65.vtt: 27.67 KiB / 27.67 KiB  40.20 KiB/s
C:\Users\Kevin\AppData\Local\Temp\cinehome-hls-new-batman-series-s01e04\master66.vtt: 27.76 KiB / 27.76 KiB  40.08 KiB/s
C:\Users\Kevin\AppData\Local\Temp\cinehome-hls-new-batman-series-s01e04\master67.vtt: 28.11 KiB / 28.11 KiB  39.71 KiB/s
C:\Users\Kevin\AppData\Local\Temp\cinehome-hls-new-batman-series-s01e04\master67.vtt: 28.15 KiB / 28.15 KiB  39.66 KiB/s
C:\Users\Kevin\AppData\Local\Temp\cinehome-hls-new-batman-series-s01e04\master67.vtt: 28.27 KiB / 28.27 KiB  39.80 KiB/s
C:\Users\Kevin\AppData\Local\Temp\cinehome-hls-new-batman-series-s01e04\master69.vtt: 28.37 KiB / 28.37 KiB  39.84 KiB/s
C:\Users\Kevin\AppData\Local\Temp\cinehome-hls-new-batman-series-s01e04\master7.vtt: 28.43 KiB / 28.43 KiB  39.79 KiB/s
C:\Users\Kevin\AppData\Local\Temp\cinehome-hls-new-batman-series-s01e04\master7.vtt: 28.43 KiB / 28.43 KiB  39.77 KiB/s
C:\Users\Kevin\AppData\Local\Temp\cinehome-hls-new-batman-series-s01e04\master70.vtt: 28.44 KiB / 28.44 KiB  39.77 KiB/s
C:\Users\Kevin\AppData\Local\Temp\cinehome-hls-new-batman-series-s01e04\master71.vtt: 28.49 KiB / 28.49 KiB  39.81 KiB/s
C:\Users\Kevin\AppData\Local\Temp\cinehome-hls-new-batman-series-s01e04\master73.vtt: 28.59 KiB / 28.59 KiB  39.92 KiB/s
C:\Users\Kevin\AppData\Local\Temp\cinehome-hls-new-batman-series-s01e04\master73.vtt: 28.59 KiB / 28.59 KiB  39.90 KiB/s
C:\Users\Kevin\AppData\Local\Temp\cinehome-hls-new-batman-series-s01e04\master74.vtt: 28.69 KiB / 28.69 KiB  40.04 KiB/s
C:\Users\Kevin\AppData\Local\Temp\cinehome-hls-new-batman-series-s01e04\master74.vtt: 28.87 KiB / 28.87 KiB  40.25 KiB/s
C:\Users\Kevin\AppData\Local\Temp\cinehome-hls-new-batman-series-s01e04\master77.vtt: 28.87 KiB / 28.87 KiB  38.45 KiB/s
C:\Users\Kevin\AppData\Local\Temp\cinehome-hls-new-batman-series-s01e04\master77.vtt: 28.87 KiB / 28.87 KiB  38.45 KiB/s
C:\Users\Kevin\AppData\Local\Temp\cinehome-hls-new-batman-series-s01e04\master78.vtt: 29.02 KiB / 29.02 KiB  38.38 KiB/s
C:\Users\Kevin\AppData\Local\Temp\cinehome-hls-new-batman-series-s01e04\master78.vtt: 29.08 KiB / 29.08 KiB  38.44 KiB/s
C:\Users\Kevin\AppData\Local\Temp\cinehome-hls-new-batman-series-s01e04\master78.vtt: 29.19 KiB / 29.19 KiB  38.56 KiB/s
C:\Users\Kevin\AppData\Local\Temp\cinehome-hls-new-batman-series-s01e04\master8.vtt: 29.32 KiB / 29.32 KiB  38.70 KiB/s
C:\Users\Kevin\AppData\Local\Temp\cinehome-hls-new-batman-series-s01e04\master8.vtt: 29.62 KiB / 29.62 KiB  39.08 KiB/s
C:\Users\Kevin\AppData\Local\Temp\cinehome-hls-new-batman-series-s01e04\master8.vtt: 29.71 KiB / 29.71 KiB  39.19 KiB/s
C:\Users\Kevin\AppData\Local\Temp\cinehome-hls-new-batman-series-s01e04\master82.vtt: 29.89 KiB / 29.89 KiB  39.40 KiB/s
C:\Users\Kevin\AppData\Local\Temp\cinehome-hls-new-batman-series-s01e04\master83.vtt: 30.01 KiB / 30.01 KiB  39.53 KiB/s
C:\Users\Kevin\AppData\Local\Temp\cinehome-hls-new-batman-series-s01e04\master85.vtt: 30.11 KiB / 30.11 KiB  39.66 KiB/s
C:\Users\Kevin\AppData\Local\Temp\cinehome-hls-new-batman-series-s01e04\master85.vtt: 30.17 KiB / 30.17 KiB  39.72 KiB/s
C:\Users\Kevin\AppData\Local\Temp\cinehome-hls-new-batman-series-s01e04\master87.vtt: 30.35 KiB / 30.35 KiB  39.93 KiB/s
C:\Users\Kevin\AppData\Local\Temp\cinehome-hls-new-batman-series-s01e04\master87.vtt: 30.61 KiB / 30.61 KiB  40.26 KiB/s
C:\Users\Kevin\AppData\Local\Temp\cinehome-hls-new-batman-series-s01e04\master89.vtt: 30.82 KiB / 30.82 KiB  38.99 KiB/s
C:\Users\Kevin\AppData\Local\Temp\cinehome-hls-new-batman-series-s01e04\master9.vtt: 30.97 KiB / 30.97 KiB  38.97 KiB/s
C:\Users\Kevin\AppData\Local\Temp\cinehome-hls-new-batman-series-s01e04\master9.vtt: 31.07 KiB / 31.07 KiB  39.09 KiB/s
C:\Users\Kevin\AppData\Local\Temp\cinehome-hls-new-batman-series-s01e04\master9.vtt: 31.16 KiB / 31.16 KiB  39.18 KiB/s
C:\Users\Kevin\AppData\Local\Temp\cinehome-hls-new-batman-series-s01e04\master90.vtt: 31.36 KiB / 31.36 KiB  39.39 KiB/s
C:\Users\Kevin\AppData\Local\Temp\cinehome-hls-new-batman-series-s01e04\master90.vtt: 31.54 KiB / 31.54 KiB  39.61 KiB/s
C:\Users\Kevin\AppData\Local\Temp\cinehome-hls-new-batman-series-s01e04\master94.vtt: 31.66 KiB / 31.66 KiB  39.62 KiB/s
C:\Users\Kevin\AppData\Local\Temp\cinehome-hls-new-batman-series-s01e04\master95.vtt: 31.89 KiB / 31.89 KiB  39.92 KiB/s
C:\Users\Kevin\AppData\Local\Temp\cinehome-hls-new-batman-series-s01e04\master95.vtt: 31.90 KiB / 31.90 KiB  39.90 KiB/s
C:\Users\Kevin\AppData\Local\Temp\cinehome-hls-new-batman-series-s01e04\master95.vtt: 32.00 KiB / 32.00 KiB  40.00 KiB/s
C:\Users\Kevin\AppData\Local\Temp\cinehome-hls-new-batman-series-s01e04\master95.vtt: 32.24 KiB / 32.24 KiB  40.29 KiB/s
C:\Users\Kevin\AppData\Local\Temp\cinehome-hls-new-batman-series-s01e04\master98.vtt: 40.36 KiB / 40.36 KiB  50.41 KiB/s
C:\Users\Kevin\AppData\Local\Temp\cinehome-hls-new-batman-series-s01e04\master_vtt.m3u8: 6.25 MiB / 6.25 MiB  7.51 MiB/s
C:\Users\Kevin\AppData\Local\Temp\cinehome-hls-new-batman-series-s01e04\seg_0000.ts: 7.61 MiB / 7.61 MiB  9.13 MiB/s
C:\Users\Kevin\AppData\Local\Temp\cinehome-hls-new-batman-series-s01e04\seg_0001.ts: 9.59 MiB / 9.59 MiB  11.49 MiB/s
C:\Users\Kevin\AppData\Local\Temp\cinehome-hls-new-batman-series-s01e04\seg_0001.ts: 12.15 MiB / 12.15 MiB  14.55 MiB/s
C:\Users\Kevin\AppData\Local\Temp\cinehome-hls-new-batman-series-s01e04\seg_0002.ts: 14.76 MiB / 14.76 MiB  17.68 MiB/s
C:\Users\Kevin\AppData\Local\Temp\cinehome-hls-new-batman-series-s01e04\seg_0002.ts: 16.56 MiB / 16.56 MiB  19.82 MiB/s
C:\Users\Kevin\AppData\Local\Temp\cinehome-hls-new-batman-series-s01e04\seg_0002.ts: 17.34 MiB / 17.34 MiB  20.74 MiB/s
C:\Users\Kevin\AppData\Local\Temp\cinehome-hls-new-batman-series-s01e04\seg_0002.ts: 17.93 MiB / 17.93 MiB  21.44 MiB/s
C:\Users\Kevin\AppData\Local\Temp\cinehome-hls-new-batman-series-s01e04\seg_0002.ts: 18.47 MiB / 18.47 MiB  22.08 MiB/s
C:\Users\Kevin\AppData\Local\Temp\cinehome-hls-new-batman-series-s01e04\seg_0002.ts: 20.10 MiB / 20.10 MiB  24.04 MiB/s
C:\Users\Kevin\AppData\Local\Temp\cinehome-hls-new-batman-series-s01e04\seg_0002.ts: 21.67 MiB / 21.67 MiB  25.91 MiB/s
C:\Users\Kevin\AppData\Local\Temp\cinehome-hls-new-batman-series-s01e04\seg_0002.ts: 28.30 MiB / 28.30 MiB  33.84 MiB/s
C:\Users\Kevin\AppData\Local\Temp\cinehome-hls-new-batman-series-s01e04\seg_0011.ts: 36.79 MiB / 36.79 MiB  42.77 MiB/s
C:\Users\Kevin\AppData\Local\Temp\cinehome-hls-new-batman-series-s01e04\seg_0011.ts: 36.79 MiB / 36.79 MiB  42.00 MiB/s
C:\Users\Kevin\AppData\Local\Temp\cinehome-hls-new-batman-series-s01e04\seg_0011.ts: 36.79 MiB / 36.79 MiB  42.00 MiB/s
C:\Users\Kevin\AppData\Local\Temp\cinehome-hls-new-batman-series-s01e04\seg_0012.ts: 41.55 MiB / 41.55 MiB  44.86 MiB/s
C:\Users\Kevin\AppData\Local\Temp\cinehome-hls-new-batman-series-s01e04\seg_0013.ts: 44.11 MiB / 44.11 MiB  45.49 MiB/s
C:\Users\Kevin\AppData\Local\Temp\cinehome-hls-new-batman-series-s01e04\seg_0014.ts: 53.48 MiB / 53.48 MiB  53.54 MiB/s
C:\Users\Kevin\AppData\Local\Temp\cinehome-hls-new-batman-series-s01e04\seg_0014.ts: 53.48 MiB / 53.48 MiB  53.41 MiB/s
C:\Users\Kevin\AppData\Local\Temp\cinehome-hls-new-batman-series-s01e04\seg_0014.ts: 53.48 MiB / 53.48 MiB  53.41 MiB/s
C:\Users\Kevin\AppData\Local\Temp\cinehome-hls-new-batman-series-s01e04\seg_0015.ts: 59.60 MiB / 59.60 MiB  55.60 MiB/s
C:\Users\Kevin\AppData\Local\Temp\cinehome-hls-new-batman-series-s01e04\seg_0016.ts: 61.33 MiB / 61.33 MiB  54.59 MiB/s
C:\Users\Kevin\AppData\Local\Temp\cinehome-hls-new-batman-series-s01e04\seg_0016.ts: 62.65 MiB / 62.65 MiB  55.76 MiB/s
C:\Users\Kevin\AppData\Local\Temp\cinehome-hls-new-batman-series-s01e04\seg_0018.ts: 64.06 MiB / 64.06 MiB  56.94 MiB/s
C:\Users\Kevin\AppData\Local\Temp\cinehome-hls-new-batman-series-s01e04\seg_0018.ts: 64.06 MiB / 64.06 MiB  56.86 MiB/s
C:\Users\Kevin\AppData\Local\Temp\cinehome-hls-new-batman-series-s01e04\seg_0018.ts: 64.06 MiB / 64.06 MiB  56.86 MiB/s
C:\Users\Kevin\AppData\Local\Temp\cinehome-hls-new-batman-series-s01e04\seg_0019.ts: 64.81 MiB / 64.81 MiB  56.72 MiB/s
C:\Users\Kevin\AppData\Local\Temp\cinehome-hls-new-batman-series-s01e04\seg_0019.ts: 65.90 MiB / 65.90 MiB  57.64 MiB/s
C:\Users\Kevin\AppData\Local\Temp\cinehome-hls-new-batman-series-s01e04\seg_0021.ts: 67.06 MiB / 67.06 MiB  58.31 MiB/s
C:\Users\Kevin\AppData\Local\Temp\cinehome-hls-new-batman-series-s01e04\seg_0022.ts: 67.95 MiB / 67.95 MiB  56.20 MiB/s
C:\Users\Kevin\AppData\Local\Temp\cinehome-hls-new-batman-series-s01e04\seg_0023.ts: 68.97 MiB / 68.97 MiB  56.25 MiB/s
C:\Users\Kevin\AppData\Local\Temp\cinehome-hls-new-batman-series-s01e04\seg_0023.ts: 68.97 MiB / 68.97 MiB  55.08 MiB/s
C:\Users\Kevin\AppData\Local\Temp\cinehome-hls-new-batman-series-s01e04\seg_0023.ts: 68.97 MiB / 68.97 MiB  55.08 MiB/s
C:\Users\Kevin\AppData\Local\Temp\cinehome-hls-new-batman-series-s01e04\seg_0024.ts: 69.44 MiB / 69.44 MiB  51.71 MiB/s
C:\Users\Kevin\AppData\Local\Temp\cinehome-hls-new-batman-series-s01e04\seg_0025.ts: 70.23 MiB / 70.23 MiB  52.25 MiB/s
C:\Users\Kevin\AppData\Local\Temp\cinehome-hls-new-batman-series-s01e04\seg_0025.ts: 70.23 MiB / 70.23 MiB  50.98 MiB/s
C:\Users\Kevin\AppData\Local\Temp\cinehome-hls-new-batman-series-s01e04\seg_0025.ts: 70.23 MiB / 70.23 MiB  50.98 MiB/s
C:\Users\Kevin\AppData\Local\Temp\cinehome-hls-new-batman-series-s01e04\seg_0026.ts: 71.01 MiB / 71.01 MiB  49.36 MiB/s
C:\Users\Kevin\AppData\Local\Temp\cinehome-hls-new-batman-series-s01e04\seg_0027.ts: 71.95 MiB / 71.95 MiB  48.95 MiB/s
C:\Users\Kevin\AppData\Local\Temp\cinehome-hls-new-batman-series-s01e04\seg_0027.ts: 71.95 MiB / 71.95 MiB  47.86 MiB/s
C:\Users\Kevin\AppData\Local\Temp\cinehome-hls-new-batman-series-s01e04\seg_0027.ts: 71.95 MiB / 71.95 MiB  47.85 MiB/s
C:\Users\Kevin\AppData\Local\Temp\cinehome-hls-new-batman-series-s01e04\seg_0028.ts: 72.69 MiB / 72.69 MiB  46.96 MiB/s
C:\Users\Kevin\AppData\Local\Temp\cinehome-hls-new-batman-series-s01e04\seg_0029.ts: 73.91 MiB / 73.91 MiB  45.79 MiB/s
C:\Users\Kevin\AppData\Local\Temp\cinehome-hls-new-batman-series-s01e04\seg_0030.ts: 75.01 MiB / 75.01 MiB  46.46 MiB/s
C:\Users\Kevin\AppData\Local\Temp\cinehome-hls-new-batman-series-s01e04\seg_0030.ts: 75.01 MiB / 75.01 MiB  46.05 MiB/s
C:\Users\Kevin\AppData\Local\Temp\cinehome-hls-new-batman-series-s01e04\seg_0030.ts: 75.01 MiB / 75.01 MiB  46.05 MiB/s
C:\Users\Kevin\AppData\Local\Temp\cinehome-hls-new-batman-series-s01e04\seg_0031.ts: 77.01 MiB / 77.01 MiB  46.88 MiB/s
C:\Users\Kevin\AppData\Local\Temp\cinehome-hls-new-batman-series-s01e04\seg_0032.ts: 77.88 MiB / 77.88 MiB  47.07 MiB/s
C:\Users\Kevin\AppData\Local\Temp\cinehome-hls-new-batman-series-s01e04\seg_0033.ts: 79.08 MiB / 79.08 MiB  47.59 MiB/s
C:\Users\Kevin\AppData\Local\Temp\cinehome-hls-new-batman-series-s01e04\seg_0034.ts: 80.78 MiB / 80.78 MiB  48.43 MiB/s
C:\Users\Kevin\AppData\Local\Temp\cinehome-hls-new-batman-series-s01e04\seg_0034.ts: 82.40 MiB / 82.40 MiB  49.40 MiB/s
C:\Users\Kevin\AppData\Local\Temp\cinehome-hls-new-batman-series-s01e04\seg_0036.ts: 83.50 MiB / 83.50 MiB  50.02 MiB/s
C:\Users\Kevin\AppData\Local\Temp\cinehome-hls-new-batman-series-s01e04\seg_0037.ts: 85.51 MiB / 85.51 MiB  50.80 MiB/s
C:\Users\Kevin\AppData\Local\Temp\cinehome-hls-new-batman-series-s01e04\seg_0038.ts: 86.46 MiB / 86.46 MiB  50.66 MiB/s
C:\Users\Kevin\AppData\Local\Temp\cinehome-hls-new-batman-series-s01e04\seg_0039.ts: 87.10 MiB / 87.10 MiB  50.74 MiB/s
C:\Users\Kevin\AppData\Local\Temp\cinehome-hls-new-batman-series-s01e04\seg_0040.ts: 88.29 MiB / 88.29 MiB  50.64 MiB/s
C:\Users\Kevin\AppData\Local\Temp\cinehome-hls-new-batman-series-s01e04\seg_0040.ts: 88.29 MiB / 88.29 MiB  50.32 MiB/s
C:\Users\Kevin\AppData\Local\Temp\cinehome-hls-new-batman-series-s01e04\seg_0040.ts: 88.29 MiB / 88.29 MiB  50.32 MiB/s
C:\Users\Kevin\AppData\Local\Temp\cinehome-hls-new-batman-series-s01e04\seg_0041.ts: 89.25 MiB / 89.25 MiB  49.74 MiB/s
C:\Users\Kevin\AppData\Local\Temp\cinehome-hls-new-batman-series-s01e04\seg_0042.ts: 89.85 MiB / 89.85 MiB  49.49 MiB/s
C:\Users\Kevin\AppData\Local\Temp\cinehome-hls-new-batman-series-s01e04\seg_0042.ts: 90.76 MiB / 90.76 MiB  49.99 MiB/s
C:\Users\Kevin\AppData\Local\Temp\cinehome-hls-new-batman-series-s01e04\seg_0044.ts: 91.79 MiB / 91.79 MiB  50.54 MiB/s
C:\Users\Kevin\AppData\Local\Temp\cinehome-hls-new-batman-series-s01e04\seg_0045.ts: 92.56 MiB / 92.56 MiB  49.69 MiB/s
C:\Users\Kevin\AppData\Local\Temp\cinehome-hls-new-batman-series-s01e04\seg_0046.ts: 93.80 MiB / 93.80 MiB  50.20 MiB/s
C:\Users\Kevin\AppData\Local\Temp\cinehome-hls-new-batman-series-s01e04\seg_0046.ts: 95.32 MiB / 95.32 MiB  51.01 MiB/s
C:\Users\Kevin\AppData\Local\Temp\cinehome-hls-new-batman-series-s01e04\seg_0047.ts: 95.32 MiB / 95.32 MiB  50.70 MiB/s
C:\Users\Kevin\AppData\Local\Temp\cinehome-hls-new-batman-series-s01e04\seg_0047.ts: 95.32 MiB / 95.32 MiB  50.70 MiB/s
C:\Users\Kevin\AppData\Local\Temp\cinehome-hls-new-batman-series-s01e04\seg_0048.ts: 97.34 MiB / 97.34 MiB  51.68 MiB/s
C:\Users\Kevin\AppData\Local\Temp\cinehome-hls-new-batman-series-s01e04\seg_0049.ts: 99.60 MiB / 99.60 MiB  52.12 MiB/s
C:\Users\Kevin\AppData\Local\Temp\cinehome-hls-new-batman-series-s01e04\seg_0050.ts: 101.26 MiB / 101.26 MiB  52.91 MiB/s
C:\Users\Kevin\AppData\Local\Temp\cinehome-hls-new-batman-series-s01e04\seg_0051.ts: 103.63 MiB / 103.63 MiB  53.86 MiB/s
C:\Users\Kevin\AppData\Local\Temp\cinehome-hls-new-batman-series-s01e04\seg_0052.ts: 105.76 MiB / 105.76 MiB  54.13 MiB/s
C:\Users\Kevin\AppData\Local\Temp\cinehome-hls-new-batman-series-s01e04\seg_0052.ts: 105.76 MiB / 105.76 MiB  52.75 MiB/s
C:\Users\Kevin\AppData\Local\Temp\cinehome-hls-new-batman-series-s01e04\seg_0052.ts: 105.76 MiB / 105.76 MiB  52.75 MiB/s
C:\Users\Kevin\AppData\Local\Temp\cinehome-hls-new-batman-series-s01e04\seg_0053.ts: 107.20 MiB / 107.20 MiB  53.45 MiB/s
C:\Users\Kevin\AppData\Local\Temp\cinehome-hls-new-batman-series-s01e04\seg_0054.ts: 108.74 MiB / 108.74 MiB  52.57 MiB/s
C:\Users\Kevin\AppData\Local\Temp\cinehome-hls-new-batman-series-s01e04\seg_0055.ts: 111.11 MiB / 111.11 MiB  53.49 MiB/s
C:\Users\Kevin\AppData\Local\Temp\cinehome-hls-new-batman-series-s01e04\seg_0056.ts: 113.29 MiB / 113.29 MiB  54.52 MiB/s
C:\Users\Kevin\AppData\Local\Temp\cinehome-hls-new-batman-series-s01e04\seg_0057.ts: 115.48 MiB / 115.48 MiB  54.88 MiB/s
C:\Users\Kevin\AppData\Local\Temp\cinehome-hls-new-batman-series-s01e04\seg_0057.ts: 115.48 MiB / 115.48 MiB  54.21 MiB/s
C:\Users\Kevin\AppData\Local\Temp\cinehome-hls-new-batman-series-s01e04\seg_0057.ts: 115.48 MiB / 115.48 MiB  54.21 MiB/s
C:\Users\Kevin\AppData\Local\Temp\cinehome-hls-new-batman-series-s01e04\seg_0058.ts: 118.67 MiB / 118.67 MiB  55.70 MiB/s
C:\Users\Kevin\AppData\Local\Temp\cinehome-hls-new-batman-series-s01e04\seg_0059.ts: 119.91 MiB / 119.91 MiB  56.26 MiB/s
C:\Users\Kevin\AppData\Local\Temp\cinehome-hls-new-batman-series-s01e04\seg_0060.ts: 122.29 MiB / 122.29 MiB  57.27 MiB/s
C:\Users\Kevin\AppData\Local\Temp\cinehome-hls-new-batman-series-s01e04\seg_0061.ts: 125.20 MiB / 125.20 MiB  57.59 MiB/s
C:\Users\Kevin\AppData\Local\Temp\cinehome-hls-new-batman-series-s01e04\seg_0062.ts: 125.46 MiB / 125.46 MiB  57.46 MiB/s
C:\Users\Kevin\AppData\Local\Temp\cinehome-hls-new-batman-series-s01e04\seg_0062.ts: 126.33 MiB / 126.33 MiB  57.84 MiB/s
C:\Users\Kevin\AppData\Local\Temp\cinehome-hls-new-batman-series-s01e04\seg_0064.ts: 126.82 MiB / 126.82 MiB  58.04 MiB/s
C:\Users\Kevin\AppData\Local\Temp\cinehome-hls-new-batman-series-s01e04\seg_0065.ts: 129.08 MiB / 129.08 MiB  58.78 MiB/s
C:\Users\Kevin\AppData\Local\Temp\cinehome-hls-new-batman-series-s01e04\seg_0066.ts: 129.51 MiB / 129.51 MiB  58.86 MiB/s
C:\Users\Kevin\AppData\Local\Temp\cinehome-hls-new-batman-series-s01e04\seg_0067.ts: 130.62 MiB / 130.62 MiB  59.22 MiB/s
C:\Users\Kevin\AppData\Local\Temp\cinehome-hls-new-batman-series-s01e04\seg_0068.ts: 131.24 MiB / 131.24 MiB  58.87 MiB/s
C:\Users\Kevin\AppData\Local\Temp\cinehome-hls-new-batman-series-s01e04\seg_0069.ts: 132.06 MiB / 132.06 MiB  58.56 MiB/s
C:\Users\Kevin\AppData\Local\Temp\cinehome-hls-new-batman-series-s01e04\seg_0069.ts: 132.06 MiB / 132.06 MiB  58.54 MiB/s
C:\Users\Kevin\AppData\Local\Temp\cinehome-hls-new-batman-series-s01e04\seg_0069.ts: 132.06 MiB / 132.06 MiB  58.54 MiB/s
C:\Users\Kevin\AppData\Local\Temp\cinehome-hls-new-batman-series-s01e04\seg_0069.ts: 132.34 MiB / 132.34 MiB  58.66 MiB/s
C:\Users\Kevin\AppData\Local\Temp\cinehome-hls-new-batman-series-s01e04\seg_0071.ts: 133.39 MiB / 133.39 MiB  57.92 MiB/s
C:\Users\Kevin\AppData\Local\Temp\cinehome-hls-new-batman-series-s01e04\seg_0072.ts: 134.14 MiB / 134.14 MiB  58.14 MiB/s
C:\Users\Kevin\AppData\Local\Temp\cinehome-hls-new-batman-series-s01e04\seg_0073.ts: 134.74 MiB / 134.74 MiB  56.80 MiB/s
C:\Users\Kevin\AppData\Local\Temp\cinehome-hls-new-batman-series-s01e04\seg_0074.ts: 136.72 MiB / 136.72 MiB  57.61 MiB/s
C:\Users\Kevin\AppData\Local\Temp\cinehome-hls-new-batman-series-s01e04\seg_0075.ts: 137.75 MiB / 137.75 MiB  57.96 MiB/s
C:\Users\Kevin\AppData\Local\Temp\cinehome-hls-new-batman-series-s01e04\seg_0075.ts: 137.75 MiB / 137.75 MiB  57.83 MiB/s
C:\Users\Kevin\AppData\Local\Temp\cinehome-hls-new-batman-series-s01e04\seg_0075.ts: 137.75 MiB / 137.75 MiB  57.83 MiB/s
C:\Users\Kevin\AppData\Local\Temp\cinehome-hls-new-batman-series-s01e04\seg_0076.ts: 140.56 MiB / 140.56 MiB  58.86 MiB/s
C:\Users\Kevin\AppData\Local\Temp\cinehome-hls-new-batman-series-s01e04\seg_0077.ts: 141.37 MiB / 141.37 MiB  59.16 MiB/s
C:\Users\Kevin\AppData\Local\Temp\cinehome-hls-new-batman-series-s01e04\seg_0078.ts: 142.47 MiB / 142.47 MiB  59.60 MiB/s
C:\Users\Kevin\AppData\Local\Temp\cinehome-hls-new-batman-series-s01e04\seg_0079.ts: 142.75 MiB / 142.75 MiB  58.96 MiB/s
C:\Users\Kevin\AppData\Local\Temp\cinehome-hls-new-batman-series-s01e04\seg_0080.ts: 143.67 MiB / 143.67 MiB  58.50 MiB/s
C:\Users\Kevin\AppData\Local\Temp\cinehome-hls-new-batman-series-s01e04\seg_0081.ts: 145.15 MiB / 145.15 MiB  58.58 MiB/s
C:\Users\Kevin\AppData\Local\Temp\cinehome-hls-new-batman-series-s01e04\seg_0082.ts: 145.72 MiB / 145.72 MiB  58.51 MiB/s
C:\Users\Kevin\AppData\Local\Temp\cinehome-hls-new-batman-series-s01e04\seg_0083.ts: 146.53 MiB / 146.53 MiB  58.65 MiB/s
C:\Users\Kevin\AppData\Local\Temp\cinehome-hls-new-batman-series-s01e04\seg_0084.ts: 147.89 MiB / 147.89 MiB  59.11 MiB/s
C:\Users\Kevin\AppData\Local\Temp\cinehome-hls-new-batman-series-s01e04\seg_0084.ts: 147.89 MiB / 147.89 MiB  58.97 MiB/s
C:\Users\Kevin\AppData\Local\Temp\cinehome-hls-new-batman-series-s01e04\seg_0084.ts: 147.89 MiB / 147.89 MiB  58.97 MiB/s
C:\Users\Kevin\AppData\Local\Temp\cinehome-hls-new-batman-series-s01e04\seg_0085.ts: 148.57 MiB / 148.57 MiB  59.15 MiB/s
C:\Users\Kevin\AppData\Local\Temp\cinehome-hls-new-batman-series-s01e04\seg_0086.ts: 149.07 MiB / 149.07 MiB  58.83 MiB/s
C:\Users\Kevin\AppData\Local\Temp\cinehome-hls-new-batman-series-s01e04\seg_0087.ts: 150.08 MiB / 150.08 MiB  58.46 MiB/s
C:\Users\Kevin\AppData\Local\Temp\cinehome-hls-new-batman-series-s01e04\seg_0088.ts: 151.04 MiB / 151.04 MiB  58.47 MiB/s
C:\Users\Kevin\AppData\Local\Temp\cinehome-hls-new-batman-series-s01e04\seg_0088.ts: 152.02 MiB / 152.02 MiB  58.84 MiB/s
C:\Users\Kevin\AppData\Local\Temp\cinehome-hls-new-batman-series-s01e04\seg_0088.ts: 152.68 MiB / 152.68 MiB  59.09 MiB/s
C:\Users\Kevin\AppData\Local\Temp\cinehome-hls-new-batman-series-s01e04\seg_0088.ts: 153.33 MiB / 153.33 MiB  59.34 MiB/s
C:\Users\Kevin\AppData\Local\Temp\cinehome-hls-new-batman-series-s01e04\seg_0092.ts: 154.37 MiB / 154.37 MiB  59.67 MiB/s
C:\Users\Kevin\AppData\Local\Temp\cinehome-hls-new-batman-series-s01e04\seg_0093.ts: 155.27 MiB / 155.27 MiB  59.67 MiB/s
C:\Users\Kevin\AppData\Local\Temp\cinehome-hls-new-batman-series-s01e04\seg_0094.ts: 155.69 MiB / 155.69 MiB  59.80 MiB/s
C:\Users\Kevin\AppData\Local\Temp\cinehome-hls-new-batman-series-s01e04\seg_0095.ts: 157.12 MiB / 157.12 MiB  60.26 MiB/s
C:\Users\Kevin\AppData\Local\Temp\cinehome-hls-new-batman-series-s01e04\seg_0096.ts: 157.50 MiB / 157.50 MiB  60.38 MiB/s
C:\Users\Kevin\AppData\Local\Temp\cinehome-hls-new-batman-series-s01e04\seg_0097.ts: 158.38 MiB / 158.38 MiB  60.70 MiB/s
C:\Users\Kevin\AppData\Local\Temp\cinehome-hls-new-batman-series-s01e04\seg_0098.ts: 159.87 MiB / 159.87 MiB  61.26 MiB/s
C:\Users\Kevin\AppData\Local\Temp\cinehome-hls-new-batman-series-s01e04\seg_0099.ts: 160.38 MiB / 160.38 MiB  61.31 MiB/s
C:\Users\Kevin\AppData\Local\Temp\cinehome-hls-new-batman-series-s01e04\seg_0099.ts: 160.38 MiB / 160.38 MiB  60.90 MiB/s
C:\Users\Kevin\AppData\Local\Temp\cinehome-hls-new-batman-series-s01e04\seg_0099.ts: 160.38 MiB / 160.38 MiB  60.89 MiB/s
C:\Users\Kevin\AppData\Local\Temp\cinehome-hls-new-batman-series-s01e04\seg_0100.ts: 162.27 MiB / 162.27 MiB  60.52 MiB/s
C:\Users\Kevin\AppData\Local\Temp\cinehome-hls-new-batman-series-s01e04\seg_0101.ts: 163.00 MiB / 163.00 MiB  59.12 MiB/s
C:\Users\Kevin\AppData\Local\Temp\cinehome-hls-new-batman-series-s01e04\seg_0101.ts: 163.53 MiB / 163.53 MiB  59.30 MiB/s
C:\Users\Kevin\AppData\Local\Temp\cinehome-hls-new-batman-series-s01e04\seg_0102.ts: 163.53 MiB / 163.53 MiB  59.27 MiB/s
C:\Users\Kevin\AppData\Local\Temp\cinehome-hls-new-batman-series-s01e04\seg_0102.ts: 163.53 MiB / 163.53 MiB  59.27 MiB/s
C:\Users\Kevin\AppData\Local\Temp\cinehome-hls-new-batman-series-s01e04\seg_0103.ts: 164.26 MiB / 164.26 MiB  59.48 MiB/s
C:\Users\Kevin\AppData\Local\Temp\cinehome-hls-new-batman-series-s01e04\seg_0104.ts: 165.54 MiB / 165.54 MiB  59.93 MiB/s
C:\Users\Kevin\AppData\Local\Temp\cinehome-hls-new-batman-series-s01e04\seg_0105.ts: 166.18 MiB / 166.18 MiB  60.13 MiB/s
C:\Users\Kevin\AppData\Local\Temp\cinehome-hls-new-batman-series-s01e04\seg_0106.ts: 167.36 MiB / 167.36 MiB  60.32 MiB/s
C:\Users\Kevin\AppData\Local\Temp\cinehome-hls-new-batman-series-s01e04\seg_0107.ts: 168.31 MiB / 168.31 MiB  60.65 MiB/s
C:\Users\Kevin\AppData\Local\Temp\cinehome-hls-new-batman-series-s01e04\seg_0108.ts: 169.73 MiB / 169.73 MiB  61.10 MiB/s
C:\Users\Kevin\AppData\Local\Temp\cinehome-hls-new-batman-series-s01e04\seg_0109.ts: 170.58 MiB / 170.58 MiB  61.38 MiB/s
C:\Users\Kevin\AppData\Local\Temp\cinehome-hls-new-batman-series-s01e04\seg_0109.ts: 171.79 MiB / 171.79 MiB  61.81 MiB/s
C:\Users\Kevin\AppData\Local\Temp\cinehome-hls-new-batman-series-s01e04\seg_0109.ts: 172.55 MiB / 172.55 MiB  62.08 MiB/s
C:\Users\Kevin\AppData\Local\Temp\cinehome-hls-new-batman-series-s01e04\seg_0109.ts: 173.18 MiB / 173.18 MiB  62.30 MiB/s
C:\Users\Kevin\AppData\Local\Temp\cinehome-hls-new-batman-series-s01e04\seg_0113.ts: 173.50 MiB / 173.50 MiB  61.81 MiB/s
C:\Users\Kevin\AppData\Local\Temp\cinehome-hls-new-batman-series-s01e04\seg_0114.ts: 175.47 MiB / 175.47 MiB  62.03 MiB/s
C:\Users\Kevin\AppData\Local\Temp\cinehome-hls-new-batman-series-s01e04\seg_0115.ts: 177.56 MiB / 177.56 MiB  62.23 MiB/s
C:\Users\Kevin\AppData\Local\Temp\cinehome-hls-new-batman-series-s01e04\seg_0116.ts: 178.70 MiB / 178.70 MiB  62.49 MiB/s
C:\Users\Kevin\AppData\Local\Temp\cinehome-hls-new-batman-series-s01e04\seg_0116.ts: 178.70 MiB / 178.70 MiB  61.96 MiB/s
C:\Users\Kevin\AppData\Local\Temp\cinehome-hls-new-batman-series-s01e04\seg_0116.ts: 178.70 MiB / 178.70 MiB  61.96 MiB/s
C:\Users\Kevin\AppData\Local\Temp\cinehome-hls-new-batman-series-s01e04\seg_0117.ts: 179.37 MiB / 179.37 MiB  61.42 MiB/s
C:\Users\Kevin\AppData\Local\Temp\cinehome-hls-new-batman-series-s01e04\seg_0118.ts: 181.20 MiB / 181.20 MiB  62.04 MiB/s
C:\Users\Kevin\AppData\Local\Temp\cinehome-hls-new-batman-series-s01e04\seg_0119.ts: 182.94 MiB / 182.94 MiB  62.20 MiB/s
C:\Users\Kevin\AppData\Local\Temp\cinehome-hls-new-batman-series-s01e04\seg_0120.ts: 183.87 MiB / 183.87 MiB  61.58 MiB/s
C:\Users\Kevin\AppData\Local\Temp\cinehome-hls-new-batman-series-s01e04\seg_0121.ts: 185.11 MiB / 185.11 MiB  61.92 MiB/s
C:\Users\Kevin\AppData\Local\Temp\cinehome-hls-new-batman-series-s01e04\seg_0122.ts: 186.17 MiB / 186.17 MiB  62.25 MiB/s
C:\Users\Kevin\AppData\Local\Temp\cinehome-hls-new-batman-series-s01e04\seg_0123.ts: 187.29 MiB / 187.29 MiB  62.47 MiB/s
C:\Users\Kevin\AppData\Local\Temp\cinehome-hls-new-batman-series-s01e04\seg_0123.ts: 188.08 MiB / 188.08 MiB  62.74 MiB/s
C:\Users\Kevin\AppData\Local\Temp\cinehome-hls-new-batman-series-s01e04\seg_0124.ts: 188.80 MiB / 188.80 MiB  62.95 MiB/s
C:\Users\Kevin\AppData\Local\Temp\cinehome-hls-new-batman-series-s01e04\seg_0124.ts: 190.00 MiB / 190.00 MiB  63.35 MiB/s
C:\Users\Kevin\AppData\Local\Temp\cinehome-hls-new-batman-series-s01e04\seg_0126.ts: 190.00 MiB / 190.00 MiB  63.13 MiB/s
C:\Users\Kevin\AppData\Local\Temp\cinehome-hls-new-batman-series-s01e04\seg_0126.ts: 190.00 MiB / 190.00 MiB  63.13 MiB/s
C:\Users\Kevin\AppData\Local\Temp\cinehome-hls-new-batman-series-s01e04\seg_0127.ts: 191.44 MiB / 191.44 MiB  61.79 MiB/s
C:\Users\Kevin\AppData\Local\Temp\cinehome-hls-new-batman-series-s01e04\seg_0127.ts: 193.57 MiB / 193.57 MiB  62.40 MiB/s
C:\Users\Kevin\AppData\Local\Temp\cinehome-hls-new-batman-series-s01e04\seg_0127.ts: 194.45 MiB / 194.45 MiB  62.67 MiB/s
C:\Users\Kevin\AppData\Local\Temp\cinehome-hls-new-batman-series-s01e04\seg_0130.ts: 195.38 MiB / 195.38 MiB  62.94 MiB/s
C:\Users\Kevin\AppData\Local\Temp\cinehome-hls-new-batman-series-s01e04\seg_0131.ts: 196.70 MiB / 196.70 MiB  63.28 MiB/s
C:\Users\Kevin\AppData\Local\Temp\cinehome-hls-new-batman-series-s01e04\seg_0132.ts: 197.47 MiB / 197.47 MiB  63.13 MiB/s
C:\Users\Kevin\AppData\Local\Temp\cinehome-hls-new-batman-series-s01e04\seg_0132.ts: 197.47 MiB / 197.47 MiB  62.98 MiB/s
C:\Users\Kevin\AppData\Local\Temp\cinehome-hls-new-batman-series-s01e04\seg_0132.ts: 197.47 MiB / 197.47 MiB  62.98 MiB/s
C:\Users\Kevin\AppData\Local\Temp\cinehome-hls-new-batman-series-s01e04\seg_0133.ts: 199.11 MiB / 199.11 MiB  63.49 MiB/s
C:\Users\Kevin\AppData\Local\Temp\cinehome-hls-new-batman-series-s01e04\seg_0134.ts: 200.48 MiB / 200.48 MiB  63.89 MiB/s
C:\Users\Kevin\AppData\Local\Temp\cinehome-hls-new-batman-series-s01e04\seg_0134.ts: 201.68 MiB / 201.68 MiB  64.26 MiB/s
C:\Users\Kevin\AppData\Local\Temp\cinehome-hls-new-batman-series-s01e04\seg_0136.ts: 202.64 MiB / 202.64 MiB  64.55 MiB/s
C:\Users\Kevin\AppData\Local\Temp\cinehome-hls-new-batman-series-s01e04\seg_0136.ts: 203.56 MiB / 203.56 MiB  64.84 MiB/s
C:\Users\Kevin\AppData\Local\Temp\cinehome-hls-new-batman-series-s01e04\seg_0136.ts: 204.00 MiB / 204.00 MiB  64.98 MiB/s
C:\Users\Kevin\AppData\Local\Temp\cinehome-hls-new-batman-series-s01e04\seg_0139.ts: 205.14 MiB / 205.14 MiB  63.54 MiB/s
C:\Users\Kevin\AppData\Local\Temp\cinehome-hls-new-batman-series-s01e04\seg_0140.ts: 208.21 MiB / 208.21 MiB  64.46 MiB/s
C:\Users\Kevin\AppData\Local\Temp\cinehome-hls-new-batman-series-s01e04\seg_0141.ts: 209.96 MiB / 209.96 MiB  64.97 MiB/s
C:\Users\Kevin\AppData\Local\Temp\cinehome-hls-new-batman-series-s01e04\seg_0142.ts: 215.48 MiB / 215.48 MiB  66.66 MiB/s
C:\Users\Kevin\AppData\Local\Temp\cinehome-hls-new-batman-series-s01e04\seg_0143.ts: 220.04 MiB / 220.04 MiB  67.95 MiB/s
C:\Users\Kevin\AppData\Local\Temp\cinehome-hls-new-batman-series-s01e04\seg_0143.ts: 220.04 MiB / 220.04 MiB  67.49 MiB/s
C:\Users\Kevin\AppData\Local\Temp\cinehome-hls-new-batman-series-s01e04\seg_0143.ts: 220.04 MiB / 220.04 MiB  67.49 MiB/s
C:\Users\Kevin\AppData\Local\Temp\cinehome-hls-new-batman-series-s01e04\seg_0144.ts: 221.14 MiB / 221.14 MiB  66.77 MiB/s
C:\Users\Kevin\AppData\Local\Temp\cinehome-hls-new-batman-series-s01e04\seg_0145.ts: 222.58 MiB / 222.58 MiB  67.19 MiB/s
C:\Users\Kevin\AppData\Local\Temp\cinehome-hls-new-batman-series-s01e04\seg_0146.ts: 223.11 MiB / 223.11 MiB  66.97 MiB/s
C:\Users\Kevin\AppData\Local\Temp\cinehome-hls-new-batman-series-s01e04\seg_0147.ts: 224.31 MiB / 224.31 MiB  67.31 MiB/s
C:\Users\Kevin\AppData\Local\Temp\cinehome-hls-new-batman-series-s01e04\seg_0148.ts: 225.55 MiB / 225.55 MiB  67.66 MiB/s
C:\Users\Kevin\AppData\Local\Temp\cinehome-hls-new-batman-series-s01e04\seg_0149.ts: 226.36 MiB / 226.36 MiB  67.87 MiB/s
C:\Users\Kevin\AppData\Local\Temp\cinehome-hls-new-batman-series-s01e04\seg_0150.ts: 228.15 MiB / 228.15 MiB  68.39 MiB/s
C:\Users\Kevin\AppData\Local\Temp\cinehome-hls-new-batman-series-s01e04\seg_0151.ts: 229.51 MiB / 229.51 MiB  68.74 MiB/s
C:\Users\Kevin\AppData\Local\Temp\cinehome-hls-new-batman-series-s01e04\seg_0151.ts: 231.89 MiB / 231.89 MiB  69.45 MiB/s
C:\Users\Kevin\AppData\Local\Temp\cinehome-hls-new-batman-series-s01e04\seg_0153.ts: 236.00 MiB / 236.00 MiB  70.67 MiB/s
C:\Users\Kevin\AppData\Local\Temp\cinehome-hls-new-batman-series-s01e04\seg_0153.ts: 236.00 MiB / 236.00 MiB  69.70 MiB/s
C:\Users\Kevin\AppData\Local\Temp\cinehome-hls-new-batman-series-s01e04\seg_0153.ts: 236.00 MiB / 236.00 MiB  69.70 MiB/s
C:\Users\Kevin\AppData\Local\Temp\cinehome-hls-new-batman-series-s01e04\seg_0154.ts: 242.84 MiB / 242.84 MiB  70.48 MiB/s
C:\Users\Kevin\AppData\Local\Temp\cinehome-hls-new-batman-series-s01e04\seg_0155.ts: 246.03 MiB / 246.03 MiB  70.42 MiB/s
C:\Users\Kevin\AppData\Local\Temp\cinehome-hls-new-batman-series-s01e04\seg_0156.ts: 247.93 MiB / 247.93 MiB  70.73 MiB/s
C:\Users\Kevin\AppData\Local\Temp\cinehome-hls-new-batman-series-s01e04\seg_0156.ts: 247.93 MiB / 247.93 MiB  70.62 MiB/s
C:\Users\Kevin\AppData\Local\Temp\cinehome-hls-new-batman-series-s01e04\seg_0156.ts: 247.93 MiB / 247.93 MiB  70.62 MiB/s
C:\Users\Kevin\AppData\Local\Temp\cinehome-hls-new-batman-series-s01e04\seg_0157.ts: 248.98 MiB / 248.98 MiB  70.08 MiB/s
C:\Users\Kevin\AppData\Local\Temp\cinehome-hls-new-batman-series-s01e04\seg_0158.ts: 249.57 MiB / 249.57 MiB  70.14 MiB/s
C:\Users\Kevin\AppData\Local\Temp\cinehome-hls-new-batman-series-s01e04\seg_0159.ts: 250.19 MiB / 250.19 MiB  70.13 MiB/s
C:\Users\Kevin\AppData\Local\Temp\cinehome-hls-new-batman-series-s01e04\seg_0160.ts: 251.99 MiB / 251.99 MiB  69.96 MiB/s
C:\Users\Kevin\AppData\Local\Temp\cinehome-hls-new-batman-series-s01e04\seg_0161.ts: 253.73 MiB / 253.73 MiB  70.25 MiB/s
C:\Users\Kevin\AppData\Local\Temp\cinehome-hls-new-batman-series-s01e04\seg_0162.ts: 254.50 MiB / 254.50 MiB  70.45 MiB/s
C:\Users\Kevin\AppData\Local\Temp\cinehome-hls-new-batman-series-s01e04\seg_0162.ts: 255.26 MiB / 255.26 MiB  70.65 MiB/s
C:\Users\Kevin\AppData\Local\Temp\cinehome-hls-new-batman-series-s01e04\seg_0164.ts: 256.69 MiB / 256.69 MiB  71.00 MiB/s
C:\Users\Kevin\AppData\Local\Temp\cinehome-hls-new-batman-series-s01e04\seg_0165.ts: 258.12 MiB / 258.12 MiB  71.37 MiB/s
C:\Users\Kevin\AppData\Local\Temp\cinehome-hls-new-batman-series-s01e04\seg_0166.ts: 260.48 MiB / 260.48 MiB  71.69 MiB/s
C:\Users\Kevin\AppData\Local\Temp\cinehome-hls-new-batman-series-s01e04\seg_0167.ts: 261.95 MiB / 261.95 MiB  72.06 MiB/s
C:\Users\Kevin\AppData\Local\Temp\cinehome-hls-new-batman-series-s01e04\seg_0167.ts: 261.95 MiB / 261.95 MiB  72.04 MiB/s
C:\Users\Kevin\AppData\Local\Temp\cinehome-hls-new-batman-series-s01e04\seg_0167.ts: 261.95 MiB / 261.95 MiB  72.04 MiB/s
C:\Users\Kevin\AppData\Local\Temp\cinehome-hls-new-batman-series-s01e04\seg_0168.ts: 262.66 MiB / 262.66 MiB  71.52 MiB/s
C:\Users\Kevin\AppData\Local\Temp\cinehome-hls-new-batman-series-s01e04\seg_0169.ts: 264.75 MiB / 264.75 MiB  71.78 MiB/s
C:\Users\Kevin\AppData\Local\Temp\cinehome-hls-new-batman-series-s01e04\seg_0170.ts: 268.52 MiB / 268.52 MiB  72.66 MiB/s
C:\Users\Kevin\AppData\Local\Temp\cinehome-hls-new-batman-series-s01e04\seg_0170.ts: 270.96 MiB / 270.96 MiB  73.32 MiB/s
C:\Users\Kevin\AppData\Local\Temp\cinehome-hls-new-batman-series-s01e04\seg_0172.ts: 273.28 MiB / 273.28 MiB  73.81 MiB/s
C:\Users\Kevin\AppData\Local\Temp\cinehome-hls-new-batman-series-s01e04\seg_0172.ts: 273.28 MiB / 273.28 MiB  72.66 MiB/s
C:\Users\Kevin\AppData\Local\Temp\cinehome-hls-new-batman-series-s01e04\seg_0172.ts: 273.28 MiB / 273.28 MiB  72.66 MiB/s
C:\Users\Kevin\AppData\Local\Temp\cinehome-hls-new-batman-series-s01e04\seg_0173.ts: 275.87 MiB / 275.87 MiB  71.69 MiB/s
C:\Users\Kevin\AppData\Local\Temp\cinehome-hls-new-batman-series-s01e04\seg_0173.ts: 275.87 MiB / 275.87 MiB  70.97 MiB/s
C:\Users\Kevin\AppData\Local\Temp\cinehome-hls-new-batman-series-s01e04\seg_0173.ts: 275.87 MiB / 275.87 MiB  70.97 MiB/s
C:\Users\Kevin\AppData\Local\Temp\cinehome-hls-new-batman-series-s01e04\seg_0174.ts: 276.85 MiB / 276.85 MiB  70.90 MiB/s
C:\Users\Kevin\AppData\Local\Temp\cinehome-hls-new-batman-series-s01e04\seg_0175.ts: 277.83 MiB / 277.83 MiB  70.67 MiB/s
C:\Users\Kevin\AppData\Local\Temp\cinehome-hls-new-batman-series-s01e04\seg_0176.ts: 278.22 MiB / 278.22 MiB  70.76 MiB/s
C:\Users\Kevin\AppData\Local\Temp\cinehome-hls-new-batman-series-s01e04\seg_0177.ts: 279.43 MiB / 279.43 MiB  70.47 MiB/s
C:\Users\Kevin\AppData\Local\Temp\cinehome-hls-new-batman-series-s01e04\seg_0178.ts: 281.54 MiB / 281.54 MiB  70.92 MiB/s
C:\Users\Kevin\AppData\Local\Temp\cinehome-hls-new-batman-series-s01e04\seg_0179.ts: 283.34 MiB / 283.34 MiB  71.34 MiB/s
C:\Users\Kevin\AppData\Local\Temp\cinehome-hls-new-batman-series-s01e04\seg_0180.ts: 284.99 MiB / 284.99 MiB  71.41 MiB/s
C:\Users\Kevin\AppData\Local\Temp\cinehome-hls-new-batman-series-s01e04\seg_0181.ts: 286.78 MiB / 286.78 MiB  71.76 MiB/s
C:\Users\Kevin\AppData\Local\Temp\cinehome-hls-new-batman-series-s01e04\seg_0182.ts: 288.55 MiB / 288.55 MiB  72.19 MiB/s
C:\Users\Kevin\AppData\Local\Temp\cinehome-hls-new-batman-series-s01e04\seg_0182.ts: 290.70 MiB / 290.70 MiB  72.72 MiB/s
C:\Users\Kevin\AppData\Local\Temp\cinehome-hls-new-batman-series-s01e04\seg_0182.ts: 293.40 MiB / 293.40 MiB  73.39 MiB/s
C:\Users\Kevin\AppData\Local\Temp\cinehome-hls-new-batman-series-s01e04\seg_0185.ts: 295.32 MiB / 295.32 MiB  73.83 MiB/s
C:\Users\Kevin\AppData\Local\Temp\cinehome-hls-new-batman-series-s01e04\seg_0185.ts: 297.86 MiB / 297.86 MiB  74.46 MiB/s
C:\Users\Kevin\AppData\Local\Temp\cinehome-hls-new-batman-series-s01e04\seg_0185.ts: 300.98 MiB / 300.98 MiB  75.23 MiB/s
C:\Users\Kevin\AppData\Local\Temp\cinehome-hls-new-batman-series-s01e04\seg_0185.ts: 303.89 MiB / 303.89 MiB  75.95 MiB/s
C:\Users\Kevin\AppData\Local\Temp\cinehome-hls-new-batman-series-s01e04\seg_0185.ts: 305.52 MiB / 305.52 MiB  76.36 MiB/s
C:\Users\Kevin\AppData\Local\Temp\cinehome-hls-new-batman-series-s01e04\seg_0185.ts: 307.28 MiB / 307.28 MiB  76.80 MiB/s
C:\Users\Kevin\AppData\Local\Temp\cinehome-hls-new-batman-series-s01e04\seg_0185.ts: 308.95 MiB / 308.95 MiB  77.20 MiB/s
C:\Users\Kevin\AppData\Local\Temp\cinehome-hls-new-batman-series-s01e04\seg_0189.ts: 309.82 MiB / 309.82 MiB  77.42 MiB/s
C:\Users\Kevin\AppData\Local\Temp\cinehome-hls-new-batman-series-s01e04\seg_0191.ts: 311.69 MiB / 311.69 MiB  77.88 MiB/s
C:\Users\Kevin\AppData\Local\Temp\cinehome-hls-new-batman-series-s01e04\seg_0193.ts: 316.83 MiB / 316.83 MiB  79.15 MiB/s
C:\Users\Kevin\AppData\Local\Temp\cinehome-hls-new-batman-series-s01e04\seg_0194.ts: 318.47 MiB / 318.47 MiB  79.54 MiB/s
C:\Users\Kevin\AppData\Local\Temp\cinehome-hls-new-batman-series-s01e04\seg_0195.ts: 320.58 MiB / 320.58 MiB  80.04 MiB/s
C:\Users\Kevin\AppData\Local\Temp\cinehome-hls-new-batman-series-s01e04\seg_0197.ts: 322.31 MiB / 322.31 MiB  80.45 MiB/s
C:\Users\Kevin\AppData\Local\Temp\cinehome-hls-new-batman-series-s01e04\seg_0198.ts: 323.72 MiB / 323.72 MiB  80.75 MiB/s
C:\Users\Kevin\AppData\Local\Temp\cinehome-hls-new-batman-series-s01e04\seg_0199.ts: 326.02 MiB / 326.02 MiB  81.30 MiB/s
C:\Users\Kevin\AppData\Local\Temp\cinehome-hls-new-batman-series-s01e04\seg_0199.ts: 326.02 MiB / 326.02 MiB  81.25 MiB/s
C:\Users\Kevin\AppData\Local\Temp\cinehome-hls-new-batman-series-s01e04\seg_0199.ts: 326.02 MiB / 326.02 MiB  81.25 MiB/s
C:\Users\Kevin\AppData\Local\Temp\cinehome-hls-new-batman-series-s01e04\seg_0200.ts: 327.12 MiB / 327.12 MiB  81.53 MiB/s
C:\Users\Kevin\AppData\Local\Temp\cinehome-hls-new-batman-series-s01e04\seg_0201.ts: 328.55 MiB / 328.55 MiB  81.22 MiB/s
C:\Users\Kevin\AppData\Local\Temp\cinehome-hls-new-batman-series-s01e04\seg_0202.ts: 331.52 MiB / 331.52 MiB  81.38 MiB/s
C:\Users\Kevin\AppData\Local\Temp\cinehome-hls-new-batman-series-s01e04\seg_0202.ts: 333.25 MiB / 333.25 MiB  81.81 MiB/s
C:\Users\Kevin\AppData\Local\Temp\cinehome-hls-new-batman-series-s01e04\seg_0204.ts: 335.10 MiB / 335.10 MiB  81.98 MiB/s
C:\Users\Kevin\AppData\Local\Temp\cinehome-hls-new-batman-series-s01e04\seg_0204.ts: 335.10 MiB / 335.10 MiB  80.98 MiB/s
C:\Users\Kevin\AppData\Local\Temp\cinehome-hls-new-batman-series-s01e04\seg_0204.ts: 335.10 MiB / 335.10 MiB  80.98 MiB/s
C:\Users\Kevin\AppData\Local\Temp\cinehome-hls-new-batman-series-s01e04\seg_0205.ts: 336.65 MiB / 336.65 MiB  80.94 MiB/s
C:\Users\Kevin\AppData\Local\Temp\cinehome-hls-new-batman-series-s01e04\seg_0206.ts: 337.60 MiB / 337.60 MiB  80.98 MiB/s
C:\Users\Kevin\AppData\Local\Temp\cinehome-hls-new-batman-series-s01e04\seg_0207.ts: 339.43 MiB / 339.43 MiB  81.41 MiB/s
C:\Users\Kevin\AppData\Local\Temp\cinehome-hls-new-batman-series-s01e04\seg_0208.ts: 341.07 MiB / 341.07 MiB  81.39 MiB/s
C:\Users\Kevin\AppData\Local\Temp\cinehome-hls-new-batman-series-s01e04\seg_0208.ts: 341.07 MiB / 341.07 MiB  80.00 MiB/s
C:\Users\Kevin\AppData\Local\Temp\cinehome-hls-new-batman-series-s01e04\seg_0208.ts: 341.07 MiB / 341.07 MiB  80.00 MiB/s
C:\Users\Kevin\AppData\Local\Temp\cinehome-hls-new-batman-series-s01e04\seg_0209.ts: 349.17 MiB / 349.17 MiB  81.76 MiB/s
C:\Users\Kevin\AppData\Local\Temp\cinehome-hls-new-batman-series-s01e04\seg_0210.ts: 350.29 MiB / 350.29 MiB  82.00 MiB/s
C:\Users\Kevin\AppData\Local\Temp\cinehome-hls-new-batman-series-s01e04\seg_0211.ts: 351.06 MiB / 351.06 MiB  82.16 MiB/s
C:\Users\Kevin\AppData\Local\Temp\cinehome-hls-new-batman-series-s01e04\seg_0211.ts: 351.06 MiB / 351.06 MiB  79.98 MiB/s
C:\Users\Kevin\AppData\Local\Temp\cinehome-hls-new-batman-series-s01e04\seg_0211.ts: 351.06 MiB / 351.06 MiB  79.97 MiB/s
C:\Users\Kevin\AppData\Local\Temp\cinehome-hls-new-batman-series-s01e04\seg_0212.ts: 353.63 MiB / 353.63 MiB  80.02 MiB/s
C:\Users\Kevin\AppData\Local\Temp\cinehome-hls-new-batman-series-s01e04\seg_0213.ts: 354.56 MiB / 354.56 MiB  80.22 MiB/s
C:\Users\Kevin\AppData\Local\Temp\cinehome-hls-new-batman-series-s01e04\seg_0214.ts: 355.26 MiB / 355.26 MiB  80.20 MiB/s
C:\Users\Kevin\AppData\Local\Temp\cinehome-hls-new-batman-series-s01e04\seg_0215.ts: 356.49 MiB / 356.49 MiB  80.43 MiB/s
C:\Users\Kevin\AppData\Local\Temp\cinehome-hls-new-batman-series-s01e04\seg_0215.ts: 356.49 MiB / 356.49 MiB  78.95 MiB/s
C:\Users\Kevin\AppData\Local\Temp\cinehome-hls-new-batman-series-s01e04\seg_0215.ts: 356.49 MiB / 356.49 MiB  78.95 MiB/s
C:\Users\Kevin\AppData\Local\Temp\cinehome-hls-new-batman-series-s01e04\seg_0215.ts: 356.49 MiB / 356.49 MiB  76.81 MiB/s
C:\Users\Kevin\AppData\Local\Temp\cinehome-hls-new-batman-series-s01e04\seg_0215.ts: 356.49 MiB / 356.49 MiB  76.81 MiB/s
C:\Users\Kevin\AppData\Local\Temp\cinehome-hls-new-batman-series-s01e04\seg_0216.ts: 358.01 MiB / 358.01 MiB  75.13 MiB/s
C:\Users\Kevin\AppData\Local\Temp\cinehome-hls-new-batman-series-s01e04\seg_0216.ts: 358.01 MiB / 358.01 MiB  75.11 MiB/s
C:\Users\Kevin\AppData\Local\Temp\cinehome-hls-new-batman-series-s01e04\seg_0216.ts: 358.01 MiB / 358.01 MiB  75.11 MiB/s
C:\Users\Kevin\AppData\Local\Temp\cinehome-hls-new-batman-series-s01e04\seg_0217.ts: 359.99 MiB / 359.99 MiB  74.63 MiB/s
C:\Users\Kevin\AppData\Local\Temp\cinehome-hls-new-batman-series-s01e04\seg_0218.ts: 361.53 MiB / 361.53 MiB  74.90 MiB/s
C:\Users\Kevin\AppData\Local\Temp\cinehome-hls-new-batman-series-s01e04\seg_0219.ts: 363.84 MiB / 363.84 MiB  75.09 MiB/s
C:\Users\Kevin\AppData\Local\Temp\cinehome-hls-new-batman-series-s01e04\seg_0220.ts: 364.81 MiB / 364.81 MiB  75.02 MiB/s
C:\Users\Kevin\AppData\Local\Temp\cinehome-hls-new-batman-series-s01e04\seg_0220.ts: 365.38 MiB / 365.38 MiB  75.14 MiB/s
C:\Users\Kevin\AppData\Local\Temp\cinehome-hls-new-batman-series-s01e04\seg_0222.ts: 366.41 MiB / 366.41 MiB  75.33 MiB/s
C:\Users\Kevin\AppData\Local\Temp\cinehome-hls-new-batman-series-s01e04\seg_0222.ts: 367.10 MiB / 367.10 MiB  75.42 MiB/s
C:\Users\Kevin\AppData\Local\Temp\cinehome-hls-new-batman-series-s01e04\seg_0222.ts: 368.41 MiB / 368.41 MiB  75.69 MiB/s
C:\Users\Kevin\AppData\Local\Temp\cinehome-hls-new-batman-series-s01e04\seg_0225.ts: 369.91 MiB / 369.91 MiB  75.99 MiB/s
C:\Users\Kevin\AppData\Local\Temp\cinehome-hls-new-batman-series-s01e04\seg_0226.ts: 371.32 MiB / 371.32 MiB  76.26 MiB/s
C:\Users\Kevin\AppData\Local\Temp\cinehome-hls-new-batman-series-s01e04\seg_0226.ts: 371.73 MiB / 371.73 MiB  76.33 MiB/s
C:\Users\Kevin\AppData\Local\Temp\cinehome-hls-new-batman-series-s01e04\seg_0226.ts: 372.61 MiB / 372.61 MiB  76.50 MiB/s
C:\Users\Kevin\AppData\Local\Temp\cinehome-hls-new-batman-series-s01e04\seg_0229.ts: 373.00 MiB / 373.00 MiB  76.57 MiB/s
C:\Users\Kevin\AppData\Local\Temp\cinehome-hls-new-batman-series-s01e04\seg_0230.ts: 373.74 MiB / 373.74 MiB  76.72 MiB/s
C:\Users\Kevin\AppData\Local\Temp\cinehome-hls-new-batman-series-s01e04\seg_0230.ts: 374.54 MiB / 374.54 MiB  76.88 MiB/s
C:\Users\Kevin\AppData\Local\Temp\cinehome-hls-new-batman-series-s01e04\seg_0230.ts: 376.19 MiB / 376.19 MiB  77.21 MiB/s
C:\Users\Kevin\AppData\Local\Temp\cinehome-hls-new-batman-series-s01e04\seg_0232.ts: 376.76 MiB / 376.76 MiB  77.32 MiB/s
C:\Users\Kevin\AppData\Local\Temp\cinehome-hls-new-batman-series-s01e04\seg_0232.ts: 377.28 MiB / 377.28 MiB  77.42 MiB/s
C:\Users\Kevin\AppData\Local\Temp\cinehome-hls-new-batman-series-s01e04\seg_0234.ts: 378.35 MiB / 378.35 MiB  77.62 MiB/s
C:\Users\Kevin\AppData\Local\Temp\cinehome-hls-new-batman-series-s01e04\seg_0235.ts: 379.47 MiB / 379.47 MiB  77.84 MiB/s
C:\Users\Kevin\AppData\Local\Temp\cinehome-hls-new-batman-series-s01e04\seg_0237.ts: 382.23 MiB / 382.23 MiB  78.39 MiB/s
C:\Users\Kevin\AppData\Local\Temp\cinehome-hls-new-batman-series-s01e04\seg_0237.ts: 382.23 MiB / 382.23 MiB  78.14 MiB/s
C:\Users\Kevin\AppData\Local\Temp\cinehome-hls-new-batman-series-s01e04\seg_0237.ts: 382.23 MiB / 382.23 MiB  78.14 MiB/s
C:\Users\Kevin\AppData\Local\Temp\cinehome-hls-new-batman-series-s01e04\seg_0238.ts: 384.50 MiB / 384.50 MiB  78.03 MiB/s
C:\Users\Kevin\AppData\Local\Temp\cinehome-hls-new-batman-series-s01e04\seg_0239.ts: 387.26 MiB / 387.26 MiB  77.45 MiB/s
C:\Users\Kevin\AppData\Local\Temp\cinehome-hls-new-batman-series-s01e04\seg_0240.ts: 387.80 MiB / 387.80 MiB  77.53 MiB/s
C:\Users\Kevin\AppData\Local\Temp\cinehome-hls-new-batman-series-s01e04\seg_0241.ts: 388.64 MiB / 388.64 MiB  77.66 MiB/s
C:\Users\Kevin\AppData\Local\Temp\cinehome-hls-new-batman-series-s01e04\seg_0241.ts: 388.64 MiB / 388.64 MiB  77.47 MiB/s
C:\Users\Kevin\AppData\Local\Temp\cinehome-hls-new-batman-series-s01e04\seg_0241.ts: 388.64 MiB / 388.64 MiB  77.47 MiB/s
C:\Users\Kevin\AppData\Local\Temp\cinehome-hls-new-batman-series-s01e04\seg_0241.ts: 388.64 MiB / 388.64 MiB  75.58 MiB/s
C:\Users\Kevin\AppData\Local\Temp\cinehome-hls-new-batman-series-s01e04\seg_0241.ts: 388.64 MiB / 388.64 MiB  75.58 MiB/s
C:\Users\Kevin\AppData\Local\Temp\cinehome-hls-new-batman-series-s01e04\seg_0242.ts: 389.16 MiB / 389.16 MiB  74.31 MiB/s
C:\Users\Kevin\AppData\Local\Temp\cinehome-hls-new-batman-series-s01e04\seg_0242.ts: 389.47 MiB / 389.47 MiB  74.34 MiB/s
C:\Users\Kevin\AppData\Local\Temp\cinehome-hls-new-batman-series-s01e04\seg_0242.ts: 390.64 MiB / 390.64 MiB  74.56 MiB/s
C:\Users\Kevin\AppData\Local\Temp\cinehome-hls-new-batman-series-s01e04\seg_0245.ts: 390.70 MiB / 390.70 MiB  74.51 MiB/s
C:\Users\Kevin\AppData\Local\Temp\cinehome-hls-new-batman-series-s01e04\seg_0246.ts: 390.84 MiB / 390.84 MiB  74.53 MiB/s
C:\Users\Kevin\AppData\Local\Temp\cinehome-hls-new-batman-series-s01e04\seg_0247.ts: 391.05 MiB / 391.05 MiB  74.48 MiB/s
C:\Users\Kevin\AppData\Local\Temp\cinehome-hls-new-batman-series-s01e04\seg_0247.ts: 391.05 MiB / 391.05 MiB  74.24 MiB/s
C:\Users\Kevin\AppData\Local\Temp\cinehome-hls-new-batman-series-s01e04\seg_0247.ts: 391.05 MiB / 391.05 MiB  74.24 MiB/s
C:\Users\Kevin\AppData\Local\Temp\cinehome-hls-new-batman-series-s01e04\seg_0248.ts: 391.26 MiB / 391.26 MiB  74.15 MiB/s
C:\Users\Kevin\AppData\Local\Temp\cinehome-hls-new-batman-series-s01e04\seg_0249.ts: 391.46 MiB / 391.46 MiB  74.10 MiB/s
C:\Users\Kevin\AppData\Local\Temp\cinehome-hls-new-batman-series-s01e04\seg_0250.ts: 391.67 MiB / 391.67 MiB  74.09 MiB/s
C:\Users\Kevin\AppData\Local\Temp\cinehome-hls-new-batman-series-s01e04\seg_0251.ts: 391.89 MiB / 391.89 MiB  74.13 MiB/s
C:\Users\Kevin\AppData\Local\Temp\cinehome-hls-new-batman-series-s01e04\seg_0251.ts: 392.11 MiB / 392.11 MiB  74.16 MiB/s
C:\Users\Kevin\AppData\Local\Temp\cinehome-hls-new-batman-series-s01e04\seg_0252.ts: 392.32 MiB / 392.32 MiB  74.19 MiB/s
C:\Users\Kevin\AppData\Local\Temp\cinehome-hls-new-batman-series-s01e04\seg_0252.ts: 392.52 MiB / 392.52 MiB  74.23 MiB/s
C:\Users\Kevin\AppData\Local\Temp\cinehome-hls-new-batman-series-s01e04\seg_0255.ts: 392.72 MiB / 392.72 MiB  74.23 MiB/s
C:\Users\Kevin\AppData\Local\Temp\cinehome-hls-new-batman-series-s01e04\seg_0256.ts: 393.00 MiB / 393.00 MiB  74.27 MiB/s
C:\Users\Kevin\AppData\Local\Temp\cinehome-hls-new-batman-series-s01e04\seg_0257.ts: 393.12 MiB / 393.12 MiB  74.29 MiB/s
C:\Users\Kevin\AppData\Local\Temp\cinehome-hls-new-batman-series-s01e04\seg_0258.ts: 393.30 MiB / 393.30 MiB  74.28 MiB/s
C:\Users\Kevin\AppData\Local\Temp\cinehome-hls-new-batman-series-s01e04\seg_0259.ts: 393.30 MiB / 393.30 MiB  72.93 MiB/s
C:\Users\Kevin\AppData\Local\Temp\cinehome-hls-new-batman-series-s01e04\seg_0259.ts: 393.30 MiB / 393.30 MiB  72.93 MiB/s
C:\Users\Kevin\AppData\Local\Temp\cinehome-hls-new-batman-series-s01e04\seg_0259.ts: 393.30 MiB / 393.30 MiB  71.27 MiB/s
C:\Users\Kevin\AppData\Local\Temp\cinehome-hls-new-batman-series-s01e04\seg_0259.ts: 393.30 MiB / 393.30 MiB  71.27 MiB/s
C:\Users\Kevin\AppData\Local\Temp\cinehome-hls-new-batman-series-s01e04\seg_0259.ts: 393.30 MiB / 393.30 MiB  70.59 MiB/s 5s

 0 B / ? 
 0 B / ? 
 7.69 KiB / 7.69 KiB  75.98 KiB/s
 7.89 KiB / 7.89 KiB  77.94 KiB/s
C:\Users\Kevin\AppData\Local\Temp\cinehome-hls-new-batman-series-s01e05\master.m3u8: 7.90 KiB / 7.90 KiB  77.51 KiB/s
C:\Users\Kevin\AppData\Local\Temp\cinehome-hls-new-batman-series-s01e05\master0.vtt: 8.07 KiB / 8.07 KiB  78.71 KiB/s
C:\Users\Kevin\AppData\Local\Temp\cinehome-hls-new-batman-series-s01e05\master0.vtt: 8.27 KiB / 8.27 KiB  80.26 KiB/s
C:\Users\Kevin\AppData\Local\Temp\cinehome-hls-new-batman-series-s01e05\master0.vtt: 8.28 KiB / 8.28 KiB  79.86 KiB/s
C:\Users\Kevin\AppData\Local\Temp\cinehome-hls-new-batman-series-s01e05\master100.vtt: 8.52 KiB / 8.52 KiB  82.24 KiB/s
C:\Users\Kevin\AppData\Local\Temp\cinehome-hls-new-batman-series-s01e05\master101.vtt: 8.53 KiB / 8.53 KiB  81.83 KiB/s
C:\Users\Kevin\AppData\Local\Temp\cinehome-hls-new-batman-series-s01e05\master101.vtt: 8.57 KiB / 8.57 KiB  81.82 KiB/s
C:\Users\Kevin\AppData\Local\Temp\cinehome-hls-new-batman-series-s01e05\master101.vtt: 8.67 KiB / 8.67 KiB  82.78 KiB/s
C:\Users\Kevin\AppData\Local\Temp\cinehome-hls-new-batman-series-s01e05\master101.vtt: 8.79 KiB / 8.79 KiB  83.47 KiB/s
C:\Users\Kevin\AppData\Local\Temp\cinehome-hls-new-batman-series-s01e05\master103.vtt: 8.88 KiB / 8.88 KiB  84.30 KiB/s
C:\Users\Kevin\AppData\Local\Temp\cinehome-hls-new-batman-series-s01e05\master103.vtt: 9.08 KiB / 9.08 KiB  86.19 KiB/s
C:\Users\Kevin\AppData\Local\Temp\cinehome-hls-new-batman-series-s01e05\master108.vtt: 9.12 KiB / 9.12 KiB  79.56 KiB/s
C:\Users\Kevin\AppData\Local\Temp\cinehome-hls-new-batman-series-s01e05\master109.vtt: 9.31 KiB / 9.31 KiB  75.34 KiB/s
C:\Users\Kevin\AppData\Local\Temp\cinehome-hls-new-batman-series-s01e05\master11.vtt: 9.35 KiB / 9.35 KiB  75.34 KiB/s
C:\Users\Kevin\AppData\Local\Temp\cinehome-hls-new-batman-series-s01e05\master110.vtt: 9.36 KiB / 9.36 KiB  75.08 KiB/s
C:\Users\Kevin\AppData\Local\Temp\cinehome-hls-new-batman-series-s01e05\master110.vtt: 9.36 KiB / 9.36 KiB  70.66 KiB/s
C:\Users\Kevin\AppData\Local\Temp\cinehome-hls-new-batman-series-s01e05\master110.vtt: 9.36 KiB / 9.36 KiB  70.66 KiB/s
C:\Users\Kevin\AppData\Local\Temp\cinehome-hls-new-batman-series-s01e05\master111.vtt: 9.54 KiB / 9.54 KiB  71.79 KiB/s
C:\Users\Kevin\AppData\Local\Temp\cinehome-hls-new-batman-series-s01e05\master111.vtt: 9.74 KiB / 9.74 KiB  73.25 KiB/s
C:\Users\Kevin\AppData\Local\Temp\cinehome-hls-new-batman-series-s01e05\master113.vtt: 9.87 KiB / 9.87 KiB  73.91 KiB/s
C:\Users\Kevin\AppData\Local\Temp\cinehome-hls-new-batman-series-s01e05\master114.vtt: 9.97 KiB / 9.97 KiB  72.14 KiB/s
C:\Users\Kevin\AppData\Local\Temp\cinehome-hls-new-batman-series-s01e05\master115.vtt: 10.14 KiB / 10.14 KiB  73.38 KiB/s
C:\Users\Kevin\AppData\Local\Temp\cinehome-hls-new-batman-series-s01e05\master116.vtt: 10.25 KiB / 10.25 KiB  72.12 KiB/s
C:\Users\Kevin\AppData\Local\Temp\cinehome-hls-new-batman-series-s01e05\master117.vtt: 10.37 KiB / 10.37 KiB  71.61 KiB/s
C:\Users\Kevin\AppData\Local\Temp\cinehome-hls-new-batman-series-s01e05\master118.vtt: 10.49 KiB / 10.49 KiB  68.70 KiB/s
C:\Users\Kevin\AppData\Local\Temp\cinehome-hls-new-batman-series-s01e05\master119.vtt: 10.60 KiB / 10.60 KiB  69.21 KiB/s
C:\Users\Kevin\AppData\Local\Temp\cinehome-hls-new-batman-series-s01e05\master12.vtt: 10.83 KiB / 10.83 KiB  69.36 KiB/s
C:\Users\Kevin\AppData\Local\Temp\cinehome-hls-new-batman-series-s01e05\master120.vtt: 11.04 KiB / 11.04 KiB  67.04 KiB/s
C:\Users\Kevin\AppData\Local\Temp\cinehome-hls-new-batman-series-s01e05\master121.vtt: 11.18 KiB / 11.18 KiB  67.17 KiB/s
C:\Users\Kevin\AppData\Local\Temp\cinehome-hls-new-batman-series-s01e05\master121.vtt: 11.33 KiB / 11.33 KiB  68.06 KiB/s
C:\Users\Kevin\AppData\Local\Temp\cinehome-hls-new-batman-series-s01e05\master123.vtt: 11.33 KiB / 11.33 KiB  65.83 KiB/s
C:\Users\Kevin\AppData\Local\Temp\cinehome-hls-new-batman-series-s01e05\master123.vtt: 11.48 KiB / 11.48 KiB  66.68 KiB/s
C:\Users\Kevin\AppData\Local\Temp\cinehome-hls-new-batman-series-s01e05\master125.vtt: 11.53 KiB / 11.53 KiB  66.32 KiB/s
C:\Users\Kevin\AppData\Local\Temp\cinehome-hls-new-batman-series-s01e05\master126.vtt: 11.54 KiB / 11.54 KiB  66.16 KiB/s
C:\Users\Kevin\AppData\Local\Temp\cinehome-hls-new-batman-series-s01e05\master127.vtt: 11.54 KiB / 11.54 KiB  65.54 KiB/s
C:\Users\Kevin\AppData\Local\Temp\cinehome-hls-new-batman-series-s01e05\master128.vtt: 11.60 KiB / 11.60 KiB  64.65 KiB/s
C:\Users\Kevin\AppData\Local\Temp\cinehome-hls-new-batman-series-s01e05\master129.vtt: 11.80 KiB / 11.80 KiB  64.83 KiB/s
C:\Users\Kevin\AppData\Local\Temp\cinehome-hls-new-batman-series-s01e05\master13.vtt: 11.81 KiB / 11.81 KiB  62.98 KiB/s
C:\Users\Kevin\AppData\Local\Temp\cinehome-hls-new-batman-series-s01e05\master130.vtt: 11.87 KiB / 11.87 KiB  63.28 KiB/s
C:\Users\Kevin\AppData\Local\Temp\cinehome-hls-new-batman-series-s01e05\master131.vtt: 11.87 KiB / 11.87 KiB  61.47 KiB/s
C:\Users\Kevin\AppData\Local\Temp\cinehome-hls-new-batman-series-s01e05\master131.vtt: 11.88 KiB / 11.88 KiB  61.50 KiB/s
C:\Users\Kevin\AppData\Local\Temp\cinehome-hls-new-batman-series-s01e05\master133.vtt: 11.93 KiB / 11.93 KiB  60.12 KiB/s
C:\Users\Kevin\AppData\Local\Temp\cinehome-hls-new-batman-series-s01e05\master134.vtt: 11.94 KiB / 11.94 KiB  58.59 KiB/s
C:\Users\Kevin\AppData\Local\Temp\cinehome-hls-new-batman-series-s01e05\master135.vtt: 11.95 KiB / 11.95 KiB  55.07 KiB/s
C:\Users\Kevin\AppData\Local\Temp\cinehome-hls-new-batman-series-s01e05\master136.vtt: 12.00 KiB / 12.00 KiB  54.06 KiB/s
C:\Users\Kevin\AppData\Local\Temp\cinehome-hls-new-batman-series-s01e05\master137.vtt: 12.00 KiB / 12.00 KiB  50.37 KiB/s
C:\Users\Kevin\AppData\Local\Temp\cinehome-hls-new-batman-series-s01e05\master138.vtt: 12.01 KiB / 12.01 KiB  49.86 KiB/s
C:\Users\Kevin\AppData\Local\Temp\cinehome-hls-new-batman-series-s01e05\master138.vtt: 12.07 KiB / 12.07 KiB  50.12 KiB/s
C:\Users\Kevin\AppData\Local\Temp\cinehome-hls-new-batman-series-s01e05\master14.vtt: 12.12 KiB / 12.12 KiB  50.19 KiB/s
C:\Users\Kevin\AppData\Local\Temp\cinehome-hls-new-batman-series-s01e05\master140.vtt: 12.24 KiB / 12.24 KiB  50.49 KiB/s
C:\Users\Kevin\AppData\Local\Temp\cinehome-hls-new-batman-series-s01e05\master141.vtt: 12.36 KiB / 12.36 KiB  50.72 KiB/s
C:\Users\Kevin\AppData\Local\Temp\cinehome-hls-new-batman-series-s01e05\master142.vtt: 12.56 KiB / 12.56 KiB  51.43 KiB/s
C:\Users\Kevin\AppData\Local\Temp\cinehome-hls-new-batman-series-s01e05\master143.vtt: 12.63 KiB / 12.63 KiB  51.39 KiB/s
C:\Users\Kevin\AppData\Local\Temp\cinehome-hls-new-batman-series-s01e05\master144.vtt: 12.89 KiB / 12.89 KiB  51.93 KiB/s
C:\Users\Kevin\AppData\Local\Temp\cinehome-hls-new-batman-series-s01e05\master145.vtt: 13.01 KiB / 13.01 KiB  51.60 KiB/s
C:\Users\Kevin\AppData\Local\Temp\cinehome-hls-new-batman-series-s01e05\master146.vtt: 13.06 KiB / 13.06 KiB  51.61 KiB/s
C:\Users\Kevin\AppData\Local\Temp\cinehome-hls-new-batman-series-s01e05\master147.vtt: 13.07 KiB / 13.07 KiB  51.63 KiB/s
C:\Users\Kevin\AppData\Local\Temp\cinehome-hls-new-batman-series-s01e05\master147.vtt: 13.07 KiB / 13.07 KiB  50.76 KiB/s
C:\Users\Kevin\AppData\Local\Temp\cinehome-hls-new-batman-series-s01e05\master147.vtt: 13.07 KiB / 13.07 KiB  50.51 KiB/s
C:\Users\Kevin\AppData\Local\Temp\cinehome-hls-new-batman-series-s01e05\master148.vtt: 13.07 KiB / 13.07 KiB  48.28 KiB/s
C:\Users\Kevin\AppData\Local\Temp\cinehome-hls-new-batman-series-s01e05\master149.vtt: 13.23 KiB / 13.23 KiB  48.62 KiB/s
C:\Users\Kevin\AppData\Local\Temp\cinehome-hls-new-batman-series-s01e05\master15.vtt: 13.24 KiB / 13.24 KiB  48.55 KiB/s
C:\Users\Kevin\AppData\Local\Temp\cinehome-hls-new-batman-series-s01e05\master150.vtt: 13.25 KiB / 13.25 KiB  48.48 KiB/s
C:\Users\Kevin\AppData\Local\Temp\cinehome-hls-new-batman-series-s01e05\master151.vtt: 13.25 KiB / 13.25 KiB  48.23 KiB/s
C:\Users\Kevin\AppData\Local\Temp\cinehome-hls-new-batman-series-s01e05\master152.vtt: 13.34 KiB / 13.34 KiB  48.25 KiB/s
C:\Users\Kevin\AppData\Local\Temp\cinehome-hls-new-batman-series-s01e05\master153.vtt: 13.46 KiB / 13.46 KiB  48.70 KiB/s
C:\Users\Kevin\AppData\Local\Temp\cinehome-hls-new-batman-series-s01e05\master154.vtt: 13.55 KiB / 13.55 KiB  48.73 KiB/s
C:\Users\Kevin\AppData\Local\Temp\cinehome-hls-new-batman-series-s01e05\master155.vtt: 13.71 KiB / 13.71 KiB  48.96 KiB/s
C:\Users\Kevin\AppData\Local\Temp\cinehome-hls-new-batman-series-s01e05\master156.vtt: 13.81 KiB / 13.81 KiB  49.23 KiB/s
C:\Users\Kevin\AppData\Local\Temp\cinehome-hls-new-batman-series-s01e05\master156.vtt: 13.90 KiB / 13.90 KiB  49.55 KiB/s
C:\Users\Kevin\AppData\Local\Temp\cinehome-hls-new-batman-series-s01e05\master158.vtt: 14.00 KiB / 14.00 KiB  49.29 KiB/s
C:\Users\Kevin\AppData\Local\Temp\cinehome-hls-new-batman-series-s01e05\master159.vtt: 14.07 KiB / 14.07 KiB  48.31 KiB/s
C:\Users\Kevin\AppData\Local\Temp\cinehome-hls-new-batman-series-s01e05\master16.vtt: 14.27 KiB / 14.27 KiB  48.64 KiB/s
C:\Users\Kevin\AppData\Local\Temp\cinehome-hls-new-batman-series-s01e05\master160.vtt: 14.51 KiB / 14.51 KiB  46.61 KiB/s
C:\Users\Kevin\AppData\Local\Temp\cinehome-hls-new-batman-series-s01e05\master161.vtt: 14.65 KiB / 14.65 KiB  46.71 KiB/s
C:\Users\Kevin\AppData\Local\Temp\cinehome-hls-new-batman-series-s01e05\master162.vtt: 14.70 KiB / 14.70 KiB  46.54 KiB/s
C:\Users\Kevin\AppData\Local\Temp\cinehome-hls-new-batman-series-s01e05\master162.vtt: 14.78 KiB / 14.78 KiB  46.78 KiB/s
C:\Users\Kevin\AppData\Local\Temp\cinehome-hls-new-batman-series-s01e05\master164.vtt: 14.78 KiB / 14.78 KiB  46.71 KiB/s
C:\Users\Kevin\AppData\Local\Temp\cinehome-hls-new-batman-series-s01e05\master164.vtt: 15.00 KiB / 15.00 KiB  47.32 KiB/s
C:\Users\Kevin\AppData\Local\Temp\cinehome-hls-new-batman-series-s01e05\master165.vtt: 15.01 KiB / 15.01 KiB  47.34 KiB/s
C:\Users\Kevin\AppData\Local\Temp\cinehome-hls-new-batman-series-s01e05\master165.vtt: 15.01 KiB / 15.01 KiB  47.26 KiB/s
C:\Users\Kevin\AppData\Local\Temp\cinehome-hls-new-batman-series-s01e05\master168.vtt: 15.07 KiB / 15.07 KiB  47.35 KiB/s
C:\Users\Kevin\AppData\Local\Temp\cinehome-hls-new-batman-series-s01e05\master168.vtt: 15.12 KiB / 15.12 KiB  47.35 KiB/s
C:\Users\Kevin\AppData\Local\Temp\cinehome-hls-new-batman-series-s01e05\master168.vtt: 15.12 KiB / 15.12 KiB  47.37 KiB/s
C:\Users\Kevin\AppData\Local\Temp\cinehome-hls-new-batman-series-s01e05\master168.vtt: 15.13 KiB / 15.13 KiB  47.31 KiB/s
C:\Users\Kevin\AppData\Local\Temp\cinehome-hls-new-batman-series-s01e05\master171.vtt: 15.14 KiB / 15.14 KiB  43.08 KiB/s
C:\Users\Kevin\AppData\Local\Temp\cinehome-hls-new-batman-series-s01e05\master172.vtt: 15.14 KiB / 15.14 KiB  43.02 KiB/s
C:\Users\Kevin\AppData\Local\Temp\cinehome-hls-new-batman-series-s01e05\master172.vtt: 15.21 KiB / 15.21 KiB  43.14 KiB/s
C:\Users\Kevin\AppData\Local\Temp\cinehome-hls-new-batman-series-s01e05\master172.vtt: 15.22 KiB / 15.22 KiB  43.16 KiB/s
C:\Users\Kevin\AppData\Local\Temp\cinehome-hls-new-batman-series-s01e05\master173.vtt: 15.28 KiB / 15.28 KiB  43.28 KiB/s
C:\Users\Kevin\AppData\Local\Temp\cinehome-hls-new-batman-series-s01e05\master173.vtt: 15.36 KiB / 15.36 KiB  43.43 KiB/s
C:\Users\Kevin\AppData\Local\Temp\cinehome-hls-new-batman-series-s01e05\master173.vtt: 15.50 KiB / 15.50 KiB  43.83 KiB/s
C:\Users\Kevin\AppData\Local\Temp\cinehome-hls-new-batman-series-s01e05\master173.vtt: 15.54 KiB / 15.54 KiB  43.88 KiB/s
C:\Users\Kevin\AppData\Local\Temp\cinehome-hls-new-batman-series-s01e05\master176.vtt: 15.77 KiB / 15.77 KiB  44.54 KiB/s
C:\Users\Kevin\AppData\Local\Temp\cinehome-hls-new-batman-series-s01e05\master176.vtt: 15.85 KiB / 15.85 KiB  44.68 KiB/s
C:\Users\Kevin\AppData\Local\Temp\cinehome-hls-new-batman-series-s01e05\master18.vtt: 15.91 KiB / 15.91 KiB  44.85 KiB/s
C:\Users\Kevin\AppData\Local\Temp\cinehome-hls-new-batman-series-s01e05\master180.vtt: 15.96 KiB / 15.96 KiB  44.87 KiB/s
C:\Users\Kevin\AppData\Local\Temp\cinehome-hls-new-batman-series-s01e05\master181.vtt: 15.96 KiB / 15.96 KiB  41.73 KiB/s
C:\Users\Kevin\AppData\Local\Temp\cinehome-hls-new-batman-series-s01e05\master181.vtt: 15.96 KiB / 15.96 KiB  41.58 KiB/s
C:\Users\Kevin\AppData\Local\Temp\cinehome-hls-new-batman-series-s01e05\master182.vtt: 16.01 KiB / 16.01 KiB  41.11 KiB/s
C:\Users\Kevin\AppData\Local\Temp\cinehome-hls-new-batman-series-s01e05\master182.vtt: 16.05 KiB / 16.05 KiB  41.16 KiB/s
C:\Users\Kevin\AppData\Local\Temp\cinehome-hls-new-batman-series-s01e05\master182.vtt: 16.08 KiB / 16.08 KiB  41.24 KiB/s
C:\Users\Kevin\AppData\Local\Temp\cinehome-hls-new-batman-series-s01e05\master182.vtt: 16.13 KiB / 16.13 KiB  41.35 KiB/s
C:\Users\Kevin\AppData\Local\Temp\cinehome-hls-new-batman-series-s01e05\master182.vtt: 16.14 KiB / 16.14 KiB  41.37 KiB/s
C:\Users\Kevin\AppData\Local\Temp\cinehome-hls-new-batman-series-s01e05\master182.vtt: 16.19 KiB / 16.19 KiB  41.42 KiB/s
C:\Users\Kevin\AppData\Local\Temp\cinehome-hls-new-batman-series-s01e05\master182.vtt: 16.23 KiB / 16.23 KiB  41.53 KiB/s
C:\Users\Kevin\AppData\Local\Temp\cinehome-hls-new-batman-series-s01e05\master185.vtt: 16.28 KiB / 16.28 KiB  41.65 KiB/s
C:\Users\Kevin\AppData\Local\Temp\cinehome-hls-new-batman-series-s01e05\master187.vtt: 16.40 KiB / 16.40 KiB  41.92 KiB/s
C:\Users\Kevin\AppData\Local\Temp\cinehome-hls-new-batman-series-s01e05\master19.vtt: 16.48 KiB / 16.48 KiB  42.01 KiB/s
C:\Users\Kevin\AppData\Local\Temp\cinehome-hls-new-batman-series-s01e05\master190.vtt: 16.58 KiB / 16.58 KiB  42.21 KiB/s
C:\Users\Kevin\AppData\Local\Temp\cinehome-hls-new-batman-series-s01e05\master191.vtt: 16.71 KiB / 16.71 KiB  42.53 KiB/s
C:\Users\Kevin\AppData\Local\Temp\cinehome-hls-new-batman-series-s01e05\master192.vtt: 16.71 KiB / 16.71 KiB  29.41 KiB/s
C:\Users\Kevin\AppData\Local\Temp\cinehome-hls-new-batman-series-s01e05\master193.vtt: 16.72 KiB / 16.72 KiB  29.36 KiB/s
C:\Users\Kevin\AppData\Local\Temp\cinehome-hls-new-batman-series-s01e05\master193.vtt: 16.72 KiB / 16.72 KiB  29.31 KiB/s
C:\Users\Kevin\AppData\Local\Temp\cinehome-hls-new-batman-series-s01e05\master193.vtt: 16.72 KiB / 16.72 KiB  29.30 KiB/s
C:\Users\Kevin\AppData\Local\Temp\cinehome-hls-new-batman-series-s01e05\master193.vtt: 16.73 KiB / 16.73 KiB  29.31 KiB/s
C:\Users\Kevin\AppData\Local\Temp\cinehome-hls-new-batman-series-s01e05\master193.vtt: 16.77 KiB / 16.77 KiB  29.38 KiB/s
C:\Users\Kevin\AppData\Local\Temp\cinehome-hls-new-batman-series-s01e05\master193.vtt: 16.81 KiB / 16.81 KiB  29.42 KiB/s
C:\Users\Kevin\AppData\Local\Temp\cinehome-hls-new-batman-series-s01e05\master193.vtt: 16.86 KiB / 16.86 KiB  29.51 KiB/s
C:\Users\Kevin\AppData\Local\Temp\cinehome-hls-new-batman-series-s01e05\master197.vtt: 16.90 KiB / 16.90 KiB  29.56 KiB/s
C:\Users\Kevin\AppData\Local\Temp\cinehome-hls-new-batman-series-s01e05\master197.vtt: 16.91 KiB / 16.91 KiB  29.51 KiB/s
C:\Users\Kevin\AppData\Local\Temp\cinehome-hls-new-batman-series-s01e05\master20.vtt: 16.92 KiB / 16.92 KiB  28.18 KiB/s
C:\Users\Kevin\AppData\Local\Temp\cinehome-hls-new-batman-series-s01e05\master200.vtt: 17.00 KiB / 17.00 KiB  28.24 KiB/s
C:\Users\Kevin\AppData\Local\Temp\cinehome-hls-new-batman-series-s01e05\master201.vtt: 17.04 KiB / 17.04 KiB  28.24 KiB/s
C:\Users\Kevin\AppData\Local\Temp\cinehome-hls-new-batman-series-s01e05\master202.vtt: 17.18 KiB / 17.18 KiB  28.41 KiB/s
C:\Users\Kevin\AppData\Local\Temp\cinehome-hls-new-batman-series-s01e05\master203.vtt: 17.18 KiB / 17.18 KiB  28.42 KiB/s
C:\Users\Kevin\AppData\Local\Temp\cinehome-hls-new-batman-series-s01e05\master204.vtt: 17.26 KiB / 17.26 KiB  28.53 KiB/s
C:\Users\Kevin\AppData\Local\Temp\cinehome-hls-new-batman-series-s01e05\master205.vtt: 17.40 KiB / 17.40 KiB  28.74 KiB/s
C:\Users\Kevin\AppData\Local\Temp\cinehome-hls-new-batman-series-s01e05\master205.vtt: 17.51 KiB / 17.51 KiB  28.89 KiB/s
C:\Users\Kevin\AppData\Local\Temp\cinehome-hls-new-batman-series-s01e05\master205.vtt: 17.57 KiB / 17.57 KiB  28.99 KiB/s
C:\Users\Kevin\AppData\Local\Temp\cinehome-hls-new-batman-series-s01e05\master205.vtt: 17.58 KiB / 17.58 KiB  28.98 KiB/s
C:\Users\Kevin\AppData\Local\Temp\cinehome-hls-new-batman-series-s01e05\master205.vtt: 17.69 KiB / 17.69 KiB  29.16 KiB/s
C:\Users\Kevin\AppData\Local\Temp\cinehome-hls-new-batman-series-s01e05\master205.vtt: 17.76 KiB / 17.76 KiB  29.28 KiB/s
C:\Users\Kevin\AppData\Local\Temp\cinehome-hls-new-batman-series-s01e05\master210.vtt: 17.80 KiB / 17.80 KiB  29.03 KiB/s
C:\Users\Kevin\AppData\Local\Temp\cinehome-hls-new-batman-series-s01e05\master211.vtt: 17.84 KiB / 17.84 KiB  29.01 KiB/s
C:\Users\Kevin\AppData\Local\Temp\cinehome-hls-new-batman-series-s01e05\master212.vtt: 17.89 KiB / 17.89 KiB  29.02 KiB/s
C:\Users\Kevin\AppData\Local\Temp\cinehome-hls-new-batman-series-s01e05\master212.vtt: 17.93 KiB / 17.93 KiB  29.09 KiB/s
C:\Users\Kevin\AppData\Local\Temp\cinehome-hls-new-batman-series-s01e05\master214.vtt: 17.98 KiB / 17.98 KiB  28.78 KiB/s
C:\Users\Kevin\AppData\Local\Temp\cinehome-hls-new-batman-series-s01e05\master215.vtt: 18.08 KiB / 18.08 KiB  28.77 KiB/s
C:\Users\Kevin\AppData\Local\Temp\cinehome-hls-new-batman-series-s01e05\master216.vtt: 18.18 KiB / 18.18 KiB  28.84 KiB/s
C:\Users\Kevin\AppData\Local\Temp\cinehome-hls-new-batman-series-s01e05\master217.vtt: 18.18 KiB / 18.18 KiB  28.69 KiB/s
C:\Users\Kevin\AppData\Local\Temp\cinehome-hls-new-batman-series-s01e05\master218.vtt: 18.24 KiB / 18.24 KiB  28.58 KiB/s
C:\Users\Kevin\AppData\Local\Temp\cinehome-hls-new-batman-series-s01e05\master219.vtt: 18.48 KiB / 18.48 KiB  28.83 KiB/s
C:\Users\Kevin\AppData\Local\Temp\cinehome-hls-new-batman-series-s01e05\master22.vtt: 18.49 KiB / 18.49 KiB  28.82 KiB/s
C:\Users\Kevin\AppData\Local\Temp\cinehome-hls-new-batman-series-s01e05\master220.vtt: 18.64 KiB / 18.64 KiB  29.02 KiB/s
C:\Users\Kevin\AppData\Local\Temp\cinehome-hls-new-batman-series-s01e05\master221.vtt: 18.72 KiB / 18.72 KiB  28.73 KiB/s
C:\Users\Kevin\AppData\Local\Temp\cinehome-hls-new-batman-series-s01e05\master222.vtt: 18.81 KiB / 18.81 KiB  28.84 KiB/s
C:\Users\Kevin\AppData\Local\Temp\cinehome-hls-new-batman-series-s01e05\master223.vtt: 18.81 KiB / 18.81 KiB  28.70 KiB/s
C:\Users\Kevin\AppData\Local\Temp\cinehome-hls-new-batman-series-s01e05\master224.vtt: 18.89 KiB / 18.89 KiB  28.50 KiB/s
C:\Users\Kevin\AppData\Local\Temp\cinehome-hls-new-batman-series-s01e05\master225.vtt: 18.99 KiB / 18.99 KiB  28.48 KiB/s
C:\Users\Kevin\AppData\Local\Temp\cinehome-hls-new-batman-series-s01e05\master225.vtt: 19.04 KiB / 19.04 KiB  27.85 KiB/s
C:\Users\Kevin\AppData\Local\Temp\cinehome-hls-new-batman-series-s01e05\master225.vtt: 19.09 KiB / 19.09 KiB  27.92 KiB/s
C:\Users\Kevin\AppData\Local\Temp\cinehome-hls-new-batman-series-s01e05\master228.vtt: 19.10 KiB / 19.10 KiB  27.86 KiB/s
C:\Users\Kevin\AppData\Local\Temp\cinehome-hls-new-batman-series-s01e05\master228.vtt: 19.36 KiB / 19.36 KiB  28.23 KiB/s
C:\Users\Kevin\AppData\Local\Temp\cinehome-hls-new-batman-series-s01e05\master23.vtt: 19.50 KiB / 19.50 KiB  28.39 KiB/s
C:\Users\Kevin\AppData\Local\Temp\cinehome-hls-new-batman-series-s01e05\master230.vtt: 19.66 KiB / 19.66 KiB  28.58 KiB/s
C:\Users\Kevin\AppData\Local\Temp\cinehome-hls-new-batman-series-s01e05\master231.vtt: 19.79 KiB / 19.79 KiB  28.72 KiB/s
C:\Users\Kevin\AppData\Local\Temp\cinehome-hls-new-batman-series-s01e05\master232.vtt: 19.84 KiB / 19.84 KiB  28.66 KiB/s
C:\Users\Kevin\AppData\Local\Temp\cinehome-hls-new-batman-series-s01e05\master232.vtt: 19.84 KiB / 19.84 KiB  28.55 KiB/s
C:\Users\Kevin\AppData\Local\Temp\cinehome-hls-new-batman-series-s01e05\master232.vtt: 19.84 KiB / 19.84 KiB  28.53 KiB/s
C:\Users\Kevin\AppData\Local\Temp\cinehome-hls-new-batman-series-s01e05\master232.vtt: 19.85 KiB / 19.85 KiB  28.49 KiB/s
C:\Users\Kevin\AppData\Local\Temp\cinehome-hls-new-batman-series-s01e05\master232.vtt: 19.90 KiB / 19.90 KiB  28.57 KiB/s
C:\Users\Kevin\AppData\Local\Temp\cinehome-hls-new-batman-series-s01e05\master232.vtt: 19.91 KiB / 19.91 KiB  28.58 KiB/s
C:\Users\Kevin\AppData\Local\Temp\cinehome-hls-new-batman-series-s01e05\master236.vtt: 19.92 KiB / 19.92 KiB  28.54 KiB/s
C:\Users\Kevin\AppData\Local\Temp\cinehome-hls-new-batman-series-s01e05\master237.vtt: 19.92 KiB / 19.92 KiB  28.03 KiB/s
C:\Users\Kevin\AppData\Local\Temp\cinehome-hls-new-batman-series-s01e05\master238.vtt: 19.93 KiB / 19.93 KiB  27.95 KiB/s
C:\Users\Kevin\AppData\Local\Temp\cinehome-hls-new-batman-series-s01e05\master239.vtt: 19.94 KiB / 19.94 KiB  27.44 KiB/s
C:\Users\Kevin\AppData\Local\Temp\cinehome-hls-new-batman-series-s01e05\master24.vtt: 19.94 KiB / 19.94 KiB  27.43 KiB/s
C:\Users\Kevin\AppData\Local\Temp\cinehome-hls-new-batman-series-s01e05\master240.vtt: 19.95 KiB / 19.95 KiB  27.41 KiB/s
C:\Users\Kevin\AppData\Local\Temp\cinehome-hls-new-batman-series-s01e05\master240.vtt: 19.96 KiB / 19.96 KiB  27.42 KiB/s
C:\Users\Kevin\AppData\Local\Temp\cinehome-hls-new-batman-series-s01e05\master242.vtt: 19.96 KiB / 19.96 KiB  27.22 KiB/s
C:\Users\Kevin\AppData\Local\Temp\cinehome-hls-new-batman-series-s01e05\master242.vtt: 19.97 KiB / 19.97 KiB  27.23 KiB/s
C:\Users\Kevin\AppData\Local\Temp\cinehome-hls-new-batman-series-s01e05\master243.vtt: 19.98 KiB / 19.98 KiB  27.22 KiB/s
C:\Users\Kevin\AppData\Local\Temp\cinehome-hls-new-batman-series-s01e05\master244.vtt: 19.98 KiB / 19.98 KiB  27.23 KiB/s
C:\Users\Kevin\AppData\Local\Temp\cinehome-hls-new-batman-series-s01e05\master244.vtt: 19.99 KiB / 19.99 KiB  27.22 KiB/s
C:\Users\Kevin\AppData\Local\Temp\cinehome-hls-new-batman-series-s01e05\master244.vtt: 20.00 KiB / 20.00 KiB  27.23 KiB/s
C:\Users\Kevin\AppData\Local\Temp\cinehome-hls-new-batman-series-s01e05\master244.vtt: 20.00 KiB / 20.00 KiB  27.22 KiB/s
C:\Users\Kevin\AppData\Local\Temp\cinehome-hls-new-batman-series-s01e05\master246.vtt: 20.13 KiB / 20.13 KiB  27.39 KiB/s
C:\Users\Kevin\AppData\Local\Temp\cinehome-hls-new-batman-series-s01e05\master25.vtt: 20.14 KiB / 20.14 KiB  26.37 KiB/s
C:\Users\Kevin\AppData\Local\Temp\cinehome-hls-new-batman-series-s01e05\master250.vtt: 20.15 KiB / 20.15 KiB  26.24 KiB/s
C:\Users\Kevin\AppData\Local\Temp\cinehome-hls-new-batman-series-s01e05\master250.vtt: 20.15 KiB / 20.15 KiB  26.25 KiB/s
C:\Users\Kevin\AppData\Local\Temp\cinehome-hls-new-batman-series-s01e05\master251.vtt: 20.16 KiB / 20.16 KiB  26.24 KiB/s
C:\Users\Kevin\AppData\Local\Temp\cinehome-hls-new-batman-series-s01e05\master251.vtt: 20.17 KiB / 20.17 KiB  26.25 KiB/s
C:\Users\Kevin\AppData\Local\Temp\cinehome-hls-new-batman-series-s01e05\master251.vtt: 20.17 KiB / 20.17 KiB  26.24 KiB/s
C:\Users\Kevin\AppData\Local\Temp\cinehome-hls-new-batman-series-s01e05\master251.vtt: 20.18 KiB / 20.18 KiB  26.25 KiB/s
C:\Users\Kevin\AppData\Local\Temp\cinehome-hls-new-batman-series-s01e05\master251.vtt: 20.19 KiB / 20.19 KiB  26.25 KiB/s
C:\Users\Kevin\AppData\Local\Temp\cinehome-hls-new-batman-series-s01e05\master251.vtt: 20.30 KiB / 20.30 KiB  26.40 KiB/s
C:\Users\Kevin\AppData\Local\Temp\cinehome-hls-new-batman-series-s01e05\master251.vtt: 20.41 KiB / 20.41 KiB  26.55 KiB/s
C:\Users\Kevin\AppData\Local\Temp\cinehome-hls-new-batman-series-s01e05\master251.vtt: 20.58 KiB / 20.58 KiB  26.76 KiB/s
C:\Users\Kevin\AppData\Local\Temp\cinehome-hls-new-batman-series-s01e05\master251.vtt: 20.75 KiB / 20.75 KiB  26.98 KiB/s
C:\Users\Kevin\AppData\Local\Temp\cinehome-hls-new-batman-series-s01e05\master29.vtt: 20.91 KiB / 20.91 KiB  26.18 KiB/s
C:\Users\Kevin\AppData\Local\Temp\cinehome-hls-new-batman-series-s01e05\master3.vtt: 21.01 KiB / 21.01 KiB  26.21 KiB/s
C:\Users\Kevin\AppData\Local\Temp\cinehome-hls-new-batman-series-s01e05\master30.vtt: 21.11 KiB / 21.11 KiB  26.25 KiB/s
C:\Users\Kevin\AppData\Local\Temp\cinehome-hls-new-batman-series-s01e05\master31.vtt: 21.27 KiB / 21.27 KiB  26.36 KiB/s
C:\Users\Kevin\AppData\Local\Temp\cinehome-hls-new-batman-series-s01e05\master31.vtt: 21.28 KiB / 21.28 KiB  26.37 KiB/s
C:\Users\Kevin\AppData\Local\Temp\cinehome-hls-new-batman-series-s01e05\master31.vtt: 21.44 KiB / 21.44 KiB  26.57 KiB/s
C:\Users\Kevin\AppData\Local\Temp\cinehome-hls-new-batman-series-s01e05\master34.vtt: 21.50 KiB / 21.50 KiB  26.62 KiB/s
C:\Users\Kevin\AppData\Local\Temp\cinehome-hls-new-batman-series-s01e05\master35.vtt: 21.65 KiB / 21.65 KiB  26.76 KiB/s
C:\Users\Kevin\AppData\Local\Temp\cinehome-hls-new-batman-series-s01e05\master35.vtt: 21.71 KiB / 21.71 KiB  26.83 KiB/s
C:\Users\Kevin\AppData\Local\Temp\cinehome-hls-new-batman-series-s01e05\master35.vtt: 21.76 KiB / 21.76 KiB  26.90 KiB/s
C:\Users\Kevin\AppData\Local\Temp\cinehome-hls-new-batman-series-s01e05\master36.vtt: 21.77 KiB / 21.77 KiB  26.89 KiB/s
C:\Users\Kevin\AppData\Local\Temp\cinehome-hls-new-batman-series-s01e05\master36.vtt: 21.84 KiB / 21.84 KiB  26.96 KiB/s
C:\Users\Kevin\AppData\Local\Temp\cinehome-hls-new-batman-series-s01e05\master4.vtt: 21.85 KiB / 21.85 KiB  26.95 KiB/s
C:\Users\Kevin\AppData\Local\Temp\cinehome-hls-new-batman-series-s01e05\master4.vtt: 21.85 KiB / 21.85 KiB  26.64 KiB/s
C:\Users\Kevin\AppData\Local\Temp\cinehome-hls-new-batman-series-s01e05\master4.vtt: 21.85 KiB / 21.85 KiB  26.60 KiB/s
C:\Users\Kevin\AppData\Local\Temp\cinehome-hls-new-batman-series-s01e05\master40.vtt: 21.85 KiB / 21.85 KiB  26.11 KiB/s
C:\Users\Kevin\AppData\Local\Temp\cinehome-hls-new-batman-series-s01e05\master40.vtt: 21.90 KiB / 21.90 KiB  26.12 KiB/s
C:\Users\Kevin\AppData\Local\Temp\cinehome-hls-new-batman-series-s01e05\master40.vtt: 21.91 KiB / 21.91 KiB  26.12 KiB/s
C:\Users\Kevin\AppData\Local\Temp\cinehome-hls-new-batman-series-s01e05\master40.vtt: 21.92 KiB / 21.92 KiB  26.13 KiB/s
C:\Users\Kevin\AppData\Local\Temp\cinehome-hls-new-batman-series-s01e05\master40.vtt: 21.92 KiB / 21.92 KiB  26.14 KiB/s
C:\Users\Kevin\AppData\Local\Temp\cinehome-hls-new-batman-series-s01e05\master45.vtt: 21.93 KiB / 21.93 KiB  25.85 KiB/s
C:\Users\Kevin\AppData\Local\Temp\cinehome-hls-new-batman-series-s01e05\master46.vtt: 22.03 KiB / 22.03 KiB  25.96 KiB/s
C:\Users\Kevin\AppData\Local\Temp\cinehome-hls-new-batman-series-s01e05\master47.vtt: 22.08 KiB / 22.08 KiB  26.00 KiB/s
C:\Users\Kevin\AppData\Local\Temp\cinehome-hls-new-batman-series-s01e05\master47.vtt: 22.12 KiB / 22.12 KiB  26.04 KiB/s
C:\Users\Kevin\AppData\Local\Temp\cinehome-hls-new-batman-series-s01e05\master47.vtt: 22.17 KiB / 22.17 KiB  26.10 KiB/s
C:\Users\Kevin\AppData\Local\Temp\cinehome-hls-new-batman-series-s01e05\master47.vtt: 22.25 KiB / 22.25 KiB  26.19 KiB/s
C:\Users\Kevin\AppData\Local\Temp\cinehome-hls-new-batman-series-s01e05\master5.vtt: 22.29 KiB / 22.29 KiB  26.22 KiB/s
C:\Users\Kevin\AppData\Local\Temp\cinehome-hls-new-batman-series-s01e05\master51.vtt: 22.38 KiB / 22.38 KiB  25.62 KiB/s
C:\Users\Kevin\AppData\Local\Temp\cinehome-hls-new-batman-series-s01e05\master52.vtt: 22.52 KiB / 22.52 KiB  25.69 KiB/s
C:\Users\Kevin\AppData\Local\Temp\cinehome-hls-new-batman-series-s01e05\master53.vtt: 22.70 KiB / 22.70 KiB  25.83 KiB/s
C:\Users\Kevin\AppData\Local\Temp\cinehome-hls-new-batman-series-s01e05\master54.vtt: 23.04 KiB / 23.04 KiB  26.15 KiB/s
C:\Users\Kevin\AppData\Local\Temp\cinehome-hls-new-batman-series-s01e05\master55.vtt: 23.18 KiB / 23.18 KiB  26.28 KiB/s
C:\Users\Kevin\AppData\Local\Temp\cinehome-hls-new-batman-series-s01e05\master56.vtt: 23.19 KiB / 23.19 KiB  26.28 KiB/s
C:\Users\Kevin\AppData\Local\Temp\cinehome-hls-new-batman-series-s01e05\master56.vtt: 23.24 KiB / 23.24 KiB  26.33 KiB/s
C:\Users\Kevin\AppData\Local\Temp\cinehome-hls-new-batman-series-s01e05\master58.vtt: 23.41 KiB / 23.41 KiB  26.50 KiB/s
C:\Users\Kevin\AppData\Local\Temp\cinehome-hls-new-batman-series-s01e05\master58.vtt: 23.42 KiB / 23.42 KiB  26.50 KiB/s
C:\Users\Kevin\AppData\Local\Temp\cinehome-hls-new-batman-series-s01e05\master59.vtt: 23.48 KiB / 23.48 KiB  26.56 KiB/s
C:\Users\Kevin\AppData\Local\Temp\cinehome-hls-new-batman-series-s01e05\master59.vtt: 23.59 KiB / 23.59 KiB  26.69 KiB/s
C:\Users\Kevin\AppData\Local\Temp\cinehome-hls-new-batman-series-s01e05\master61.vtt: 23.60 KiB / 23.60 KiB  26.65 KiB/s
C:\Users\Kevin\AppData\Local\Temp\cinehome-hls-new-batman-series-s01e05\master62.vtt: 23.67 KiB / 23.67 KiB  26.09 KiB/s
C:\Users\Kevin\AppData\Local\Temp\cinehome-hls-new-batman-series-s01e05\master63.vtt: 23.78 KiB / 23.78 KiB  26.18 KiB/s
C:\Users\Kevin\AppData\Local\Temp\cinehome-hls-new-batman-series-s01e05\master64.vtt: 23.96 KiB / 23.96 KiB  26.15 KiB/s
C:\Users\Kevin\AppData\Local\Temp\cinehome-hls-new-batman-series-s01e05\master64.vtt: 24.04 KiB / 24.04 KiB  26.23 KiB/s
C:\Users\Kevin\AppData\Local\Temp\cinehome-hls-new-batman-series-s01e05\master66.vtt: 24.11 KiB / 24.11 KiB  26.29 KiB/s
C:\Users\Kevin\AppData\Local\Temp\cinehome-hls-new-batman-series-s01e05\master66.vtt: 24.34 KiB / 24.34 KiB  26.52 KiB/s
C:\Users\Kevin\AppData\Local\Temp\cinehome-hls-new-batman-series-s01e05\master67.vtt: 24.42 KiB / 24.42 KiB  26.60 KiB/s
C:\Users\Kevin\AppData\Local\Temp\cinehome-hls-new-batman-series-s01e05\master67.vtt: 24.42 KiB / 24.42 KiB  26.59 KiB/s
C:\Users\Kevin\AppData\Local\Temp\cinehome-hls-new-batman-series-s01e05\master67.vtt: 24.57 KiB / 24.57 KiB  26.75 KiB/s
C:\Users\Kevin\AppData\Local\Temp\cinehome-hls-new-batman-series-s01e05\master68.vtt: 24.58 KiB / 24.58 KiB  26.76 KiB/s
C:\Users\Kevin\AppData\Local\Temp\cinehome-hls-new-batman-series-s01e05\master71.vtt: 24.64 KiB / 24.64 KiB  26.80 KiB/s
C:\Users\Kevin\AppData\Local\Temp\cinehome-hls-new-batman-series-s01e05\master71.vtt: 24.85 KiB / 24.85 KiB  27.01 KiB/s
C:\Users\Kevin\AppData\Local\Temp\cinehome-hls-new-batman-series-s01e05\master73.vtt: 24.86 KiB / 24.86 KiB  26.86 KiB/s
C:\Users\Kevin\AppData\Local\Temp\cinehome-hls-new-batman-series-s01e05\master73.vtt: 24.86 KiB / 24.86 KiB  26.30 KiB/s
C:\Users\Kevin\AppData\Local\Temp\cinehome-hls-new-batman-series-s01e05\master74.vtt: 25.00 KiB / 25.00 KiB  26.44 KiB/s
C:\Users\Kevin\AppData\Local\Temp\cinehome-hls-new-batman-series-s01e05\master74.vtt: 25.00 KiB / 25.00 KiB  26.41 KiB/s
C:\Users\Kevin\AppData\Local\Temp\cinehome-hls-new-batman-series-s01e05\master75.vtt: 25.09 KiB / 25.09 KiB  26.17 KiB/s
C:\Users\Kevin\AppData\Local\Temp\cinehome-hls-new-batman-series-s01e05\master75.vtt: 25.09 KiB / 25.09 KiB  26.17 KiB/s
C:\Users\Kevin\AppData\Local\Temp\cinehome-hls-new-batman-series-s01e05\master77.vtt: 25.20 KiB / 25.20 KiB  26.27 KiB/s
C:\Users\Kevin\AppData\Local\Temp\cinehome-hls-new-batman-series-s01e05\master78.vtt: 25.24 KiB / 25.24 KiB  26.26 KiB/s
C:\Users\Kevin\AppData\Local\Temp\cinehome-hls-new-batman-series-s01e05\master79.vtt: 25.24 KiB / 25.24 KiB  26.18 KiB/s
C:\Users\Kevin\AppData\Local\Temp\cinehome-hls-new-batman-series-s01e05\master8.vtt: 25.40 KiB / 25.40 KiB  26.27 KiB/s
C:\Users\Kevin\AppData\Local\Temp\cinehome-hls-new-batman-series-s01e05\master80.vtt: 25.48 KiB / 25.48 KiB  26.36 KiB/s
C:\Users\Kevin\AppData\Local\Temp\cinehome-hls-new-batman-series-s01e05\master80.vtt: 25.53 KiB / 25.53 KiB  26.40 KiB/s
C:\Users\Kevin\AppData\Local\Temp\cinehome-hls-new-batman-series-s01e05\master80.vtt: 25.62 KiB / 25.62 KiB  26.49 KiB/s
C:\Users\Kevin\AppData\Local\Temp\cinehome-hls-new-batman-series-s01e05\master80.vtt: 25.63 KiB / 25.63 KiB  26.48 KiB/s
C:\Users\Kevin\AppData\Local\Temp\cinehome-hls-new-batman-series-s01e05\master80.vtt: 25.63 KiB / 25.63 KiB  26.49 KiB/s
C:\Users\Kevin\AppData\Local\Temp\cinehome-hls-new-batman-series-s01e05\master80.vtt: 25.78 KiB / 25.78 KiB  26.64 KiB/s
C:\Users\Kevin\AppData\Local\Temp\cinehome-hls-new-batman-series-s01e05\master86.vtt: 26.01 KiB / 26.01 KiB  26.19 KiB/s
C:\Users\Kevin\AppData\Local\Temp\cinehome-hls-new-batman-series-s01e05\master87.vtt: 26.02 KiB / 26.02 KiB  26.08 KiB/s
C:\Users\Kevin\AppData\Local\Temp\cinehome-hls-new-batman-series-s01e05\master88.vtt: 26.23 KiB / 26.23 KiB  26.25 KiB/s
C:\Users\Kevin\AppData\Local\Temp\cinehome-hls-new-batman-series-s01e05\master89.vtt: 26.23 KiB / 26.23 KiB  26.24 KiB/s
C:\Users\Kevin\AppData\Local\Temp\cinehome-hls-new-batman-series-s01e05\master89.vtt: 26.24 KiB / 26.24 KiB  26.25 KiB/s
C:\Users\Kevin\AppData\Local\Temp\cinehome-hls-new-batman-series-s01e05\master9.vtt: 26.25 KiB / 26.25 KiB  26.24 KiB/s
C:\Users\Kevin\AppData\Local\Temp\cinehome-hls-new-batman-series-s01e05\master90.vtt: 26.33 KiB / 26.33 KiB  26.33 KiB/s
C:\Users\Kevin\AppData\Local\Temp\cinehome-hls-new-batman-series-s01e05\master91.vtt: 26.47 KiB / 26.47 KiB  26.45 KiB/s
C:\Users\Kevin\AppData\Local\Temp\cinehome-hls-new-batman-series-s01e05\master91.vtt: 26.53 KiB / 26.53 KiB  26.50 KiB/s
C:\Users\Kevin\AppData\Local\Temp\cinehome-hls-new-batman-series-s01e05\master91.vtt: 26.77 KiB / 26.77 KiB  26.73 KiB/s
C:\Users\Kevin\AppData\Local\Temp\cinehome-hls-new-batman-series-s01e05\master93.vtt: 26.91 KiB / 26.91 KiB  26.87 KiB/s
C:\Users\Kevin\AppData\Local\Temp\cinehome-hls-new-batman-series-s01e05\master92.vtt: 26.97 KiB / 26.97 KiB  26.92 KiB/s
C:\Users\Kevin\AppData\Local\Temp\cinehome-hls-new-batman-series-s01e05\master97.vtt: 27.29 KiB / 27.29 KiB  26.84 KiB/s
C:\Users\Kevin\AppData\Local\Temp\cinehome-hls-new-batman-series-s01e05\master98.vtt: 27.30 KiB / 27.30 KiB  26.42 KiB/s
C:\Users\Kevin\AppData\Local\Temp\cinehome-hls-new-batman-series-s01e05\master98.vtt: 35.36 KiB / 35.36 KiB  34.22 KiB/s
C:\Users\Kevin\AppData\Local\Temp\cinehome-hls-new-batman-series-s01e05\master_vtt.m3u8: 2.27 MiB / 2.27 MiB  2.19 MiB/s
C:\Users\Kevin\AppData\Local\Temp\cinehome-hls-new-batman-series-s01e05\master_vtt.m3u8: 2.88 MiB / 2.88 MiB  2.78 MiB/s
C:\Users\Kevin\AppData\Local\Temp\cinehome-hls-new-batman-series-s01e05\master_vtt.m3u8: 3.18 MiB / 3.18 MiB  3.07 MiB/s
C:\Users\Kevin\AppData\Local\Temp\cinehome-hls-new-batman-series-s01e05\master_vtt.m3u8: 6.16 MiB / 6.16 MiB  5.95 MiB/s
C:\Users\Kevin\AppData\Local\Temp\cinehome-hls-new-batman-series-s01e05\master_vtt.m3u8: 7.37 MiB / 7.37 MiB  7.12 MiB/s
C:\Users\Kevin\AppData\Local\Temp\cinehome-hls-new-batman-series-s01e05\master_vtt.m3u8: 17.50 MiB / 17.50 MiB  16.90 MiB/s
C:\Users\Kevin\AppData\Local\Temp\cinehome-hls-new-batman-series-s01e05\master_vtt.m3u8: 23.02 MiB / 23.02 MiB  22.23 MiB/s
C:\Users\Kevin\AppData\Local\Temp\cinehome-hls-new-batman-series-s01e05\master_vtt.m3u8: 29.11 MiB / 29.11 MiB  28.10 MiB/s
C:\Users\Kevin\AppData\Local\Temp\cinehome-hls-new-batman-series-s01e05\seg_0001.ts: 42.07 MiB / 42.07 MiB  40.61 MiB/s
C:\Users\Kevin\AppData\Local\Temp\cinehome-hls-new-batman-series-s01e05\seg_0001.ts: 49.45 MiB / 49.45 MiB  47.71 MiB/s
C:\Users\Kevin\AppData\Local\Temp\cinehome-hls-new-batman-series-s01e05\seg_0009.ts: 50.05 MiB / 50.05 MiB  47.29 MiB/s
C:\Users\Kevin\AppData\Local\Temp\cinehome-hls-new-batman-series-s01e05\seg_0010.ts: 50.99 MiB / 50.99 MiB  48.10 MiB/s
C:\Users\Kevin\AppData\Local\Temp\cinehome-hls-new-batman-series-s01e05\seg_0011.ts: 51.97 MiB / 51.97 MiB  48.95 MiB/s
C:\Users\Kevin\AppData\Local\Temp\cinehome-hls-new-batman-series-s01e05\seg_0011.ts: 51.97 MiB / 51.97 MiB  48.56 MiB/s
C:\Users\Kevin\AppData\Local\Temp\cinehome-hls-new-batman-series-s01e05\seg_0011.ts: 51.97 MiB / 51.97 MiB  48.49 MiB/s
C:\Users\Kevin\AppData\Local\Temp\cinehome-hls-new-batman-series-s01e05\seg_0012.ts: 52.94 MiB / 52.94 MiB  48.42 MiB/s
C:\Users\Kevin\AppData\Local\Temp\cinehome-hls-new-batman-series-s01e05\seg_0013.ts: 54.48 MiB / 54.48 MiB  49.80 MiB/s
C:\Users\Kevin\AppData\Local\Temp\cinehome-hls-new-batman-series-s01e05\seg_0014.ts: 57.67 MiB / 57.67 MiB  49.31 MiB/s
C:\Users\Kevin\AppData\Local\Temp\cinehome-hls-new-batman-series-s01e05\seg_0015.ts: 58.05 MiB / 58.05 MiB  49.00 MiB/s
C:\Users\Kevin\AppData\Local\Temp\cinehome-hls-new-batman-series-s01e05\seg_0015.ts: 58.05 MiB / 58.05 MiB  48.54 MiB/s
C:\Users\Kevin\AppData\Local\Temp\cinehome-hls-new-batman-series-s01e05\seg_0015.ts: 58.05 MiB / 58.05 MiB  48.49 MiB/s
C:\Users\Kevin\AppData\Local\Temp\cinehome-hls-new-batman-series-s01e05\seg_0016.ts: 58.68 MiB / 58.68 MiB  49.02 MiB/s
C:\Users\Kevin\AppData\Local\Temp\cinehome-hls-new-batman-series-s01e05\seg_0017.ts: 61.85 MiB / 61.85 MiB  47.61 MiB/s
C:\Users\Kevin\AppData\Local\Temp\cinehome-hls-new-batman-series-s01e05\seg_0017.ts: 61.85 MiB / 61.85 MiB  46.80 MiB/s
C:\Users\Kevin\AppData\Local\Temp\cinehome-hls-new-batman-series-s01e05\seg_0017.ts: 61.85 MiB / 61.85 MiB  46.77 MiB/s
C:\Users\Kevin\AppData\Local\Temp\cinehome-hls-new-batman-series-s01e05\seg_0018.ts: 62.47 MiB / 62.47 MiB  45.72 MiB/s
C:\Users\Kevin\AppData\Local\Temp\cinehome-hls-new-batman-series-s01e05\seg_0019.ts: 63.31 MiB / 63.31 MiB  44.01 MiB/s
C:\Users\Kevin\AppData\Local\Temp\cinehome-hls-new-batman-series-s01e05\seg_0020.ts: 65.61 MiB / 65.61 MiB  45.46 MiB/s
C:\Users\Kevin\AppData\Local\Temp\cinehome-hls-new-batman-series-s01e05\seg_0021.ts: 66.62 MiB / 66.62 MiB  46.08 MiB/s
C:\Users\Kevin\AppData\Local\Temp\cinehome-hls-new-batman-series-s01e05\seg_0021.ts: 66.62 MiB / 66.62 MiB  46.04 MiB/s
C:\Users\Kevin\AppData\Local\Temp\cinehome-hls-new-batman-series-s01e05\seg_0021.ts: 66.62 MiB / 66.62 MiB  46.02 MiB/s
C:\Users\Kevin\AppData\Local\Temp\cinehome-hls-new-batman-series-s01e05\seg_0022.ts: 67.79 MiB / 67.79 MiB  46.74 MiB/s
C:\Users\Kevin\AppData\Local\Temp\cinehome-hls-new-batman-series-s01e05\seg_0023.ts: 68.08 MiB / 68.08 MiB  46.90 MiB/s
C:\Users\Kevin\AppData\Local\Temp\cinehome-hls-new-batman-series-s01e05\seg_0024.ts: 69.11 MiB / 69.11 MiB  47.58 MiB/s
C:\Users\Kevin\AppData\Local\Temp\cinehome-hls-new-batman-series-s01e05\seg_0025.ts: 69.70 MiB / 69.70 MiB  47.87 MiB/s
C:\Users\Kevin\AppData\Local\Temp\cinehome-hls-new-batman-series-s01e05\seg_0025.ts: 69.70 MiB / 69.70 MiB  44.33 MiB/s
C:\Users\Kevin\AppData\Local\Temp\cinehome-hls-new-batman-series-s01e05\seg_0025.ts: 69.70 MiB / 69.70 MiB  44.31 MiB/s
C:\Users\Kevin\AppData\Local\Temp\cinehome-hls-new-batman-series-s01e05\seg_0025.ts: 69.70 MiB / 69.70 MiB  41.05 MiB/s
C:\Users\Kevin\AppData\Local\Temp\cinehome-hls-new-batman-series-s01e05\seg_0025.ts: 69.70 MiB / 69.70 MiB  41.05 MiB/s
C:\Users\Kevin\AppData\Local\Temp\cinehome-hls-new-batman-series-s01e05\seg_0025.ts: 69.70 MiB / 69.70 MiB  38.22 MiB/s
C:\Users\Kevin\AppData\Local\Temp\cinehome-hls-new-batman-series-s01e05\seg_0025.ts: 69.70 MiB / 69.70 MiB  38.21 MiB/s
C:\Users\Kevin\AppData\Local\Temp\cinehome-hls-new-batman-series-s01e05\seg_0026.ts: 70.80 MiB / 70.80 MiB  38.54 MiB/s
C:\Users\Kevin\AppData\Local\Temp\cinehome-hls-new-batman-series-s01e05\seg_0027.ts: 71.44 MiB / 71.44 MiB  38.66 MiB/s
C:\Users\Kevin\AppData\Local\Temp\cinehome-hls-new-batman-series-s01e05\seg_0028.ts: 72.50 MiB / 72.50 MiB  38.92 MiB/s
C:\Users\Kevin\AppData\Local\Temp\cinehome-hls-new-batman-series-s01e05\seg_0028.ts: 73.53 MiB / 73.53 MiB  39.47 MiB/s
C:\Users\Kevin\AppData\Local\Temp\cinehome-hls-new-batman-series-s01e05\seg_0030.ts: 74.09 MiB / 74.09 MiB  39.43 MiB/s
C:\Users\Kevin\AppData\Local\Temp\cinehome-hls-new-batman-series-s01e05\seg_0031.ts: 75.30 MiB / 75.30 MiB  39.93 MiB/s
C:\Users\Kevin\AppData\Local\Temp\cinehome-hls-new-batman-series-s01e05\seg_0031.ts: 76.38 MiB / 76.38 MiB  39.90 MiB/s
C:\Users\Kevin\AppData\Local\Temp\cinehome-hls-new-batman-series-s01e05\seg_0031.ts: 78.15 MiB / 78.15 MiB  40.83 MiB/s
C:\Users\Kevin\AppData\Local\Temp\cinehome-hls-new-batman-series-s01e05\seg_0033.ts: 78.59 MiB / 78.59 MiB  40.99 MiB/s
C:\Users\Kevin\AppData\Local\Temp\cinehome-hls-new-batman-series-s01e05\seg_0033.ts: 79.76 MiB / 79.76 MiB  41.61 MiB/s
C:\Users\Kevin\AppData\Local\Temp\cinehome-hls-new-batman-series-s01e05\seg_0036.ts: 80.99 MiB / 80.99 MiB  41.93 MiB/s
C:\Users\Kevin\AppData\Local\Temp\cinehome-hls-new-batman-series-s01e05\seg_0037.ts: 82.37 MiB / 82.37 MiB  42.42 MiB/s
C:\Users\Kevin\AppData\Local\Temp\cinehome-hls-new-batman-series-s01e05\seg_0037.ts: 82.37 MiB / 82.37 MiB  42.25 MiB/s
C:\Users\Kevin\AppData\Local\Temp\cinehome-hls-new-batman-series-s01e05\seg_0037.ts: 82.37 MiB / 82.37 MiB  42.25 MiB/s
C:\Users\Kevin\AppData\Local\Temp\cinehome-hls-new-batman-series-s01e05\seg_0038.ts: 84.89 MiB / 84.89 MiB  43.42 MiB/s
C:\Users\Kevin\AppData\Local\Temp\cinehome-hls-new-batman-series-s01e05\seg_0039.ts: 85.74 MiB / 85.74 MiB  42.53 MiB/s
C:\Users\Kevin\AppData\Local\Temp\cinehome-hls-new-batman-series-s01e05\seg_0040.ts: 87.19 MiB / 87.19 MiB  42.58 MiB/s
C:\Users\Kevin\AppData\Local\Temp\cinehome-hls-new-batman-series-s01e05\seg_0040.ts: 87.19 MiB / 87.19 MiB  42.01 MiB/s
C:\Users\Kevin\AppData\Local\Temp\cinehome-hls-new-batman-series-s01e05\seg_0040.ts: 87.19 MiB / 87.19 MiB  42.00 MiB/s
C:\Users\Kevin\AppData\Local\Temp\cinehome-hls-new-batman-series-s01e05\seg_0041.ts: 89.10 MiB / 89.10 MiB  42.85 MiB/s
C:\Users\Kevin\AppData\Local\Temp\cinehome-hls-new-batman-series-s01e05\seg_0042.ts: 90.07 MiB / 90.07 MiB  42.81 MiB/s
C:\Users\Kevin\AppData\Local\Temp\cinehome-hls-new-batman-series-s01e05\seg_0043.ts: 91.28 MiB / 91.28 MiB  42.72 MiB/s
C:\Users\Kevin\AppData\Local\Temp\cinehome-hls-new-batman-series-s01e05\seg_0044.ts: 93.68 MiB / 93.68 MiB  42.73 MiB/s
C:\Users\Kevin\AppData\Local\Temp\cinehome-hls-new-batman-series-s01e05\seg_0044.ts: 93.68 MiB / 93.68 MiB  42.56 MiB/s
C:\Users\Kevin\AppData\Local\Temp\cinehome-hls-new-batman-series-s01e05\seg_0044.ts: 93.68 MiB / 93.68 MiB  42.56 MiB/s
C:\Users\Kevin\AppData\Local\Temp\cinehome-hls-new-batman-series-s01e05\seg_0045.ts: 94.56 MiB / 94.56 MiB  42.57 MiB/s
C:\Users\Kevin\AppData\Local\Temp\cinehome-hls-new-batman-series-s01e05\seg_0046.ts: 96.30 MiB / 96.30 MiB  43.33 MiB/s
C:\Users\Kevin\AppData\Local\Temp\cinehome-hls-new-batman-series-s01e05\seg_0047.ts: 98.60 MiB / 98.60 MiB  44.09 MiB/s
C:\Users\Kevin\AppData\Local\Temp\cinehome-hls-new-batman-series-s01e05\seg_0048.ts: 99.86 MiB / 99.86 MiB  44.65 MiB/s
C:\Users\Kevin\AppData\Local\Temp\cinehome-hls-new-batman-series-s01e05\seg_0049.ts: 101.90 MiB / 101.90 MiB  45.49 MiB/s
C:\Users\Kevin\AppData\Local\Temp\cinehome-hls-new-batman-series-s01e05\seg_0050.ts: 104.14 MiB / 104.14 MiB  46.48 MiB/s
C:\Users\Kevin\AppData\Local\Temp\cinehome-hls-new-batman-series-s01e05\seg_0051.ts: 105.98 MiB / 105.98 MiB  47.21 MiB/s
C:\Users\Kevin\AppData\Local\Temp\cinehome-hls-new-batman-series-s01e05\seg_0052.ts: 107.23 MiB / 107.23 MiB  47.76 MiB/s
C:\Users\Kevin\AppData\Local\Temp\cinehome-hls-new-batman-series-s01e05\seg_0053.ts: 108.48 MiB / 108.48 MiB  48.30 MiB/s
C:\Users\Kevin\AppData\Local\Temp\cinehome-hls-new-batman-series-s01e05\seg_0054.ts: 110.05 MiB / 110.05 MiB  49.00 MiB/s
C:\Users\Kevin\AppData\Local\Temp\cinehome-hls-new-batman-series-s01e05\seg_0054.ts: 111.05 MiB / 111.05 MiB  49.44 MiB/s
C:\Users\Kevin\AppData\Local\Temp\cinehome-hls-new-batman-series-s01e05\seg_0056.ts: 111.48 MiB / 111.48 MiB  49.57 MiB/s
C:\Users\Kevin\AppData\Local\Temp\cinehome-hls-new-batman-series-s01e05\seg_0057.ts: 112.35 MiB / 112.35 MiB  49.12 MiB/s
C:\Users\Kevin\AppData\Local\Temp\cinehome-hls-new-batman-series-s01e05\seg_0057.ts: 112.35 MiB / 112.35 MiB  48.30 MiB/s
C:\Users\Kevin\AppData\Local\Temp\cinehome-hls-new-batman-series-s01e05\seg_0057.ts: 112.35 MiB / 112.35 MiB  48.30 MiB/s
C:\Users\Kevin\AppData\Local\Temp\cinehome-hls-new-batman-series-s01e05\seg_0058.ts: 113.73 MiB / 113.73 MiB  48.22 MiB/s
C:\Users\Kevin\AppData\Local\Temp\cinehome-hls-new-batman-series-s01e05\seg_0058.ts: 113.73 MiB / 113.73 MiB  46.39 MiB/s
C:\Users\Kevin\AppData\Local\Temp\cinehome-hls-new-batman-series-s01e05\seg_0058.ts: 113.73 MiB / 113.73 MiB  46.39 MiB/s
C:\Users\Kevin\AppData\Local\Temp\cinehome-hls-new-batman-series-s01e05\seg_0059.ts: 114.74 MiB / 114.74 MiB  45.69 MiB/s
C:\Users\Kevin\AppData\Local\Temp\cinehome-hls-new-batman-series-s01e05\seg_0059.ts: 116.27 MiB / 116.27 MiB  46.29 MiB/s
C:\Users\Kevin\AppData\Local\Temp\cinehome-hls-new-batman-series-s01e05\seg_0061.ts: 117.99 MiB / 117.99 MiB  46.27 MiB/s
C:\Users\Kevin\AppData\Local\Temp\cinehome-hls-new-batman-series-s01e05\seg_0062.ts: 119.87 MiB / 119.87 MiB  46.57 MiB/s
C:\Users\Kevin\AppData\Local\Temp\cinehome-hls-new-batman-series-s01e05\seg_0062.ts: 120.78 MiB / 120.78 MiB  46.91 MiB/s
C:\Users\Kevin\AppData\Local\Temp\cinehome-hls-new-batman-series-s01e05\seg_0063.ts: 120.78 MiB / 120.78 MiB  46.87 MiB/s
C:\Users\Kevin\AppData\Local\Temp\cinehome-hls-new-batman-series-s01e05\seg_0063.ts: 120.78 MiB / 120.78 MiB  46.87 MiB/s
C:\Users\Kevin\AppData\Local\Temp\cinehome-hls-new-batman-series-s01e05\seg_0064.ts: 122.47 MiB / 122.47 MiB  46.67 MiB/s
C:\Users\Kevin\AppData\Local\Temp\cinehome-hls-new-batman-series-s01e05\seg_0065.ts: 123.93 MiB / 123.93 MiB  47.00 MiB/s
C:\Users\Kevin\AppData\Local\Temp\cinehome-hls-new-batman-series-s01e05\seg_0066.ts: 125.63 MiB / 125.63 MiB  47.36 MiB/s
C:\Users\Kevin\AppData\Local\Temp\cinehome-hls-new-batman-series-s01e05\seg_0067.ts: 127.67 MiB / 127.67 MiB  48.10 MiB/s
C:\Users\Kevin\AppData\Local\Temp\cinehome-hls-new-batman-series-s01e05\seg_0068.ts: 128.61 MiB / 128.61 MiB  48.15 MiB/s
C:\Users\Kevin\AppData\Local\Temp\cinehome-hls-new-batman-series-s01e05\seg_0069.ts: 130.14 MiB / 130.14 MiB  48.51 MiB/s
C:\Users\Kevin\AppData\Local\Temp\cinehome-hls-new-batman-series-s01e05\seg_0070.ts: 130.98 MiB / 130.98 MiB  48.80 MiB/s
C:\Users\Kevin\AppData\Local\Temp\cinehome-hls-new-batman-series-s01e05\seg_0070.ts: 130.98 MiB / 130.98 MiB  48.47 MiB/s
C:\Users\Kevin\AppData\Local\Temp\cinehome-hls-new-batman-series-s01e05\seg_0070.ts: 130.98 MiB / 130.98 MiB  48.46 MiB/s
C:\Users\Kevin\AppData\Local\Temp\cinehome-hls-new-batman-series-s01e05\seg_0071.ts: 132.83 MiB / 132.83 MiB  48.68 MiB/s
C:\Users\Kevin\AppData\Local\Temp\cinehome-hls-new-batman-series-s01e05\seg_0072.ts: 134.85 MiB / 134.85 MiB  49.04 MiB/s
C:\Users\Kevin\AppData\Local\Temp\cinehome-hls-new-batman-series-s01e05\seg_0072.ts: 135.73 MiB / 135.73 MiB  49.34 MiB/s
C:\Users\Kevin\AppData\Local\Temp\cinehome-hls-new-batman-series-s01e05\seg_0074.ts: 137.13 MiB / 137.13 MiB  48.59 MiB/s
C:\Users\Kevin\AppData\Local\Temp\cinehome-hls-new-batman-series-s01e05\seg_0074.ts: 137.13 MiB / 137.13 MiB  48.48 MiB/s
C:\Users\Kevin\AppData\Local\Temp\cinehome-hls-new-batman-series-s01e05\seg_0074.ts: 137.13 MiB / 137.13 MiB  48.48 MiB/s
C:\Users\Kevin\AppData\Local\Temp\cinehome-hls-new-batman-series-s01e05\seg_0075.ts: 137.77 MiB / 137.77 MiB  48.61 MiB/s
C:\Users\Kevin\AppData\Local\Temp\cinehome-hls-new-batman-series-s01e05\seg_0076.ts: 138.54 MiB / 138.54 MiB  48.68 MiB/s
C:\Users\Kevin\AppData\Local\Temp\cinehome-hls-new-batman-series-s01e05\seg_0077.ts: 140.33 MiB / 140.33 MiB  49.15 MiB/s
C:\Users\Kevin\AppData\Local\Temp\cinehome-hls-new-batman-series-s01e05\seg_0078.ts: 142.28 MiB / 142.28 MiB  49.44 MiB/s
C:\Users\Kevin\AppData\Local\Temp\cinehome-hls-new-batman-series-s01e05\seg_0079.ts: 143.47 MiB / 143.47 MiB  49.42 MiB/s
C:\Users\Kevin\AppData\Local\Temp\cinehome-hls-new-batman-series-s01e05\seg_0079.ts: 144.75 MiB / 144.75 MiB  49.85 MiB/s
C:\Users\Kevin\AppData\Local\Temp\cinehome-hls-new-batman-series-s01e05\seg_0080.ts: 146.56 MiB / 146.56 MiB  50.47 MiB/s
C:\Users\Kevin\AppData\Local\Temp\cinehome-hls-new-batman-series-s01e05\seg_0082.ts: 148.70 MiB / 148.70 MiB  50.74 MiB/s
C:\Users\Kevin\AppData\Local\Temp\cinehome-hls-new-batman-series-s01e05\seg_0083.ts: 151.52 MiB / 151.52 MiB  51.58 MiB/s
C:\Users\Kevin\AppData\Local\Temp\cinehome-hls-new-batman-series-s01e05\seg_0083.ts: 151.52 MiB / 151.52 MiB  51.29 MiB/s
C:\Users\Kevin\AppData\Local\Temp\cinehome-hls-new-batman-series-s01e05\seg_0083.ts: 151.52 MiB / 151.52 MiB  51.29 MiB/s
C:\Users\Kevin\AppData\Local\Temp\cinehome-hls-new-batman-series-s01e05\seg_0083.ts: 155.28 MiB / 155.28 MiB  51.65 MiB/s
C:\Users\Kevin\AppData\Local\Temp\cinehome-hls-new-batman-series-s01e05\seg_0083.ts: 156.41 MiB / 156.41 MiB  52.02 MiB/s
C:\Users\Kevin\AppData\Local\Temp\cinehome-hls-new-batman-series-s01e05\seg_0086.ts: 157.42 MiB / 157.42 MiB  52.34 MiB/s
C:\Users\Kevin\AppData\Local\Temp\cinehome-hls-new-batman-series-s01e05\seg_0087.ts: 158.74 MiB / 158.74 MiB  52.59 MiB/s
C:\Users\Kevin\AppData\Local\Temp\cinehome-hls-new-batman-series-s01e05\seg_0088.ts: 160.27 MiB / 160.27 MiB  52.38 MiB/s
C:\Users\Kevin\AppData\Local\Temp\cinehome-hls-new-batman-series-s01e05\seg_0089.ts: 160.74 MiB / 160.74 MiB  52.43 MiB/s
C:\Users\Kevin\AppData\Local\Temp\cinehome-hls-new-batman-series-s01e05\seg_0089.ts: 160.74 MiB / 160.74 MiB  52.18 MiB/s
C:\Users\Kevin\AppData\Local\Temp\cinehome-hls-new-batman-series-s01e05\seg_0089.ts: 160.74 MiB / 160.74 MiB  52.18 MiB/s
C:\Users\Kevin\AppData\Local\Temp\cinehome-hls-new-batman-series-s01e05\seg_0090.ts: 162.08 MiB / 162.08 MiB  51.32 MiB/s
C:\Users\Kevin\AppData\Local\Temp\cinehome-hls-new-batman-series-s01e05\seg_0091.ts: 163.96 MiB / 163.96 MiB  51.90 MiB/s
C:\Users\Kevin\AppData\Local\Temp\cinehome-hls-new-batman-series-s01e05\seg_0091.ts: 165.05 MiB / 165.05 MiB  52.24 MiB/s
C:\Users\Kevin\AppData\Local\Temp\cinehome-hls-new-batman-series-s01e05\seg_0091.ts: 165.46 MiB / 165.46 MiB  52.37 MiB/s
C:\Users\Kevin\AppData\Local\Temp\cinehome-hls-new-batman-series-s01e05\seg_0093.ts: 165.46 MiB / 165.46 MiB  51.60 MiB/s
C:\Users\Kevin\AppData\Local\Temp\cinehome-hls-new-batman-series-s01e05\seg_0093.ts: 165.46 MiB / 165.46 MiB  51.60 MiB/s
C:\Users\Kevin\AppData\Local\Temp\cinehome-hls-new-batman-series-s01e05\seg_0094.ts: 167.28 MiB / 167.28 MiB  51.92 MiB/s
C:\Users\Kevin\AppData\Local\Temp\cinehome-hls-new-batman-series-s01e05\seg_0095.ts: 167.96 MiB / 167.96 MiB  51.63 MiB/s
C:\Users\Kevin\AppData\Local\Temp\cinehome-hls-new-batman-series-s01e05\seg_0095.ts: 168.55 MiB / 168.55 MiB  51.80 MiB/s
C:\Users\Kevin\AppData\Local\Temp\cinehome-hls-new-batman-series-s01e05\seg_0095.ts: 170.12 MiB / 170.12 MiB  52.29 MiB/s
C:\Users\Kevin\AppData\Local\Temp\cinehome-hls-new-batman-series-s01e05\seg_0098.ts: 170.58 MiB / 170.58 MiB  52.41 MiB/s
C:\Users\Kevin\AppData\Local\Temp\cinehome-hls-new-batman-series-s01e05\seg_0099.ts: 171.75 MiB / 171.75 MiB  52.76 MiB/s
C:\Users\Kevin\AppData\Local\Temp\cinehome-hls-new-batman-series-s01e05\seg_0100.ts: 172.22 MiB / 172.22 MiB  52.72 MiB/s
C:\Users\Kevin\AppData\Local\Temp\cinehome-hls-new-batman-series-s01e05\seg_0101.ts: 176.58 MiB / 176.58 MiB  53.93 MiB/s
C:\Users\Kevin\AppData\Local\Temp\cinehome-hls-new-batman-series-s01e05\seg_0102.ts: 177.51 MiB / 177.51 MiB  54.16 MiB/s
C:\Users\Kevin\AppData\Local\Temp\cinehome-hls-new-batman-series-s01e05\seg_0103.ts: 179.76 MiB / 179.76 MiB  54.82 MiB/s
C:\Users\Kevin\AppData\Local\Temp\cinehome-hls-new-batman-series-s01e05\seg_0103.ts: 182.00 MiB / 182.00 MiB  55.49 MiB/s
C:\Users\Kevin\AppData\Local\Temp\cinehome-hls-new-batman-series-s01e05\seg_0103.ts: 183.27 MiB / 183.27 MiB  55.88 MiB/s
C:\Users\Kevin\AppData\Local\Temp\cinehome-hls-new-batman-series-s01e05\seg_0105.ts: 185.92 MiB / 185.92 MiB  56.69 MiB/s
C:\Users\Kevin\AppData\Local\Temp\cinehome-hls-new-batman-series-s01e05\seg_0104.ts: 185.92 MiB / 185.92 MiB  55.80 MiB/s
C:\Users\Kevin\AppData\Local\Temp\cinehome-hls-new-batman-series-s01e05\seg_0104.ts: 185.92 MiB / 185.92 MiB  55.80 MiB/s
C:\Users\Kevin\AppData\Local\Temp\cinehome-hls-new-batman-series-s01e05\seg_0107.ts: 187.72 MiB / 187.72 MiB  56.07 MiB/s
C:\Users\Kevin\AppData\Local\Temp\cinehome-hls-new-batman-series-s01e05\seg_0107.ts: 188.33 MiB / 188.33 MiB  56.25 MiB/s
C:\Users\Kevin\AppData\Local\Temp\cinehome-hls-new-batman-series-s01e05\seg_0109.ts: 188.94 MiB / 188.94 MiB  56.41 MiB/s
C:\Users\Kevin\AppData\Local\Temp\cinehome-hls-new-batman-series-s01e05\seg_0110.ts: 190.56 MiB / 190.56 MiB  56.79 MiB/s
C:\Users\Kevin\AppData\Local\Temp\cinehome-hls-new-batman-series-s01e05\seg_0111.ts: 192.14 MiB / 192.14 MiB  57.25 MiB/s
C:\Users\Kevin\AppData\Local\Temp\cinehome-hls-new-batman-series-s01e05\seg_0112.ts: 193.28 MiB / 193.28 MiB  57.58 MiB/s
C:\Users\Kevin\AppData\Local\Temp\cinehome-hls-new-batman-series-s01e05\seg_0113.ts: 194.10 MiB / 194.10 MiB  57.07 MiB/s
C:\Users\Kevin\AppData\Local\Temp\cinehome-hls-new-batman-series-s01e05\seg_0113.ts: 194.67 MiB / 194.67 MiB  57.23 MiB/s
C:\Users\Kevin\AppData\Local\Temp\cinehome-hls-new-batman-series-s01e05\seg_0115.ts: 195.88 MiB / 195.88 MiB  57.51 MiB/s
C:\Users\Kevin\AppData\Local\Temp\cinehome-hls-new-batman-series-s01e05\seg_0116.ts: 196.91 MiB / 196.91 MiB  57.02 MiB/s
C:\Users\Kevin\AppData\Local\Temp\cinehome-hls-new-batman-series-s01e05\seg_0116.ts: 196.91 MiB / 196.91 MiB  56.95 MiB/s
C:\Users\Kevin\AppData\Local\Temp\cinehome-hls-new-batman-series-s01e05\seg_0116.ts: 196.91 MiB / 196.91 MiB  56.95 MiB/s
C:\Users\Kevin\AppData\Local\Temp\cinehome-hls-new-batman-series-s01e05\seg_0117.ts: 197.89 MiB / 197.89 MiB  56.98 MiB/s
C:\Users\Kevin\AppData\Local\Temp\cinehome-hls-new-batman-series-s01e05\seg_0118.ts: 199.46 MiB / 199.46 MiB  56.89 MiB/s
C:\Users\Kevin\AppData\Local\Temp\cinehome-hls-new-batman-series-s01e05\seg_0119.ts: 200.82 MiB / 200.82 MiB  57.23 MiB/s
C:\Users\Kevin\AppData\Local\Temp\cinehome-hls-new-batman-series-s01e05\seg_0119.ts: 200.82 MiB / 200.82 MiB  56.04 MiB/s
C:\Users\Kevin\AppData\Local\Temp\cinehome-hls-new-batman-series-s01e05\seg_0119.ts: 200.82 MiB / 200.82 MiB  56.04 MiB/s
C:\Users\Kevin\AppData\Local\Temp\cinehome-hls-new-batman-series-s01e05\seg_0120.ts: 202.04 MiB / 202.04 MiB  55.55 MiB/s
C:\Users\Kevin\AppData\Local\Temp\cinehome-hls-new-batman-series-s01e05\seg_0121.ts: 202.82 MiB / 202.82 MiB  55.32 MiB/s
C:\Users\Kevin\AppData\Local\Temp\cinehome-hls-new-batman-series-s01e05\seg_0122.ts: 203.45 MiB / 203.45 MiB  55.20 MiB/s
C:\Users\Kevin\AppData\Local\Temp\cinehome-hls-new-batman-series-s01e05\seg_0123.ts: 203.84 MiB / 203.84 MiB  55.04 MiB/s
C:\Users\Kevin\AppData\Local\Temp\cinehome-hls-new-batman-series-s01e05\seg_0123.ts: 203.84 MiB / 203.84 MiB  54.96 MiB/s
C:\Users\Kevin\AppData\Local\Temp\cinehome-hls-new-batman-series-s01e05\seg_0123.ts: 203.84 MiB / 203.84 MiB  54.96 MiB/s
C:\Users\Kevin\AppData\Local\Temp\cinehome-hls-new-batman-series-s01e05\seg_0124.ts: 205.50 MiB / 205.50 MiB  55.29 MiB/s
C:\Users\Kevin\AppData\Local\Temp\cinehome-hls-new-batman-series-s01e05\seg_0125.ts: 206.83 MiB / 206.83 MiB  55.63 MiB/s
C:\Users\Kevin\AppData\Local\Temp\cinehome-hls-new-batman-series-s01e05\seg_0126.ts: 207.39 MiB / 207.39 MiB  55.78 MiB/s
C:\Users\Kevin\AppData\Local\Temp\cinehome-hls-new-batman-series-s01e05\seg_0126.ts: 207.75 MiB / 207.75 MiB  55.87 MiB/s
C:\Users\Kevin\AppData\Local\Temp\cinehome-hls-new-batman-series-s01e05\seg_0126.ts: 209.47 MiB / 209.47 MiB  56.33 MiB/s
C:\Users\Kevin\AppData\Local\Temp\cinehome-hls-new-batman-series-s01e05\seg_0128.ts: 210.26 MiB / 210.26 MiB  56.54 MiB/s
C:\Users\Kevin\AppData\Local\Temp\cinehome-hls-new-batman-series-s01e05\seg_0128.ts: 211.62 MiB / 211.62 MiB  56.89 MiB/s
C:\Users\Kevin\AppData\Local\Temp\cinehome-hls-new-batman-series-s01e05\seg_0131.ts: 213.60 MiB / 213.60 MiB  57.43 MiB/s
C:\Users\Kevin\AppData\Local\Temp\cinehome-hls-new-batman-series-s01e05\seg_0132.ts: 214.48 MiB / 214.48 MiB  57.34 MiB/s
C:\Users\Kevin\AppData\Local\Temp\cinehome-hls-new-batman-series-s01e05\seg_0133.ts: 215.89 MiB / 215.89 MiB  57.67 MiB/s
C:\Users\Kevin\AppData\Local\Temp\cinehome-hls-new-batman-series-s01e05\seg_0134.ts: 217.04 MiB / 217.04 MiB  57.90 MiB/s
C:\Users\Kevin\AppData\Local\Temp\cinehome-hls-new-batman-series-s01e05\seg_0134.ts: 218.42 MiB / 218.42 MiB  58.26 MiB/s
C:\Users\Kevin\AppData\Local\Temp\cinehome-hls-new-batman-series-s01e05\seg_0136.ts: 220.34 MiB / 220.34 MiB  58.59 MiB/s
C:\Users\Kevin\AppData\Local\Temp\cinehome-hls-new-batman-series-s01e05\seg_0137.ts: 222.15 MiB / 222.15 MiB  58.96 MiB/s
C:\Users\Kevin\AppData\Local\Temp\cinehome-hls-new-batman-series-s01e05\seg_0138.ts: 222.71 MiB / 222.71 MiB  59.02 MiB/s
C:\Users\Kevin\AppData\Local\Temp\cinehome-hls-new-batman-series-s01e05\seg_0138.ts: 222.71 MiB / 222.71 MiB  58.09 MiB/s
C:\Users\Kevin\AppData\Local\Temp\cinehome-hls-new-batman-series-s01e05\seg_0138.ts: 222.71 MiB / 222.71 MiB  58.09 MiB/s
C:\Users\Kevin\AppData\Local\Temp\cinehome-hls-new-batman-series-s01e05\seg_0139.ts: 223.41 MiB / 223.41 MiB  57.26 MiB/s
C:\Users\Kevin\AppData\Local\Temp\cinehome-hls-new-batman-series-s01e05\seg_0139.ts: 223.41 MiB / 223.41 MiB  56.43 MiB/s
C:\Users\Kevin\AppData\Local\Temp\cinehome-hls-new-batman-series-s01e05\seg_0139.ts: 223.41 MiB / 223.41 MiB  56.43 MiB/s
C:\Users\Kevin\AppData\Local\Temp\cinehome-hls-new-batman-series-s01e05\seg_0140.ts: 224.43 MiB / 224.43 MiB  56.60 MiB/s
C:\Users\Kevin\AppData\Local\Temp\cinehome-hls-new-batman-series-s01e05\seg_0141.ts: 225.46 MiB / 225.46 MiB  56.84 MiB/s
C:\Users\Kevin\AppData\Local\Temp\cinehome-hls-new-batman-series-s01e05\seg_0142.ts: 226.48 MiB / 226.48 MiB  57.04 MiB/s
C:\Users\Kevin\AppData\Local\Temp\cinehome-hls-new-batman-series-s01e05\seg_0143.ts: 226.96 MiB / 226.96 MiB  57.14 MiB/s
C:\Users\Kevin\AppData\Local\Temp\cinehome-hls-new-batman-series-s01e05\seg_0144.ts: 227.94 MiB / 227.94 MiB  57.33 MiB/s
C:\Users\Kevin\AppData\Local\Temp\cinehome-hls-new-batman-series-s01e05\seg_0145.ts: 228.67 MiB / 228.67 MiB  57.50 MiB/s
C:\Users\Kevin\AppData\Local\Temp\cinehome-hls-new-batman-series-s01e05\seg_0146.ts: 229.79 MiB / 229.79 MiB  57.77 MiB/s
C:\Users\Kevin\AppData\Local\Temp\cinehome-hls-new-batman-series-s01e05\seg_0146.ts: 230.44 MiB / 230.44 MiB  57.60 MiB/s
C:\Users\Kevin\AppData\Local\Temp\cinehome-hls-new-batman-series-s01e05\seg_0146.ts: 231.53 MiB / 231.53 MiB  57.87 MiB/s
C:\Users\Kevin\AppData\Local\Temp\cinehome-hls-new-batman-series-s01e05\seg_0147.ts: 232.69 MiB / 232.69 MiB  58.16 MiB/s
C:\Users\Kevin\AppData\Local\Temp\cinehome-hls-new-batman-series-s01e05\seg_0150.ts: 233.65 MiB / 233.65 MiB  58.39 MiB/s
C:\Users\Kevin\AppData\Local\Temp\cinehome-hls-new-batman-series-s01e05\seg_0149.ts: 235.24 MiB / 235.24 MiB  58.78 MiB/s
C:\Users\Kevin\AppData\Local\Temp\cinehome-hls-new-batman-series-s01e05\seg_0151.ts: 236.03 MiB / 236.03 MiB  58.97 MiB/s
C:\Users\Kevin\AppData\Local\Temp\cinehome-hls-new-batman-series-s01e05\seg_0152.ts: 237.20 MiB / 237.20 MiB  59.25 MiB/s
C:\Users\Kevin\AppData\Local\Temp\cinehome-hls-new-batman-series-s01e05\seg_0153.ts: 237.71 MiB / 237.71 MiB  59.37 MiB/s
C:\Users\Kevin\AppData\Local\Temp\cinehome-hls-new-batman-series-s01e05\seg_0153.ts: 238.88 MiB / 238.88 MiB  59.66 MiB/s
C:\Users\Kevin\AppData\Local\Temp\cinehome-hls-new-batman-series-s01e05\seg_0155.ts: 239.64 MiB / 239.64 MiB  59.84 MiB/s
C:\Users\Kevin\AppData\Local\Temp\cinehome-hls-new-batman-series-s01e05\seg_0155.ts: 241.08 MiB / 241.08 MiB  60.20 MiB/s
C:\Users\Kevin\AppData\Local\Temp\cinehome-hls-new-batman-series-s01e05\seg_0155.ts: 241.93 MiB / 241.93 MiB  60.40 MiB/s
C:\Users\Kevin\AppData\Local\Temp\cinehome-hls-new-batman-series-s01e05\seg_0159.ts: 242.60 MiB / 242.60 MiB  60.47 MiB/s
C:\Users\Kevin\AppData\Local\Temp\cinehome-hls-new-batman-series-s01e05\seg_0160.ts: 244.03 MiB / 244.03 MiB  60.75 MiB/s
C:\Users\Kevin\AppData\Local\Temp\cinehome-hls-new-batman-series-s01e05\seg_0161.ts: 244.67 MiB / 244.67 MiB  60.82 MiB/s
C:\Users\Kevin\AppData\Local\Temp\cinehome-hls-new-batman-series-s01e05\seg_0162.ts: 245.77 MiB / 245.77 MiB  61.09 MiB/s
C:\Users\Kevin\AppData\Local\Temp\cinehome-hls-new-batman-series-s01e05\seg_0163.ts: 246.63 MiB / 246.63 MiB  61.29 MiB/s
C:\Users\Kevin\AppData\Local\Temp\cinehome-hls-new-batman-series-s01e05\seg_0163.ts: 246.63 MiB / 246.63 MiB  60.38 MiB/s
C:\Users\Kevin\AppData\Local\Temp\cinehome-hls-new-batman-series-s01e05\seg_0163.ts: 246.63 MiB / 246.63 MiB  60.38 MiB/s
C:\Users\Kevin\AppData\Local\Temp\cinehome-hls-new-batman-series-s01e05\seg_0164.ts: 246.99 MiB / 246.99 MiB  60.29 MiB/s
C:\Users\Kevin\AppData\Local\Temp\cinehome-hls-new-batman-series-s01e05\seg_0165.ts: 248.14 MiB / 248.14 MiB  60.08 MiB/s
C:\Users\Kevin\AppData\Local\Temp\cinehome-hls-new-batman-series-s01e05\seg_0166.ts: 248.95 MiB / 248.95 MiB  60.25 MiB/s
C:\Users\Kevin\AppData\Local\Temp\cinehome-hls-new-batman-series-s01e05\seg_0167.ts: 249.92 MiB / 249.92 MiB  60.20 MiB/s
C:\Users\Kevin\AppData\Local\Temp\cinehome-hls-new-batman-series-s01e05\seg_0168.ts: 250.85 MiB / 250.85 MiB  60.31 MiB/s
C:\Users\Kevin\AppData\Local\Temp\cinehome-hls-new-batman-series-s01e05\seg_0169.ts: 251.87 MiB / 251.87 MiB  60.10 MiB/s
C:\Users\Kevin\AppData\Local\Temp\cinehome-hls-new-batman-series-s01e05\seg_0169.ts: 251.87 MiB / 251.87 MiB  59.83 MiB/s
C:\Users\Kevin\AppData\Local\Temp\cinehome-hls-new-batman-series-s01e05\seg_0169.ts: 251.87 MiB / 251.87 MiB  59.83 MiB/s
C:\Users\Kevin\AppData\Local\Temp\cinehome-hls-new-batman-series-s01e05\seg_0170.ts: 253.39 MiB / 253.39 MiB  59.83 MiB/s
C:\Users\Kevin\AppData\Local\Temp\cinehome-hls-new-batman-series-s01e05\seg_0171.ts: 254.02 MiB / 254.02 MiB  59.38 MiB/s
C:\Users\Kevin\AppData\Local\Temp\cinehome-hls-new-batman-series-s01e05\seg_0171.ts: 256.45 MiB / 256.45 MiB  59.93 MiB/s
C:\Users\Kevin\AppData\Local\Temp\cinehome-hls-new-batman-series-s01e05\seg_0173.ts: 257.49 MiB / 257.49 MiB  60.12 MiB/s
C:\Users\Kevin\AppData\Local\Temp\cinehome-hls-new-batman-series-s01e05\seg_0174.ts: 258.19 MiB / 258.19 MiB  60.07 MiB/s
C:\Users\Kevin\AppData\Local\Temp\cinehome-hls-new-batman-series-s01e05\seg_0175.ts: 259.65 MiB / 259.65 MiB  60.35 MiB/s
C:\Users\Kevin\AppData\Local\Temp\cinehome-hls-new-batman-series-s01e05\seg_0176.ts: 260.22 MiB / 260.22 MiB  60.32 MiB/s
C:\Users\Kevin\AppData\Local\Temp\cinehome-hls-new-batman-series-s01e05\seg_0176.ts: 260.22 MiB / 260.22 MiB  60.02 MiB/s
C:\Users\Kevin\AppData\Local\Temp\cinehome-hls-new-batman-series-s01e05\seg_0176.ts: 260.22 MiB / 260.22 MiB  60.02 MiB/s
C:\Users\Kevin\AppData\Local\Temp\cinehome-hls-new-batman-series-s01e05\seg_0177.ts: 262.12 MiB / 262.12 MiB  59.21 MiB/s
C:\Users\Kevin\AppData\Local\Temp\cinehome-hls-new-batman-series-s01e05\seg_0178.ts: 264.37 MiB / 264.37 MiB  59.68 MiB/s
C:\Users\Kevin\AppData\Local\Temp\cinehome-hls-new-batman-series-s01e05\seg_0179.ts: 264.95 MiB / 264.95 MiB  59.73 MiB/s
C:\Users\Kevin\AppData\Local\Temp\cinehome-hls-new-batman-series-s01e05\seg_0180.ts: 265.47 MiB / 265.47 MiB  59.84 MiB/s
C:\Users\Kevin\AppData\Local\Temp\cinehome-hls-new-batman-series-s01e05\seg_0181.ts: 267.53 MiB / 267.53 MiB  60.16 MiB/s
C:\Users\Kevin\AppData\Local\Temp\cinehome-hls-new-batman-series-s01e05\seg_0182.ts: 269.82 MiB / 269.82 MiB  60.59 MiB/s
C:\Users\Kevin\AppData\Local\Temp\cinehome-hls-new-batman-series-s01e05\seg_0182.ts: 273.19 MiB / 273.19 MiB  61.34 MiB/s
C:\Users\Kevin\AppData\Local\Temp\cinehome-hls-new-batman-series-s01e05\seg_0184.ts: 276.65 MiB / 276.65 MiB  62.11 MiB/s
C:\Users\Kevin\AppData\Local\Temp\cinehome-hls-new-batman-series-s01e05\seg_0185.ts: 279.92 MiB / 279.92 MiB  62.80 MiB/s
C:\Users\Kevin\AppData\Local\Temp\cinehome-hls-new-batman-series-s01e05\seg_0186.ts: 282.63 MiB / 282.63 MiB  63.40 MiB/s
C:\Users\Kevin\AppData\Local\Temp\cinehome-hls-new-batman-series-s01e05\seg_0186.ts: 282.63 MiB / 282.63 MiB  63.36 MiB/s
C:\Users\Kevin\AppData\Local\Temp\cinehome-hls-new-batman-series-s01e05\seg_0186.ts: 282.63 MiB / 282.63 MiB  63.36 MiB/s
C:\Users\Kevin\AppData\Local\Temp\cinehome-hls-new-batman-series-s01e05\seg_0187.ts: 284.97 MiB / 284.97 MiB  63.86 MiB/s
C:\Users\Kevin\AppData\Local\Temp\cinehome-hls-new-batman-series-s01e05\seg_0187.ts: 286.52 MiB / 286.52 MiB  64.21 MiB/s
C:\Users\Kevin\AppData\Local\Temp\cinehome-hls-new-batman-series-s01e05\seg_0187.ts: 288.22 MiB / 288.22 MiB  64.59 MiB/s
C:\Users\Kevin\AppData\Local\Temp\cinehome-hls-new-batman-series-s01e05\seg_0190.ts: 289.90 MiB / 289.90 MiB  64.93 MiB/s
C:\Users\Kevin\AppData\Local\Temp\cinehome-hls-new-batman-series-s01e05\seg_0191.ts: 290.79 MiB / 290.79 MiB  65.11 MiB/s
C:\Users\Kevin\AppData\Local\Temp\cinehome-hls-new-batman-series-s01e05\seg_0192.ts: 292.85 MiB / 292.85 MiB  65.56 MiB/s
C:\Users\Kevin\AppData\Local\Temp\cinehome-hls-new-batman-series-s01e05\seg_0193.ts: 296.30 MiB / 296.30 MiB  65.98 MiB/s
C:\Users\Kevin\AppData\Local\Temp\cinehome-hls-new-batman-series-s01e05\seg_0194.ts: 296.75 MiB / 296.75 MiB  66.00 MiB/s
C:\Users\Kevin\AppData\Local\Temp\cinehome-hls-new-batman-series-s01e05\seg_0195.ts: 298.25 MiB / 298.25 MiB  66.31 MiB/s
C:\Users\Kevin\AppData\Local\Temp\cinehome-hls-new-batman-series-s01e05\seg_0196.ts: 299.57 MiB / 299.57 MiB  66.58 MiB/s
C:\Users\Kevin\AppData\Local\Temp\cinehome-hls-new-batman-series-s01e05\seg_0197.ts: 302.01 MiB / 302.01 MiB  67.12 MiB/s
C:\Users\Kevin\AppData\Local\Temp\cinehome-hls-new-batman-series-s01e05\seg_0198.ts: 303.73 MiB / 303.73 MiB  67.42 MiB/s
C:\Users\Kevin\AppData\Local\Temp\cinehome-hls-new-batman-series-s01e05\seg_0198.ts: 305.93 MiB / 305.93 MiB  67.78 MiB/s
C:\Users\Kevin\AppData\Local\Temp\cinehome-hls-new-batman-series-s01e05\seg_0200.ts: 307.25 MiB / 307.25 MiB  68.07 MiB/s
C:\Users\Kevin\AppData\Local\Temp\cinehome-hls-new-batman-series-s01e05\seg_0200.ts: 308.45 MiB / 308.45 MiB  68.32 MiB/s
C:\Users\Kevin\AppData\Local\Temp\cinehome-hls-new-batman-series-s01e05\seg_0200.ts: 310.16 MiB / 310.16 MiB  68.70 MiB/s
C:\Users\Kevin\AppData\Local\Temp\cinehome-hls-new-batman-series-s01e05\seg_0203.ts: 311.55 MiB / 311.55 MiB  68.91 MiB/s
C:\Users\Kevin\AppData\Local\Temp\cinehome-hls-new-batman-series-s01e05\seg_0203.ts: 311.55 MiB / 311.55 MiB  67.93 MiB/s
C:\Users\Kevin\AppData\Local\Temp\cinehome-hls-new-batman-series-s01e05\seg_0203.ts: 311.55 MiB / 311.55 MiB  67.93 MiB/s
C:\Users\Kevin\AppData\Local\Temp\cinehome-hls-new-batman-series-s01e05\seg_0204.ts: 313.66 MiB / 313.66 MiB  68.05 MiB/s
C:\Users\Kevin\AppData\Local\Temp\cinehome-hls-new-batman-series-s01e05\seg_0205.ts: 315.05 MiB / 315.05 MiB  68.14 MiB/s
C:\Users\Kevin\AppData\Local\Temp\cinehome-hls-new-batman-series-s01e05\seg_0206.ts: 316.56 MiB / 316.56 MiB  68.33 MiB/s
C:\Users\Kevin\AppData\Local\Temp\cinehome-hls-new-batman-series-s01e05\seg_0207.ts: 318.83 MiB / 318.83 MiB  67.84 MiB/s
C:\Users\Kevin\AppData\Local\Temp\cinehome-hls-new-batman-series-s01e05\seg_0207.ts: 318.83 MiB / 318.83 MiB  67.68 MiB/s
C:\Users\Kevin\AppData\Local\Temp\cinehome-hls-new-batman-series-s01e05\seg_0207.ts: 318.83 MiB / 318.83 MiB  67.68 MiB/s
C:\Users\Kevin\AppData\Local\Temp\cinehome-hls-new-batman-series-s01e05\seg_0208.ts: 319.41 MiB / 319.41 MiB  66.40 MiB/s
C:\Users\Kevin\AppData\Local\Temp\cinehome-hls-new-batman-series-s01e05\seg_0209.ts: 324.08 MiB / 324.08 MiB  67.26 MiB/s
C:\Users\Kevin\AppData\Local\Temp\cinehome-hls-new-batman-series-s01e05\seg_0209.ts: 324.08 MiB / 324.08 MiB  67.01 MiB/s
C:\Users\Kevin\AppData\Local\Temp\cinehome-hls-new-batman-series-s01e05\seg_0209.ts: 324.08 MiB / 324.08 MiB  67.01 MiB/s
C:\Users\Kevin\AppData\Local\Temp\cinehome-hls-new-batman-series-s01e05\seg_0210.ts: 326.19 MiB / 326.19 MiB  67.34 MiB/s
C:\Users\Kevin\AppData\Local\Temp\cinehome-hls-new-batman-series-s01e05\seg_0211.ts: 328.74 MiB / 328.74 MiB  67.56 MiB/s
C:\Users\Kevin\AppData\Local\Temp\cinehome-hls-new-batman-series-s01e05\seg_0211.ts: 331.61 MiB / 331.61 MiB  67.93 MiB/s
C:\Users\Kevin\AppData\Local\Temp\cinehome-hls-new-batman-series-s01e05\seg_0212.ts: 335.33 MiB / 335.33 MiB  68.69 MiB/s
C:\Users\Kevin\AppData\Local\Temp\cinehome-hls-new-batman-series-s01e05\seg_0214.ts: 336.56 MiB / 336.56 MiB  68.16 MiB/s
C:\Users\Kevin\AppData\Local\Temp\cinehome-hls-new-batman-series-s01e05\seg_0215.ts: 338.04 MiB / 338.04 MiB  68.29 MiB/s
C:\Users\Kevin\AppData\Local\Temp\cinehome-hls-new-batman-series-s01e05\seg_0215.ts: 338.04 MiB / 338.04 MiB  68.13 MiB/s
C:\Users\Kevin\AppData\Local\Temp\cinehome-hls-new-batman-series-s01e05\seg_0215.ts: 338.04 MiB / 338.04 MiB  68.13 MiB/s
C:\Users\Kevin\AppData\Local\Temp\cinehome-hls-new-batman-series-s01e05\seg_0216.ts: 340.62 MiB / 340.62 MiB  68.30 MiB/s
C:\Users\Kevin\AppData\Local\Temp\cinehome-hls-new-batman-series-s01e05\seg_0216.ts: 340.62 MiB / 340.62 MiB  66.95 MiB/s
C:\Users\Kevin\AppData\Local\Temp\cinehome-hls-new-batman-series-s01e05\seg_0216.ts: 340.62 MiB / 340.62 MiB  66.95 MiB/s
C:\Users\Kevin\AppData\Local\Temp\cinehome-hls-new-batman-series-s01e05\seg_0217.ts: 341.93 MiB / 341.93 MiB  65.69 MiB/s
C:\Users\Kevin\AppData\Local\Temp\cinehome-hls-new-batman-series-s01e05\seg_0217.ts: 341.93 MiB / 341.93 MiB  65.59 MiB/s
C:\Users\Kevin\AppData\Local\Temp\cinehome-hls-new-batman-series-s01e05\seg_0217.ts: 341.93 MiB / 341.93 MiB  65.59 MiB/s
C:\Users\Kevin\AppData\Local\Temp\cinehome-hls-new-batman-series-s01e05\seg_0218.ts: 343.33 MiB / 343.33 MiB  65.59 MiB/s
C:\Users\Kevin\AppData\Local\Temp\cinehome-hls-new-batman-series-s01e05\seg_0219.ts: 345.84 MiB / 345.84 MiB  66.01 MiB/s
C:\Users\Kevin\AppData\Local\Temp\cinehome-hls-new-batman-series-s01e05\seg_0220.ts: 346.27 MiB / 346.27 MiB  65.74 MiB/s
C:\Users\Kevin\AppData\Local\Temp\cinehome-hls-new-batman-series-s01e05\seg_0221.ts: 347.51 MiB / 347.51 MiB  65.48 MiB/s
C:\Users\Kevin\AppData\Local\Temp\cinehome-hls-new-batman-series-s01e05\seg_0222.ts: 348.07 MiB / 348.07 MiB  65.55 MiB/s
C:\Users\Kevin\AppData\Local\Temp\cinehome-hls-new-batman-series-s01e05\seg_0223.ts: 348.42 MiB / 348.42 MiB  65.36 MiB/s
C:\Users\Kevin\AppData\Local\Temp\cinehome-hls-new-batman-series-s01e05\seg_0223.ts: 348.42 MiB / 348.42 MiB  65.27 MiB/s
C:\Users\Kevin\AppData\Local\Temp\cinehome-hls-new-batman-series-s01e05\seg_0223.ts: 348.42 MiB / 348.42 MiB  65.27 MiB/s
C:\Users\Kevin\AppData\Local\Temp\cinehome-hls-new-batman-series-s01e05\seg_0224.ts: 349.10 MiB / 349.10 MiB  65.13 MiB/s
C:\Users\Kevin\AppData\Local\Temp\cinehome-hls-new-batman-series-s01e05\seg_0225.ts: 351.32 MiB / 351.32 MiB  65.46 MiB/s
C:\Users\Kevin\AppData\Local\Temp\cinehome-hls-new-batman-series-s01e05\seg_0226.ts: 352.36 MiB / 352.36 MiB  65.51 MiB/s
C:\Users\Kevin\AppData\Local\Temp\cinehome-hls-new-batman-series-s01e05\seg_0227.ts: 353.38 MiB / 353.38 MiB  65.62 MiB/s
C:\Users\Kevin\AppData\Local\Temp\cinehome-hls-new-batman-series-s01e05\seg_0228.ts: 353.88 MiB / 353.88 MiB  65.66 MiB/s
C:\Users\Kevin\AppData\Local\Temp\cinehome-hls-new-batman-series-s01e05\seg_0229.ts: 355.76 MiB / 355.76 MiB  65.95 MiB/s
C:\Users\Kevin\AppData\Local\Temp\cinehome-hls-new-batman-series-s01e05\seg_0230.ts: 356.65 MiB / 356.65 MiB  66.11 MiB/s
C:\Users\Kevin\AppData\Local\Temp\cinehome-hls-new-batman-series-s01e05\seg_0231.ts: 357.54 MiB / 357.54 MiB  66.23 MiB/s
C:\Users\Kevin\AppData\Local\Temp\cinehome-hls-new-batman-series-s01e05\seg_0232.ts: 358.27 MiB / 358.27 MiB  66.36 MiB/s
C:\Users\Kevin\AppData\Local\Temp\cinehome-hls-new-batman-series-s01e05\seg_0232.ts: 359.37 MiB / 359.37 MiB  66.56 MiB/s
C:\Users\Kevin\AppData\Local\Temp\cinehome-hls-new-batman-series-s01e05\seg_0232.ts: 365.71 MiB / 365.71 MiB  67.73 MiB/s
C:\Users\Kevin\AppData\Local\Temp\cinehome-hls-new-batman-series-s01e05\seg_0235.ts: 376.46 MiB / 376.46 MiB  69.71 MiB/s
C:\Users\Kevin\AppData\Local\Temp\cinehome-hls-new-batman-series-s01e05\seg_0236.ts: 387.04 MiB / 387.04 MiB  71.53 MiB/s
C:\Users\Kevin\AppData\Local\Temp\cinehome-hls-new-batman-series-s01e05\seg_0237.ts: 392.75 MiB / 392.75 MiB  72.56 MiB/s
C:\Users\Kevin\AppData\Local\Temp\cinehome-hls-new-batman-series-s01e05\seg_0238.ts: 401.30 MiB / 401.30 MiB  73.83 MiB/s
C:\Users\Kevin\AppData\Local\Temp\cinehome-hls-new-batman-series-s01e05\seg_0239.ts: 405.12 MiB / 405.12 MiB  74.49 MiB/s
C:\Users\Kevin\AppData\Local\Temp\cinehome-hls-new-batman-series-s01e05\seg_0240.ts: 405.99 MiB / 405.99 MiB  74.63 MiB/s
C:\Users\Kevin\AppData\Local\Temp\cinehome-hls-new-batman-series-s01e05\seg_0241.ts: 406.51 MiB / 406.51 MiB  74.70 MiB/s
C:\Users\Kevin\AppData\Local\Temp\cinehome-hls-new-batman-series-s01e05\seg_0242.ts: 407.75 MiB / 407.75 MiB  74.92 MiB/s
C:\Users\Kevin\AppData\Local\Temp\cinehome-hls-new-batman-series-s01e05\seg_0243.ts: 408.03 MiB / 408.03 MiB  74.93 MiB/s
C:\Users\Kevin\AppData\Local\Temp\cinehome-hls-new-batman-series-s01e05\seg_0244.ts: 408.26 MiB / 408.26 MiB  74.96 MiB/s
C:\Users\Kevin\AppData\Local\Temp\cinehome-hls-new-batman-series-s01e05\seg_0244.ts: 408.46 MiB / 408.46 MiB  75.00 MiB/s
C:\Users\Kevin\AppData\Local\Temp\cinehome-hls-new-batman-series-s01e05\seg_0246.ts: 408.63 MiB / 408.63 MiB  75.03 MiB/s
C:\Users\Kevin\AppData\Local\Temp\cinehome-hls-new-batman-series-s01e05\seg_0247.ts: 408.84 MiB / 408.84 MiB  75.06 MiB/s
C:\Users\Kevin\AppData\Local\Temp\cinehome-hls-new-batman-series-s01e05\seg_0247.ts: 409.12 MiB / 409.12 MiB  75.11 MiB/s
C:\Users\Kevin\AppData\Local\Temp\cinehome-hls-new-batman-series-s01e05\seg_0249.ts: 409.33 MiB / 409.33 MiB  75.13 MiB/s
C:\Users\Kevin\AppData\Local\Temp\cinehome-hls-new-batman-series-s01e05\seg_0249.ts: 409.48 MiB / 409.48 MiB  75.14 MiB/s
C:\Users\Kevin\AppData\Local\Temp\cinehome-hls-new-batman-series-s01e05\seg_0251.ts: 409.63 MiB / 409.63 MiB  75.14 MiB/s
C:\Users\Kevin\AppData\Local\Temp\cinehome-hls-new-batman-series-s01e05\seg_0251.ts: 409.63 MiB / 409.63 MiB  74.97 MiB/s
C:\Users\Kevin\AppData\Local\Temp\cinehome-hls-new-batman-series-s01e05\seg_0251.ts: 409.63 MiB / 409.63 MiB  74.97 MiB/s
C:\Users\Kevin\AppData\Local\Temp\cinehome-hls-new-batman-series-s01e05\seg_0251.ts: 409.83 MiB / 409.83 MiB  74.59 MiB/s
C:\Users\Kevin\AppData\Local\Temp\cinehome-hls-new-batman-series-s01e05\seg_0251.ts: 410.00 MiB / 410.00 MiB  74.62 MiB/s
C:\Users\Kevin\AppData\Local\Temp\cinehome-hls-new-batman-series-s01e05\seg_0252.ts: 410.23 MiB / 410.23 MiB  74.65 MiB/s
C:\Users\Kevin\AppData\Local\Temp\cinehome-hls-new-batman-series-s01e05\seg_0255.ts: 410.40 MiB / 410.40 MiB  74.11 MiB/s
C:\Users\Kevin\AppData\Local\Temp\cinehome-hls-new-batman-series-s01e05\seg_0256.ts: 410.48 MiB / 410.48 MiB  74.11 MiB/s
C:\Users\Kevin\AppData\Local\Temp\cinehome-hls-new-batman-series-s01e05\seg_0257.ts: 410.48 MiB / 410.48 MiB  73.44 MiB/s
C:\Users\Kevin\AppData\Local\Temp\cinehome-hls-new-batman-series-s01e05\seg_0257.ts: 410.48 MiB / 410.48 MiB  73.44 MiB/s
C:\Users\Kevin\AppData\Local\Temp\cinehome-hls-new-batman-series-s01e05\seg_0257.ts: 410.48 MiB / 410.48 MiB  71.83 MiB/s
C:\Users\Kevin\AppData\Local\Temp\cinehome-hls-new-batman-series-s01e05\seg_0257.ts: 410.48 MiB / 410.48 MiB  71.83 MiB/s
C:\Users\Kevin\AppData\Local\Temp\cinehome-hls-new-batman-series-s01e05\seg_0257.ts: 410.48 MiB / 410.48 MiB  70.29 MiB/s
C:\Users\Kevin\AppData\Local\Temp\cinehome-hls-new-batman-series-s01e05\seg_0257.ts: 410.48 MiB / 410.48 MiB  70.29 MiB/s
C:\Users\Kevin\AppData\Local\Temp\cinehome-hls-new-batman-series-s01e05\seg_0257.ts: 410.48 MiB / 410.48 MiB  68.82 MiB/s
C:\Users\Kevin\AppData\Local\Temp\cinehome-hls-new-batman-series-s01e05\seg_0257.ts: 410.48 MiB / 410.48 MiB  68.82 MiB/s
C:\Users\Kevin\AppData\Local\Temp\cinehome-hls-new-batman-series-s01e05\seg_0257.ts: 410.48 MiB / 410.48 MiB  67.40 MiB/s
C:\Users\Kevin\AppData\Local\Temp\cinehome-hls-new-batman-series-s01e05\seg_0257.ts: 410.48 MiB / 410.48 MiB  67.40 MiB/s
C:\Users\Kevin\AppData\Local\Temp\cinehome-hls-new-batman-series-s01e05\seg_0257.ts: 410.48 MiB / 410.48 MiB  66.35 MiB/s 6s

 0 B / ? 
 0 B / ? 
 7.54 KiB / 7.54 KiB  283.18 KiB/s
 7.60 KiB / 7.60 KiB  285.38 KiB/s
C:\Users\Kevin\AppData\Local\Temp\cinehome-hls-new-batman-series-s01e06\master.m3u8: 7.75 KiB / 7.75 KiB  285.52 KiB/s
C:\Users\Kevin\AppData\Local\Temp\cinehome-hls-new-batman-series-s01e06\master.m3u8: 7.84 KiB / 7.84 KiB  288.83 KiB/s
C:\Users\Kevin\AppData\Local\Temp\cinehome-hls-new-batman-series-s01e06\master.m3u8: 8.06 KiB / 8.06 KiB  291.19 KiB/s
C:\Users\Kevin\AppData\Local\Temp\cinehome-hls-new-batman-series-s01e06\master10.vtt: 8.26 KiB / 8.26 KiB  298.31 KiB/s
C:\Users\Kevin\AppData\Local\Temp\cinehome-hls-new-batman-series-s01e06\master100.vtt: 8.27 KiB / 8.27 KiB  292.00 KiB/s
C:\Users\Kevin\AppData\Local\Temp\cinehome-hls-new-batman-series-s01e06\master101.vtt: 8.31 KiB / 8.31 KiB  288.58 KiB/s
C:\Users\Kevin\AppData\Local\Temp\cinehome-hls-new-batman-series-s01e06\master102.vtt: 8.38 KiB / 8.38 KiB  285.35 KiB/s
C:\Users\Kevin\AppData\Local\Temp\cinehome-hls-new-batman-series-s01e06\master102.vtt: 8.54 KiB / 8.54 KiB  285.24 KiB/s
C:\Users\Kevin\AppData\Local\Temp\cinehome-hls-new-batman-series-s01e06\master102.vtt: 8.60 KiB / 8.60 KiB  287.26 KiB/s
C:\Users\Kevin\AppData\Local\Temp\cinehome-hls-new-batman-series-s01e06\master103.vtt: 8.77 KiB / 8.77 KiB  287.46 KiB/s
C:\Users\Kevin\AppData\Local\Temp\cinehome-hls-new-batman-series-s01e06\master104.vtt: 8.85 KiB / 8.85 KiB  290.31 KiB/s
C:\Users\Kevin\AppData\Local\Temp\cinehome-hls-new-batman-series-s01e06\master108.vtt: 9.00 KiB / 9.00 KiB  202.75 KiB/s
C:\Users\Kevin\AppData\Local\Temp\cinehome-hls-new-batman-series-s01e06\master109.vtt: 9.04 KiB / 9.04 KiB  178.01 KiB/s
C:\Users\Kevin\AppData\Local\Temp\cinehome-hls-new-batman-series-s01e06\master11.vtt: 9.20 KiB / 9.20 KiB  133.11 KiB/s
C:\Users\Kevin\AppData\Local\Temp\cinehome-hls-new-batman-series-s01e06\master110.vtt: 9.42 KiB / 9.42 KiB  129.75 KiB/s
C:\Users\Kevin\AppData\Local\Temp\cinehome-hls-new-batman-series-s01e06\master111.vtt: 9.64 KiB / 9.64 KiB  112.25 KiB/s
C:\Users\Kevin\AppData\Local\Temp\cinehome-hls-new-batman-series-s01e06\master112.vtt: 9.93 KiB / 9.93 KiB  113.82 KiB/s
C:\Users\Kevin\AppData\Local\Temp\cinehome-hls-new-batman-series-s01e06\master113.vtt: 10.10 KiB / 10.10 KiB  115.09 KiB/s
C:\Users\Kevin\AppData\Local\Temp\cinehome-hls-new-batman-series-s01e06\master114.vtt: 10.21 KiB / 10.21 KiB  115.60 KiB/s
C:\Users\Kevin\AppData\Local\Temp\cinehome-hls-new-batman-series-s01e06\master115.vtt: 10.21 KiB / 10.21 KiB  114.15 KiB/s
C:\Users\Kevin\AppData\Local\Temp\cinehome-hls-new-batman-series-s01e06\master116.vtt: 10.29 KiB / 10.29 KiB  112.53 KiB/s
C:\Users\Kevin\AppData\Local\Temp\cinehome-hls-new-batman-series-s01e06\master117.vtt: 10.29 KiB / 10.29 KiB  112.60 KiB/s
C:\Users\Kevin\AppData\Local\Temp\cinehome-hls-new-batman-series-s01e06\master118.vtt: 10.38 KiB / 10.38 KiB  104.56 KiB/s
C:\Users\Kevin\AppData\Local\Temp\cinehome-hls-new-batman-series-s01e06\master119.vtt: 10.39 KiB / 10.39 KiB  104.63 KiB/s
C:\Users\Kevin\AppData\Local\Temp\cinehome-hls-new-batman-series-s01e06\master12.vtt: 10.44 KiB / 10.44 KiB  104.59 KiB/s
C:\Users\Kevin\AppData\Local\Temp\cinehome-hls-new-batman-series-s01e06\master120.vtt: 10.51 KiB / 10.51 KiB  104.70 KiB/s
C:\Users\Kevin\AppData\Local\Temp\cinehome-hls-new-batman-series-s01e06\master121.vtt: 10.81 KiB / 10.81 KiB  107.75 KiB/s
C:\Users\Kevin\AppData\Local\Temp\cinehome-hls-new-batman-series-s01e06\master122.vtt: 10.87 KiB / 10.87 KiB  89.76 KiB/s
C:\Users\Kevin\AppData\Local\Temp\cinehome-hls-new-batman-series-s01e06\master123.vtt: 10.97 KiB / 10.97 KiB  89.61 KiB/s
C:\Users\Kevin\AppData\Local\Temp\cinehome-hls-new-batman-series-s01e06\master123.vtt: 10.97 KiB / 10.97 KiB  87.44 KiB/s
C:\Users\Kevin\AppData\Local\Temp\cinehome-hls-new-batman-series-s01e06\master123.vtt: 10.97 KiB / 10.97 KiB  87.44 KiB/s
C:\Users\Kevin\AppData\Local\Temp\cinehome-hls-new-batman-series-s01e06\master124.vtt: 11.10 KiB / 11.10 KiB  87.58 KiB/s
C:\Users\Kevin\AppData\Local\Temp\cinehome-hls-new-batman-series-s01e06\master124.vtt: 11.14 KiB / 11.14 KiB  87.92 KiB/s
C:\Users\Kevin\AppData\Local\Temp\cinehome-hls-new-batman-series-s01e06\master126.vtt: 11.30 KiB / 11.30 KiB  86.81 KiB/s
C:\Users\Kevin\AppData\Local\Temp\cinehome-hls-new-batman-series-s01e06\master126.vtt: 11.39 KiB / 11.39 KiB  87.48 KiB/s
C:\Users\Kevin\AppData\Local\Temp\cinehome-hls-new-batman-series-s01e06\master126.vtt: 11.50 KiB / 11.50 KiB  87.96 KiB/s
C:\Users\Kevin\AppData\Local\Temp\cinehome-hls-new-batman-series-s01e06\master126.vtt: 11.54 KiB / 11.54 KiB  88.26 KiB/s
C:\Users\Kevin\AppData\Local\Temp\cinehome-hls-new-batman-series-s01e06\master126.vtt: 11.59 KiB / 11.59 KiB  88.68 KiB/s
C:\Users\Kevin\AppData\Local\Temp\cinehome-hls-new-batman-series-s01e06\master126.vtt: 11.60 KiB / 11.60 KiB  88.38 KiB/s
C:\Users\Kevin\AppData\Local\Temp\cinehome-hls-new-batman-series-s01e06\master128.vtt: 11.69 KiB / 11.69 KiB  89.07 KiB/s
C:\Users\Kevin\AppData\Local\Temp\cinehome-hls-new-batman-series-s01e06\master128.vtt: 11.88 KiB / 11.88 KiB  90.55 KiB/s
C:\Users\Kevin\AppData\Local\Temp\cinehome-hls-new-batman-series-s01e06\master133.vtt: 11.96 KiB / 11.96 KiB  86.84 KiB/s
C:\Users\Kevin\AppData\Local\Temp\cinehome-hls-new-batman-series-s01e06\master134.vtt: 12.05 KiB / 12.05 KiB  71.45 KiB/s
C:\Users\Kevin\AppData\Local\Temp\cinehome-hls-new-batman-series-s01e06\master134.vtt: 12.17 KiB / 12.17 KiB  71.95 KiB/s
C:\Users\Kevin\AppData\Local\Temp\cinehome-hls-new-batman-series-s01e06\master135.vtt: 12.21 KiB / 12.21 KiB  71.98 KiB/s
C:\Users\Kevin\AppData\Local\Temp\cinehome-hls-new-batman-series-s01e06\master137.vtt: 12.43 KiB / 12.43 KiB  72.87 KiB/s
C:\Users\Kevin\AppData\Local\Temp\cinehome-hls-new-batman-series-s01e06\master137.vtt: 12.51 KiB / 12.51 KiB  73.11 KiB/s
C:\Users\Kevin\AppData\Local\Temp\cinehome-hls-new-batman-series-s01e06\master137.vtt: 12.59 KiB / 12.59 KiB  73.55 KiB/s
C:\Users\Kevin\AppData\Local\Temp\cinehome-hls-new-batman-series-s01e06\master139.vtt: 12.63 KiB / 12.63 KiB  73.56 KiB/s
C:\Users\Kevin\AppData\Local\Temp\cinehome-hls-new-batman-series-s01e06\master139.vtt: 12.75 KiB / 12.75 KiB  74.24 KiB/s
C:\Users\Kevin\AppData\Local\Temp\cinehome-hls-new-batman-series-s01e06\master140.vtt: 12.85 KiB / 12.85 KiB  74.61 KiB/s
C:\Users\Kevin\AppData\Local\Temp\cinehome-hls-new-batman-series-s01e06\master141.vtt: 12.89 KiB / 12.89 KiB  74.85 KiB/s
C:\Users\Kevin\AppData\Local\Temp\cinehome-hls-new-batman-series-s01e06\master141.vtt: 12.95 KiB / 12.95 KiB  74.93 KiB/s
C:\Users\Kevin\AppData\Local\Temp\cinehome-hls-new-batman-series-s01e06\master141.vtt: 13.09 KiB / 13.09 KiB  75.76 KiB/s
C:\Users\Kevin\AppData\Local\Temp\cinehome-hls-new-batman-series-s01e06\master145.vtt: 13.29 KiB / 13.29 KiB  73.36 KiB/s
C:\Users\Kevin\AppData\Local\Temp\cinehome-hls-new-batman-series-s01e06\master146.vtt: 13.57 KiB / 13.57 KiB  74.16 KiB/s
C:\Users\Kevin\AppData\Local\Temp\cinehome-hls-new-batman-series-s01e06\master147.vtt: 13.74 KiB / 13.74 KiB  73.51 KiB/s
C:\Users\Kevin\AppData\Local\Temp\cinehome-hls-new-batman-series-s01e06\master147.vtt: 13.75 KiB / 13.75 KiB  73.55 KiB/s
C:\Users\Kevin\AppData\Local\Temp\cinehome-hls-new-batman-series-s01e06\master149.vtt: 13.90 KiB / 13.90 KiB  71.92 KiB/s
C:\Users\Kevin\AppData\Local\Temp\cinehome-hls-new-batman-series-s01e06\master15.vtt: 13.91 KiB / 13.91 KiB  65.72 KiB/s
C:\Users\Kevin\AppData\Local\Temp\cinehome-hls-new-batman-series-s01e06\master150.vtt: 14.00 KiB / 14.00 KiB  64.38 KiB/s
C:\Users\Kevin\AppData\Local\Temp\cinehome-hls-new-batman-series-s01e06\master150.vtt: 14.00 KiB / 14.00 KiB  61.34 KiB/s
C:\Users\Kevin\AppData\Local\Temp\cinehome-hls-new-batman-series-s01e06\master150.vtt: 14.17 KiB / 14.17 KiB  62.07 KiB/s
C:\Users\Kevin\AppData\Local\Temp\cinehome-hls-new-batman-series-s01e06\master151.vtt: 14.24 KiB / 14.24 KiB  62.22 KiB/s
C:\Users\Kevin\AppData\Local\Temp\cinehome-hls-new-batman-series-s01e06\master151.vtt: 14.48 KiB / 14.48 KiB  63.03 KiB/s
C:\Users\Kevin\AppData\Local\Temp\cinehome-hls-new-batman-series-s01e06\master154.vtt: 14.58 KiB / 14.58 KiB  63.47 KiB/s
C:\Users\Kevin\AppData\Local\Temp\cinehome-hls-new-batman-series-s01e06\master155.vtt: 14.74 KiB / 14.74 KiB  64.03 KiB/s
C:\Users\Kevin\AppData\Local\Temp\cinehome-hls-new-batman-series-s01e06\master156.vtt: 14.90 KiB / 14.90 KiB  64.51 KiB/s
C:\Users\Kevin\AppData\Local\Temp\cinehome-hls-new-batman-series-s01e06\master156.vtt: 15.08 KiB / 15.08 KiB  65.32 KiB/s
C:\Users\Kevin\AppData\Local\Temp\cinehome-hls-new-batman-series-s01e06\master156.vtt: 15.13 KiB / 15.13 KiB  65.38 KiB/s
C:\Users\Kevin\AppData\Local\Temp\cinehome-hls-new-batman-series-s01e06\master16.vtt: 15.27 KiB / 15.27 KiB  65.13 KiB/s
C:\Users\Kevin\AppData\Local\Temp\cinehome-hls-new-batman-series-s01e06\master160.vtt: 15.40 KiB / 15.40 KiB  65.67 KiB/s
C:\Users\Kevin\AppData\Local\Temp\cinehome-hls-new-batman-series-s01e06\master161.vtt: 15.40 KiB / 15.40 KiB  65.38 KiB/s
C:\Users\Kevin\AppData\Local\Temp\cinehome-hls-new-batman-series-s01e06\master161.vtt: 15.40 KiB / 15.40 KiB  61.26 KiB/s
C:\Users\Kevin\AppData\Local\Temp\cinehome-hls-new-batman-series-s01e06\master161.vtt: 15.40 KiB / 15.40 KiB  61.26 KiB/s
C:\Users\Kevin\AppData\Local\Temp\cinehome-hls-new-batman-series-s01e06\master162.vtt: 15.60 KiB / 15.60 KiB  58.05 KiB/s
C:\Users\Kevin\AppData\Local\Temp\cinehome-hls-new-batman-series-s01e06\master163.vtt: 15.61 KiB / 15.61 KiB  57.60 KiB/s
C:\Users\Kevin\AppData\Local\Temp\cinehome-hls-new-batman-series-s01e06\master163.vtt: 15.66 KiB / 15.66 KiB  57.57 KiB/s
C:\Users\Kevin\AppData\Local\Temp\cinehome-hls-new-batman-series-s01e06\master163.vtt: 15.84 KiB / 15.84 KiB  58.23 KiB/s
C:\Users\Kevin\AppData\Local\Temp\cinehome-hls-new-batman-series-s01e06\master163.vtt: 15.93 KiB / 15.93 KiB  58.58 KiB/s
C:\Users\Kevin\AppData\Local\Temp\cinehome-hls-new-batman-series-s01e06\master167.vtt: 15.94 KiB / 15.94 KiB  58.61 KiB/s
C:\Users\Kevin\AppData\Local\Temp\cinehome-hls-new-batman-series-s01e06\master165.vtt: 16.13 KiB / 16.13 KiB  59.17 KiB/s
C:\Users\Kevin\AppData\Local\Temp\cinehome-hls-new-batman-series-s01e06\master168.vtt: 16.14 KiB / 16.14 KiB  59.20 KiB/s
C:\Users\Kevin\AppData\Local\Temp\cinehome-hls-new-batman-series-s01e06\master169.vtt: 16.40 KiB / 16.40 KiB  60.06 KiB/s
C:\Users\Kevin\AppData\Local\Temp\cinehome-hls-new-batman-series-s01e06\master17.vtt: 16.49 KiB / 16.49 KiB  60.27 KiB/s
C:\Users\Kevin\AppData\Local\Temp\cinehome-hls-new-batman-series-s01e06\master170.vtt: 16.55 KiB / 16.55 KiB  60.38 KiB/s
C:\Users\Kevin\AppData\Local\Temp\cinehome-hls-new-batman-series-s01e06\master171.vtt: 16.65 KiB / 16.65 KiB  60.62 KiB/s
C:\Users\Kevin\AppData\Local\Temp\cinehome-hls-new-batman-series-s01e06\master173.vtt: 16.66 KiB / 16.66 KiB  54.18 KiB/s
C:\Users\Kevin\AppData\Local\Temp\cinehome-hls-new-batman-series-s01e06\master173.vtt: 16.84 KiB / 16.84 KiB  54.79 KiB/s
C:\Users\Kevin\AppData\Local\Temp\cinehome-hls-new-batman-series-s01e06\master175.vtt: 16.95 KiB / 16.95 KiB  54.91 KiB/s
C:\Users\Kevin\AppData\Local\Temp\cinehome-hls-new-batman-series-s01e06\master176.vtt: 17.01 KiB / 17.01 KiB  54.63 KiB/s
C:\Users\Kevin\AppData\Local\Temp\cinehome-hls-new-batman-series-s01e06\master177.vtt: 17.02 KiB / 17.02 KiB  54.56 KiB/s
C:\Users\Kevin\AppData\Local\Temp\cinehome-hls-new-batman-series-s01e06\master178.vtt: 17.07 KiB / 17.07 KiB  54.73 KiB/s
C:\Users\Kevin\AppData\Local\Temp\cinehome-hls-new-batman-series-s01e06\master179.vtt: 17.12 KiB / 17.12 KiB  54.33 KiB/s
C:\Users\Kevin\AppData\Local\Temp\cinehome-hls-new-batman-series-s01e06\master18.vtt: 17.13 KiB / 17.13 KiB  54.27 KiB/s
C:\Users\Kevin\AppData\Local\Temp\cinehome-hls-new-batman-series-s01e06\master180.vtt: 17.17 KiB / 17.17 KiB  52.79 KiB/s
C:\Users\Kevin\AppData\Local\Temp\cinehome-hls-new-batman-series-s01e06\master180.vtt: 17.30 KiB / 17.30 KiB  53.17 KiB/s
C:\Users\Kevin\AppData\Local\Temp\cinehome-hls-new-batman-series-s01e06\master180.vtt: 17.42 KiB / 17.42 KiB  53.55 KiB/s
C:\Users\Kevin\AppData\Local\Temp\cinehome-hls-new-batman-series-s01e06\master180.vtt: 17.53 KiB / 17.53 KiB  53.88 KiB/s
C:\Users\Kevin\AppData\Local\Temp\cinehome-hls-new-batman-series-s01e06\master184.vtt: 17.66 KiB / 17.66 KiB  51.11 KiB/s
C:\Users\Kevin\AppData\Local\Temp\cinehome-hls-new-batman-series-s01e06\master185.vtt: 17.71 KiB / 17.71 KiB  50.92 KiB/s
C:\Users\Kevin\AppData\Local\Temp\cinehome-hls-new-batman-series-s01e06\master186.vtt: 17.78 KiB / 17.78 KiB  51.02 KiB/s
C:\Users\Kevin\AppData\Local\Temp\cinehome-hls-new-batman-series-s01e06\master187.vtt: 17.86 KiB / 17.86 KiB  51.18 KiB/s
C:\Users\Kevin\AppData\Local\Temp\cinehome-hls-new-batman-series-s01e06\master188.vtt: 17.91 KiB / 17.91 KiB  50.33 KiB/s
C:\Users\Kevin\AppData\Local\Temp\cinehome-hls-new-batman-series-s01e06\master188.vtt: 17.91 KiB / 17.91 KiB  50.35 KiB/s
C:\Users\Kevin\AppData\Local\Temp\cinehome-hls-new-batman-series-s01e06\master188.vtt: 17.96 KiB / 17.96 KiB  50.49 KiB/s
C:\Users\Kevin\AppData\Local\Temp\cinehome-hls-new-batman-series-s01e06\master190.vtt: 17.97 KiB / 17.97 KiB  50.23 KiB/s
C:\Users\Kevin\AppData\Local\Temp\cinehome-hls-new-batman-series-s01e06\master190.vtt: 18.02 KiB / 18.02 KiB  50.36 KiB/s
C:\Users\Kevin\AppData\Local\Temp\cinehome-hls-new-batman-series-s01e06\master190.vtt: 18.09 KiB / 18.09 KiB  50.57 KiB/s
C:\Users\Kevin\AppData\Local\Temp\cinehome-hls-new-batman-series-s01e06\master193.vtt: 18.10 KiB / 18.10 KiB  50.04 KiB/s
C:\Users\Kevin\AppData\Local\Temp\cinehome-hls-new-batman-series-s01e06\master194.vtt: 18.18 KiB / 18.18 KiB  49.69 KiB/s
C:\Users\Kevin\AppData\Local\Temp\cinehome-hls-new-batman-series-s01e06\master195.vtt: 18.35 KiB / 18.35 KiB  49.12 KiB/s
C:\Users\Kevin\AppData\Local\Temp\cinehome-hls-new-batman-series-s01e06\master195.vtt: 18.35 KiB / 18.35 KiB  48.73 KiB/s
C:\Users\Kevin\AppData\Local\Temp\cinehome-hls-new-batman-series-s01e06\master195.vtt: 18.35 KiB / 18.35 KiB  48.73 KiB/s
C:\Users\Kevin\AppData\Local\Temp\cinehome-hls-new-batman-series-s01e06\master196.vtt: 18.43 KiB / 18.43 KiB  47.67 KiB/s
C:\Users\Kevin\AppData\Local\Temp\cinehome-hls-new-batman-series-s01e06\master197.vtt: 18.58 KiB / 18.58 KiB  47.65 KiB/s
C:\Users\Kevin\AppData\Local\Temp\cinehome-hls-new-batman-series-s01e06\master198.vtt: 18.70 KiB / 18.70 KiB  47.80 KiB/s
C:\Users\Kevin\AppData\Local\Temp\cinehome-hls-new-batman-series-s01e06\master198.vtt: 18.93 KiB / 18.93 KiB  48.40 KiB/s
C:\Users\Kevin\AppData\Local\Temp\cinehome-hls-new-batman-series-s01e06\master199.vtt: 18.94 KiB / 18.94 KiB  48.42 KiB/s
C:\Users\Kevin\AppData\Local\Temp\cinehome-hls-new-batman-series-s01e06\master199.vtt: 18.94 KiB / 18.94 KiB  48.36 KiB/s
C:\Users\Kevin\AppData\Local\Temp\cinehome-hls-new-batman-series-s01e06\master200.vtt: 19.10 KiB / 19.10 KiB  48.69 KiB/s
C:\Users\Kevin\AppData\Local\Temp\cinehome-hls-new-batman-series-s01e06\master201.vtt: 19.15 KiB / 19.15 KiB  48.76 KiB/s
C:\Users\Kevin\AppData\Local\Temp\cinehome-hls-new-batman-series-s01e06\master202.vtt: 19.16 KiB / 19.16 KiB  48.61 KiB/s
C:\Users\Kevin\AppData\Local\Temp\cinehome-hls-new-batman-series-s01e06\master203.vtt: 19.20 KiB / 19.20 KiB  48.47 KiB/s
C:\Users\Kevin\AppData\Local\Temp\cinehome-hls-new-batman-series-s01e06\master204.vtt: 19.21 KiB / 19.21 KiB  48.19 KiB/s
C:\Users\Kevin\AppData\Local\Temp\cinehome-hls-new-batman-series-s01e06\master205.vtt: 19.21 KiB / 19.21 KiB  47.49 KiB/s
C:\Users\Kevin\AppData\Local\Temp\cinehome-hls-new-batman-series-s01e06\master206.vtt: 19.25 KiB / 19.25 KiB  45.40 KiB/s
C:\Users\Kevin\AppData\Local\Temp\cinehome-hls-new-batman-series-s01e06\master207.vtt: 19.34 KiB / 19.34 KiB  45.36 KiB/s
C:\Users\Kevin\AppData\Local\Temp\cinehome-hls-new-batman-series-s01e06\master208.vtt: 19.41 KiB / 19.41 KiB  45.53 KiB/s
C:\Users\Kevin\AppData\Local\Temp\cinehome-hls-new-batman-series-s01e06\master208.vtt: 19.42 KiB / 19.42 KiB  45.48 KiB/s
C:\Users\Kevin\AppData\Local\Temp\cinehome-hls-new-batman-series-s01e06\master208.vtt: 19.51 KiB / 19.51 KiB  45.71 KiB/s
C:\Users\Kevin\AppData\Local\Temp\cinehome-hls-new-batman-series-s01e06\master21.vtt: 19.60 KiB / 19.60 KiB  45.84 KiB/s
C:\Users\Kevin\AppData\Local\Temp\cinehome-hls-new-batman-series-s01e06\master210.vtt: 19.64 KiB / 19.64 KiB  45.82 KiB/s
C:\Users\Kevin\AppData\Local\Temp\cinehome-hls-new-batman-series-s01e06\master211.vtt: 19.71 KiB / 19.71 KiB  45.92 KiB/s
C:\Users\Kevin\AppData\Local\Temp\cinehome-hls-new-batman-series-s01e06\master212.vtt: 19.75 KiB / 19.75 KiB  45.96 KiB/s
C:\Users\Kevin\AppData\Local\Temp\cinehome-hls-new-batman-series-s01e06\master214.vtt: 19.76 KiB / 19.76 KiB  45.86 KiB/s
C:\Users\Kevin\AppData\Local\Temp\cinehome-hls-new-batman-series-s01e06\master214.vtt: 19.76 KiB / 19.76 KiB  45.88 KiB/s
C:\Users\Kevin\AppData\Local\Temp\cinehome-hls-new-batman-series-s01e06\master215.vtt: 19.90 KiB / 19.90 KiB  46.13 KiB/s
C:\Users\Kevin\AppData\Local\Temp\cinehome-hls-new-batman-series-s01e06\master217.vtt: 19.98 KiB / 19.98 KiB  43.19 KiB/s
C:\Users\Kevin\AppData\Local\Temp\cinehome-hls-new-batman-series-s01e06\master218.vtt: 20.08 KiB / 20.08 KiB  43.34 KiB/s
C:\Users\Kevin\AppData\Local\Temp\cinehome-hls-new-batman-series-s01e06\master219.vtt: 20.09 KiB / 20.09 KiB  43.30 KiB/s
C:\Users\Kevin\AppData\Local\Temp\cinehome-hls-new-batman-series-s01e06\master219.vtt: 20.25 KiB / 20.25 KiB  43.61 KiB/s
C:\Users\Kevin\AppData\Local\Temp\cinehome-hls-new-batman-series-s01e06\master22.vtt: 20.32 KiB / 20.32 KiB  43.65 KiB/s
C:\Users\Kevin\AppData\Local\Temp\cinehome-hls-new-batman-series-s01e06\master22.vtt: 20.40 KiB / 20.40 KiB  43.83 KiB/s
C:\Users\Kevin\AppData\Local\Temp\cinehome-hls-new-batman-series-s01e06\master22.vtt: 20.49 KiB / 20.49 KiB  44.02 KiB/s
C:\Users\Kevin\AppData\Local\Temp\cinehome-hls-new-batman-series-s01e06\master22.vtt: 20.63 KiB / 20.63 KiB  44.27 KiB/s
C:\Users\Kevin\AppData\Local\Temp\cinehome-hls-new-batman-series-s01e06\master22.vtt: 20.69 KiB / 20.69 KiB  44.38 KiB/s
C:\Users\Kevin\AppData\Local\Temp\cinehome-hls-new-batman-series-s01e06\master22.vtt: 20.81 KiB / 20.81 KiB  44.64 KiB/s
C:\Users\Kevin\AppData\Local\Temp\cinehome-hls-new-batman-series-s01e06\master22.vtt: 20.81 KiB / 20.81 KiB  44.66 KiB/s
C:\Users\Kevin\AppData\Local\Temp\cinehome-hls-new-batman-series-s01e06\master22.vtt: 20.86 KiB / 20.86 KiB  44.76 KiB/s
C:\Users\Kevin\AppData\Local\Temp\cinehome-hls-new-batman-series-s01e06\master228.vtt: 20.95 KiB / 20.95 KiB  42.20 KiB/s
C:\Users\Kevin\AppData\Local\Temp\cinehome-hls-new-batman-series-s01e06\master228.vtt: 20.95 KiB / 20.95 KiB  42.17 KiB/s
C:\Users\Kevin\AppData\Local\Temp\cinehome-hls-new-batman-series-s01e06\master229.vtt: 20.96 KiB / 20.96 KiB  42.12 KiB/s
C:\Users\Kevin\AppData\Local\Temp\cinehome-hls-new-batman-series-s01e06\master229.vtt: 21.02 KiB / 21.02 KiB  42.18 KiB/s
C:\Users\Kevin\AppData\Local\Temp\cinehome-hls-new-batman-series-s01e06\master230.vtt: 21.02 KiB / 21.02 KiB  42.19 KiB/s
C:\Users\Kevin\AppData\Local\Temp\cinehome-hls-new-batman-series-s01e06\master231.vtt: 21.03 KiB / 21.03 KiB  42.16 KiB/s
C:\Users\Kevin\AppData\Local\Temp\cinehome-hls-new-batman-series-s01e06\master231.vtt: 21.04 KiB / 21.04 KiB  42.13 KiB/s
C:\Users\Kevin\AppData\Local\Temp\cinehome-hls-new-batman-series-s01e06\master231.vtt: 21.04 KiB / 21.04 KiB  42.14 KiB/s
C:\Users\Kevin\AppData\Local\Temp\cinehome-hls-new-batman-series-s01e06\master233.vtt: 21.05 KiB / 21.05 KiB  42.16 KiB/s
C:\Users\Kevin\AppData\Local\Temp\cinehome-hls-new-batman-series-s01e06\master235.vtt: 21.06 KiB / 21.06 KiB  42.12 KiB/s
C:\Users\Kevin\AppData\Local\Temp\cinehome-hls-new-batman-series-s01e06\master235.vtt: 21.07 KiB / 21.07 KiB  42.09 KiB/s
C:\Users\Kevin\AppData\Local\Temp\cinehome-hls-new-batman-series-s01e06\master235.vtt: 21.07 KiB / 21.07 KiB  42.11 KiB/s
C:\Users\Kevin\AppData\Local\Temp\cinehome-hls-new-batman-series-s01e06\master238.vtt: 21.07 KiB / 21.07 KiB  42.01 KiB/s
C:\Users\Kevin\AppData\Local\Temp\cinehome-hls-new-batman-series-s01e06\master238.vtt: 21.07 KiB / 21.07 KiB  42.01 KiB/s
C:\Users\Kevin\AppData\Local\Temp\cinehome-hls-new-batman-series-s01e06\master239.vtt: 21.38 KiB / 21.38 KiB  40.06 KiB/s
C:\Users\Kevin\AppData\Local\Temp\cinehome-hls-new-batman-series-s01e06\master239.vtt: 21.39 KiB / 21.39 KiB  40.07 KiB/s
C:\Users\Kevin\AppData\Local\Temp\cinehome-hls-new-batman-series-s01e06\master240.vtt: 21.39 KiB / 21.39 KiB  40.04 KiB/s
C:\Users\Kevin\AppData\Local\Temp\cinehome-hls-new-batman-series-s01e06\master24.vtt: 21.40 KiB / 21.40 KiB  40.00 KiB/s
C:\Users\Kevin\AppData\Local\Temp\cinehome-hls-new-batman-series-s01e06\master24.vtt: 21.41 KiB / 21.41 KiB  40.02 KiB/s
C:\Users\Kevin\AppData\Local\Temp\cinehome-hls-new-batman-series-s01e06\master242.vtt: 21.41 KiB / 21.41 KiB  39.98 KiB/s
C:\Users\Kevin\AppData\Local\Temp\cinehome-hls-new-batman-series-s01e06\master242.vtt: 21.42 KiB / 21.42 KiB  39.96 KiB/s
C:\Users\Kevin\AppData\Local\Temp\cinehome-hls-new-batman-series-s01e06\master242.vtt: 21.43 KiB / 21.43 KiB  39.97 KiB/s
C:\Users\Kevin\AppData\Local\Temp\cinehome-hls-new-batman-series-s01e06\master242.vtt: 21.43 KiB / 21.43 KiB  39.98 KiB/s
C:\Users\Kevin\AppData\Local\Temp\cinehome-hls-new-batman-series-s01e06\master242.vtt: 21.44 KiB / 21.44 KiB  39.96 KiB/s
C:\Users\Kevin\AppData\Local\Temp\cinehome-hls-new-batman-series-s01e06\master242.vtt: 21.45 KiB / 21.45 KiB  39.97 KiB/s
C:\Users\Kevin\AppData\Local\Temp\cinehome-hls-new-batman-series-s01e06\master242.vtt: 21.57 KiB / 21.57 KiB  40.20 KiB/s
C:\Users\Kevin\AppData\Local\Temp\cinehome-hls-new-batman-series-s01e06\master25.vtt: 21.58 KiB / 21.58 KiB  37.83 KiB/s
C:\Users\Kevin\AppData\Local\Temp\cinehome-hls-new-batman-series-s01e06\master250.vtt: 21.59 KiB / 21.59 KiB  37.52 KiB/s
C:\Users\Kevin\AppData\Local\Temp\cinehome-hls-new-batman-series-s01e06\master251.vtt: 21.59 KiB / 21.59 KiB  37.50 KiB/s
C:\Users\Kevin\AppData\Local\Temp\cinehome-hls-new-batman-series-s01e06\master252.vtt: 21.69 KiB / 21.69 KiB  37.58 KiB/s
C:\Users\Kevin\AppData\Local\Temp\cinehome-hls-new-batman-series-s01e06\master26.vtt: 21.82 KiB / 21.82 KiB  37.77 KiB/s
C:\Users\Kevin\AppData\Local\Temp\cinehome-hls-new-batman-series-s01e06\master26.vtt: 21.89 KiB / 21.89 KiB  37.89 KiB/s
C:\Users\Kevin\AppData\Local\Temp\cinehome-hls-new-batman-series-s01e06\master28.vtt: 22.27 KiB / 22.27 KiB  38.47 KiB/s
C:\Users\Kevin\AppData\Local\Temp\cinehome-hls-new-batman-series-s01e06\master29.vtt: 22.37 KiB / 22.37 KiB  38.61 KiB/s
C:\Users\Kevin\AppData\Local\Temp\cinehome-hls-new-batman-series-s01e06\master29.vtt: 22.37 KiB / 22.37 KiB  38.62 KiB/s
C:\Users\Kevin\AppData\Local\Temp\cinehome-hls-new-batman-series-s01e06\master3.vtt: 22.59 KiB / 22.59 KiB  39.00 KiB/s
C:\Users\Kevin\AppData\Local\Temp\cinehome-hls-new-batman-series-s01e06\master30.vtt: 22.71 KiB / 22.71 KiB  39.12 KiB/s
C:\Users\Kevin\AppData\Local\Temp\cinehome-hls-new-batman-series-s01e06\master30.vtt: 22.86 KiB / 22.86 KiB  39.27 KiB/s
C:\Users\Kevin\AppData\Local\Temp\cinehome-hls-new-batman-series-s01e06\master33.vtt: 23.01 KiB / 23.01 KiB  38.62 KiB/s
C:\Users\Kevin\AppData\Local\Temp\cinehome-hls-new-batman-series-s01e06\master34.vtt: 23.02 KiB / 23.02 KiB  37.57 KiB/s
C:\Users\Kevin\AppData\Local\Temp\cinehome-hls-new-batman-series-s01e06\master35.vtt: 23.13 KiB / 23.13 KiB  37.75 KiB/s
C:\Users\Kevin\AppData\Local\Temp\cinehome-hls-new-batman-series-s01e06\master36.vtt: 23.31 KiB / 23.31 KiB  37.94 KiB/s
C:\Users\Kevin\AppData\Local\Temp\cinehome-hls-new-batman-series-s01e06\master37.vtt: 23.53 KiB / 23.53 KiB  38.26 KiB/s
C:\Users\Kevin\AppData\Local\Temp\cinehome-hls-new-batman-series-s01e06\master38.vtt: 23.61 KiB / 23.61 KiB  38.35 KiB/s
C:\Users\Kevin\AppData\Local\Temp\cinehome-hls-new-batman-series-s01e06\master38.vtt: 23.74 KiB / 23.74 KiB  38.52 KiB/s
C:\Users\Kevin\AppData\Local\Temp\cinehome-hls-new-batman-series-s01e06\master38.vtt: 24.00 KiB / 24.00 KiB  38.90 KiB/s
C:\Users\Kevin\AppData\Local\Temp\cinehome-hls-new-batman-series-s01e06\master38.vtt: 24.07 KiB / 24.07 KiB  38.97 KiB/s
C:\Users\Kevin\AppData\Local\Temp\cinehome-hls-new-batman-series-s01e06\master4.vtt: 24.17 KiB / 24.17 KiB  39.13 KiB/s
C:\Users\Kevin\AppData\Local\Temp\cinehome-hls-new-batman-series-s01e06\master4.vtt: 24.32 KiB / 24.32 KiB  39.35 KiB/s
C:\Users\Kevin\AppData\Local\Temp\cinehome-hls-new-batman-series-s01e06\master4.vtt: 24.50 KiB / 24.50 KiB  39.64 KiB/s
C:\Users\Kevin\AppData\Local\Temp\cinehome-hls-new-batman-series-s01e06\master44.vtt: 24.74 KiB / 24.74 KiB  39.96 KiB/s
C:\Users\Kevin\AppData\Local\Temp\cinehome-hls-new-batman-series-s01e06\master44.vtt: 24.74 KiB / 24.74 KiB  39.44 KiB/s
C:\Users\Kevin\AppData\Local\Temp\cinehome-hls-new-batman-series-s01e06\master44.vtt: 24.74 KiB / 24.74 KiB  39.44 KiB/s
C:\Users\Kevin\AppData\Local\Temp\cinehome-hls-new-batman-series-s01e06\master45.vtt: 24.85 KiB / 24.85 KiB  38.44 KiB/s
C:\Users\Kevin\AppData\Local\Temp\cinehome-hls-new-batman-series-s01e06\master46.vtt: 25.07 KiB / 25.07 KiB  38.68 KiB/s
C:\Users\Kevin\AppData\Local\Temp\cinehome-hls-new-batman-series-s01e06\master46.vtt: 25.14 KiB / 25.14 KiB  28.89 KiB/s
C:\Users\Kevin\AppData\Local\Temp\cinehome-hls-new-batman-series-s01e06\master46.vtt: 25.15 KiB / 25.15 KiB  28.90 KiB/s
C:\Users\Kevin\AppData\Local\Temp\cinehome-hls-new-batman-series-s01e06\master46.vtt: 25.14 KiB / 25.14 KiB  28.89 KiB/s
C:\Users\Kevin\AppData\Local\Temp\cinehome-hls-new-batman-series-s01e06\master47.vtt: 25.19 KiB / 25.19 KiB  28.92 KiB/s
C:\Users\Kevin\AppData\Local\Temp\cinehome-hls-new-batman-series-s01e06\master5.vtt: 25.14 KiB / 25.14 KiB  28.86 KiB/s
C:\Users\Kevin\AppData\Local\Temp\cinehome-hls-new-batman-series-s01e06\master48.vtt: 25.42 KiB / 25.42 KiB  29.14 KiB/s
C:\Users\Kevin\AppData\Local\Temp\cinehome-hls-new-batman-series-s01e06\master48.vtt: 25.64 KiB / 25.64 KiB  29.36 KiB/s
C:\Users\Kevin\AppData\Local\Temp\cinehome-hls-new-batman-series-s01e06\master50.vtt: 25.83 KiB / 25.83 KiB  29.58 KiB/s
C:\Users\Kevin\AppData\Local\Temp\cinehome-hls-new-batman-series-s01e06\master50.vtt: 26.11 KiB / 26.11 KiB  29.90 KiB/s
C:\Users\Kevin\AppData\Local\Temp\cinehome-hls-new-batman-series-s01e06\master50.vtt: 26.20 KiB / 26.20 KiB  30.00 KiB/s
C:\Users\Kevin\AppData\Local\Temp\cinehome-hls-new-batman-series-s01e06\master50.vtt: 26.35 KiB / 26.35 KiB  30.14 KiB/s
C:\Users\Kevin\AppData\Local\Temp\cinehome-hls-new-batman-series-s01e06\master54.vtt: 26.49 KiB / 26.49 KiB  30.30 KiB/s
C:\Users\Kevin\AppData\Local\Temp\cinehome-hls-new-batman-series-s01e06\master55.vtt: 26.50 KiB / 26.50 KiB  30.31 KiB/s
C:\Users\Kevin\AppData\Local\Temp\cinehome-hls-new-batman-series-s01e06\master57.vtt: 26.56 KiB / 26.56 KiB  29.06 KiB/s
C:\Users\Kevin\AppData\Local\Temp\cinehome-hls-new-batman-series-s01e06\master57.vtt: 26.72 KiB / 26.72 KiB  29.21 KiB/s
C:\Users\Kevin\AppData\Local\Temp\cinehome-hls-new-batman-series-s01e06\master57.vtt: 26.83 KiB / 26.83 KiB  29.33 KiB/s
C:\Users\Kevin\AppData\Local\Temp\cinehome-hls-new-batman-series-s01e06\master6.vtt: 27.10 KiB / 27.10 KiB  29.61 KiB/s
C:\Users\Kevin\AppData\Local\Temp\cinehome-hls-new-batman-series-s01e06\master6.vtt: 27.18 KiB / 27.18 KiB  29.68 KiB/s
C:\Users\Kevin\AppData\Local\Temp\cinehome-hls-new-batman-series-s01e06\master6.vtt: 27.32 KiB / 27.32 KiB  29.83 KiB/s
C:\Users\Kevin\AppData\Local\Temp\cinehome-hls-new-batman-series-s01e06\master61.vtt: 27.41 KiB / 27.41 KiB  29.91 KiB/s
C:\Users\Kevin\AppData\Local\Temp\cinehome-hls-new-batman-series-s01e06\master61.vtt: 27.66 KiB / 27.66 KiB  30.19 KiB/s
C:\Users\Kevin\AppData\Local\Temp\cinehome-hls-new-batman-series-s01e06\master61.vtt: 27.67 KiB / 27.67 KiB  30.18 KiB/s
C:\Users\Kevin\AppData\Local\Temp\cinehome-hls-new-batman-series-s01e06\master61.vtt: 27.83 KiB / 27.83 KiB  30.34 KiB/s
C:\Users\Kevin\AppData\Local\Temp\cinehome-hls-new-batman-series-s01e06\master61.vtt: 27.89 KiB / 27.89 KiB  30.40 KiB/s
C:\Users\Kevin\AppData\Local\Temp\cinehome-hls-new-batman-series-s01e06\master61.vtt: 27.95 KiB / 27.95 KiB  30.47 KiB/s
C:\Users\Kevin\AppData\Local\Temp\cinehome-hls-new-batman-series-s01e06\master68.vtt: 28.08 KiB / 28.08 KiB  29.71 KiB/s
C:\Users\Kevin\AppData\Local\Temp\cinehome-hls-new-batman-series-s01e06\master69.vtt: 28.13 KiB / 28.13 KiB  29.67 KiB/s
C:\Users\Kevin\AppData\Local\Temp\cinehome-hls-new-batman-series-s01e06\master7.vtt: 28.26 KiB / 28.26 KiB  29.56 KiB/s
C:\Users\Kevin\AppData\Local\Temp\cinehome-hls-new-batman-series-s01e06\master70.vtt: 28.26 KiB / 28.26 KiB  29.40 KiB/s
C:\Users\Kevin\AppData\Local\Temp\cinehome-hls-new-batman-series-s01e06\master71.vtt: 28.47 KiB / 28.47 KiB  29.46 KiB/s
C:\Users\Kevin\AppData\Local\Temp\cinehome-hls-new-batman-series-s01e06\master72.vtt: 28.54 KiB / 28.54 KiB  29.53 KiB/s
C:\Users\Kevin\AppData\Local\Temp\cinehome-hls-new-batman-series-s01e06\master72.vtt: 28.61 KiB / 28.61 KiB  29.59 KiB/s
C:\Users\Kevin\AppData\Local\Temp\cinehome-hls-new-batman-series-s01e06\master72.vtt: 28.73 KiB / 28.73 KiB  29.71 KiB/s
C:\Users\Kevin\AppData\Local\Temp\cinehome-hls-new-batman-series-s01e06\master75.vtt: 28.86 KiB / 28.86 KiB  29.77 KiB/s
C:\Users\Kevin\AppData\Local\Temp\cinehome-hls-new-batman-series-s01e06\master76.vtt: 28.93 KiB / 28.93 KiB  29.50 KiB/s
C:\Users\Kevin\AppData\Local\Temp\cinehome-hls-new-batman-series-s01e06\master76.vtt: 29.00 KiB / 29.00 KiB  29.56 KiB/s
C:\Users\Kevin\AppData\Local\Temp\cinehome-hls-new-batman-series-s01e06\master77.vtt: 29.01 KiB / 29.01 KiB  29.55 KiB/s
C:\Users\Kevin\AppData\Local\Temp\cinehome-hls-new-batman-series-s01e06\master77.vtt: 29.05 KiB / 29.05 KiB  29.59 KiB/s
C:\Users\Kevin\AppData\Local\Temp\cinehome-hls-new-batman-series-s01e06\master8.vtt: 29.06 KiB / 29.06 KiB  29.53 KiB/s
C:\Users\Kevin\AppData\Local\Temp\cinehome-hls-new-batman-series-s01e06\master80.vtt: 29.11 KiB / 29.11 KiB  29.58 KiB/s
C:\Users\Kevin\AppData\Local\Temp\cinehome-hls-new-batman-series-s01e06\master80.vtt: 29.11 KiB / 29.11 KiB  29.19 KiB/s
C:\Users\Kevin\AppData\Local\Temp\cinehome-hls-new-batman-series-s01e06\master80.vtt: 29.11 KiB / 29.11 KiB  29.19 KiB/s
C:\Users\Kevin\AppData\Local\Temp\cinehome-hls-new-batman-series-s01e06\master80.vtt: 29.12 KiB / 29.12 KiB  29.04 KiB/s
C:\Users\Kevin\AppData\Local\Temp\cinehome-hls-new-batman-series-s01e06\master82.vtt: 29.16 KiB / 29.16 KiB  28.87 KiB/s
C:\Users\Kevin\AppData\Local\Temp\cinehome-hls-new-batman-series-s01e06\master83.vtt: 29.17 KiB / 29.17 KiB  28.67 KiB/s
C:\Users\Kevin\AppData\Local\Temp\cinehome-hls-new-batman-series-s01e06\master84.vtt: 29.29 KiB / 29.29 KiB  28.77 KiB/s
C:\Users\Kevin\AppData\Local\Temp\cinehome-hls-new-batman-series-s01e06\master85.vtt: 29.37 KiB / 29.37 KiB  28.84 KiB/s
C:\Users\Kevin\AppData\Local\Temp\cinehome-hls-new-batman-series-s01e06\master86.vtt: 29.54 KiB / 29.54 KiB  28.99 KiB/s
C:\Users\Kevin\AppData\Local\Temp\cinehome-hls-new-batman-series-s01e06\master87.vtt: 29.67 KiB / 29.67 KiB  29.11 KiB/s
C:\Users\Kevin\AppData\Local\Temp\cinehome-hls-new-batman-series-s01e06\master87.vtt: 29.75 KiB / 29.75 KiB  29.17 KiB/s
C:\Users\Kevin\AppData\Local\Temp\cinehome-hls-new-batman-series-s01e06\master89.vtt: 29.79 KiB / 29.79 KiB  29.04 KiB/s
C:\Users\Kevin\AppData\Local\Temp\cinehome-hls-new-batman-series-s01e06\master9.vtt: 29.92 KiB / 29.92 KiB  28.96 KiB/s
C:\Users\Kevin\AppData\Local\Temp\cinehome-hls-new-batman-series-s01e06\master90.vtt: 30.07 KiB / 30.07 KiB  29.04 KiB/s
C:\Users\Kevin\AppData\Local\Temp\cinehome-hls-new-batman-series-s01e06\master91.vtt: 30.08 KiB / 30.08 KiB  28.97 KiB/s
C:\Users\Kevin\AppData\Local\Temp\cinehome-hls-new-batman-series-s01e06\master92.vtt: 30.08 KiB / 30.08 KiB  28.89 KiB/s
C:\Users\Kevin\AppData\Local\Temp\cinehome-hls-new-batman-series-s01e06\master93.vtt: 30.09 KiB / 30.09 KiB  28.72 KiB/s
C:\Users\Kevin\AppData\Local\Temp\cinehome-hls-new-batman-series-s01e06\master94.vtt: 30.16 KiB / 30.16 KiB  28.65 KiB/s
C:\Users\Kevin\AppData\Local\Temp\cinehome-hls-new-batman-series-s01e06\master95.vtt: 30.24 KiB / 30.24 KiB  28.64 KiB/s
C:\Users\Kevin\AppData\Local\Temp\cinehome-hls-new-batman-series-s01e06\master96.vtt: 30.44 KiB / 30.44 KiB  28.68 KiB/s
C:\Users\Kevin\AppData\Local\Temp\cinehome-hls-new-batman-series-s01e06\master97.vtt: 30.59 KiB / 30.59 KiB  28.81 KiB/s
C:\Users\Kevin\AppData\Local\Temp\cinehome-hls-new-batman-series-s01e06\master98.vtt: 30.60 KiB / 30.60 KiB  28.80 KiB/s
C:\Users\Kevin\AppData\Local\Temp\cinehome-hls-new-batman-series-s01e06\master99.vtt: 38.50 KiB / 38.50 KiB  36.19 KiB/s
C:\Users\Kevin\AppData\Local\Temp\cinehome-hls-new-batman-series-s01e06\master_vtt.m3u8: 1.96 MiB / 1.96 MiB  1.84 MiB/s
C:\Users\Kevin\AppData\Local\Temp\cinehome-hls-new-batman-series-s01e06\seg_0000.ts: 3.53 MiB / 3.53 MiB  3.30 MiB/s
C:\Users\Kevin\AppData\Local\Temp\cinehome-hls-new-batman-series-s01e06\seg_0001.ts: 5.55 MiB / 5.55 MiB  5.19 MiB/s
C:\Users\Kevin\AppData\Local\Temp\cinehome-hls-new-batman-series-s01e06\seg_0002.ts: 6.11 MiB / 6.11 MiB  5.69 MiB/s
C:\Users\Kevin\AppData\Local\Temp\cinehome-hls-new-batman-series-s01e06\seg_0003.ts: 7.55 MiB / 7.55 MiB  7.03 MiB/s
C:\Users\Kevin\AppData\Local\Temp\cinehome-hls-new-batman-series-s01e06\seg_0003.ts: 8.60 MiB / 8.60 MiB  7.94 MiB/s
C:\Users\Kevin\AppData\Local\Temp\cinehome-hls-new-batman-series-s01e06\seg_0003.ts: 11.33 MiB / 11.33 MiB  10.46 MiB/s
C:\Users\Kevin\AppData\Local\Temp\cinehome-hls-new-batman-series-s01e06\seg_0006.ts: 15.25 MiB / 15.25 MiB  14.03 MiB/s
C:\Users\Kevin\AppData\Local\Temp\cinehome-hls-new-batman-series-s01e06\seg_0007.ts: 17.66 MiB / 17.66 MiB  16.25 MiB/s
C:\Users\Kevin\AppData\Local\Temp\cinehome-hls-new-batman-series-s01e06\seg_0008.ts: 20.50 MiB / 20.50 MiB  18.85 MiB/s
C:\Users\Kevin\AppData\Local\Temp\cinehome-hls-new-batman-series-s01e06\seg_0008.ts: 22.40 MiB / 22.40 MiB  20.59 MiB/s
C:\Users\Kevin\AppData\Local\Temp\cinehome-hls-new-batman-series-s01e06\seg_0010.ts: 24.34 MiB / 24.34 MiB  22.36 MiB/s
C:\Users\Kevin\AppData\Local\Temp\cinehome-hls-new-batman-series-s01e06\seg_0011.ts: 25.69 MiB / 25.69 MiB  23.13 MiB/s
C:\Users\Kevin\AppData\Local\Temp\cinehome-hls-new-batman-series-s01e06\seg_0011.ts: 25.69 MiB / 25.69 MiB  22.88 MiB/s
C:\Users\Kevin\AppData\Local\Temp\cinehome-hls-new-batman-series-s01e06\seg_0011.ts: 25.69 MiB / 25.69 MiB  22.88 MiB/s
C:\Users\Kevin\AppData\Local\Temp\cinehome-hls-new-batman-series-s01e06\seg_0012.ts: 27.56 MiB / 27.56 MiB  24.05 MiB/s
C:\Users\Kevin\AppData\Local\Temp\cinehome-hls-new-batman-series-s01e06\seg_0013.ts: 28.88 MiB / 28.88 MiB  25.19 MiB/s
C:\Users\Kevin\AppData\Local\Temp\cinehome-hls-new-batman-series-s01e06\seg_0013.ts: 28.88 MiB / 28.88 MiB  23.15 MiB/s
C:\Users\Kevin\AppData\Local\Temp\cinehome-hls-new-batman-series-s01e06\seg_0013.ts: 28.88 MiB / 28.88 MiB  23.15 MiB/s
C:\Users\Kevin\AppData\Local\Temp\cinehome-hls-new-batman-series-s01e06\seg_0014.ts: 30.10 MiB / 30.10 MiB  23.91 MiB/s
C:\Users\Kevin\AppData\Local\Temp\cinehome-hls-new-batman-series-s01e06\seg_0015.ts: 32.73 MiB / 32.73 MiB  25.40 MiB/s
C:\Users\Kevin\AppData\Local\Temp\cinehome-hls-new-batman-series-s01e06\seg_0016.ts: 35.59 MiB / 35.59 MiB  27.58 MiB/s
C:\Users\Kevin\AppData\Local\Temp\cinehome-hls-new-batman-series-s01e06\seg_0016.ts: 46.51 MiB / 46.51 MiB  36.03 MiB/s
C:\Users\Kevin\AppData\Local\Temp\cinehome-hls-new-batman-series-s01e06\seg_0018.ts: 50.87 MiB / 50.87 MiB  39.31 MiB/s
C:\Users\Kevin\AppData\Local\Temp\cinehome-hls-new-batman-series-s01e06\seg_0019.ts: 57.54 MiB / 57.54 MiB  42.26 MiB/s
C:\Users\Kevin\AppData\Local\Temp\cinehome-hls-new-batman-series-s01e06\seg_0019.ts: 57.54 MiB / 57.54 MiB  41.90 MiB/s
C:\Users\Kevin\AppData\Local\Temp\cinehome-hls-new-batman-series-s01e06\seg_0019.ts: 57.54 MiB / 57.54 MiB  41.90 MiB/s
C:\Users\Kevin\AppData\Local\Temp\cinehome-hls-new-batman-series-s01e06\seg_0020.ts: 69.95 MiB / 69.95 MiB  48.22 MiB/s
C:\Users\Kevin\AppData\Local\Temp\cinehome-hls-new-batman-series-s01e06\seg_0020.ts: 70.77 MiB / 70.77 MiB  47.43 MiB/s
C:\Users\Kevin\AppData\Local\Temp\cinehome-hls-new-batman-series-s01e06\seg_0022.ts: 76.39 MiB / 76.39 MiB  51.07 MiB/s
C:\Users\Kevin\AppData\Local\Temp\cinehome-hls-new-batman-series-s01e06\seg_0023.ts: 78.76 MiB / 78.76 MiB  52.63 MiB/s
C:\Users\Kevin\AppData\Local\Temp\cinehome-hls-new-batman-series-s01e06\seg_0023.ts: 78.76 MiB / 78.76 MiB  52.56 MiB/s
C:\Users\Kevin\AppData\Local\Temp\cinehome-hls-new-batman-series-s01e06\seg_0023.ts: 78.76 MiB / 78.76 MiB  52.56 MiB/s
C:\Users\Kevin\AppData\Local\Temp\cinehome-hls-new-batman-series-s01e06\seg_0024.ts: 79.53 MiB / 79.53 MiB  51.94 MiB/s
C:\Users\Kevin\AppData\Local\Temp\cinehome-hls-new-batman-series-s01e06\seg_0025.ts: 80.08 MiB / 80.08 MiB  51.28 MiB/s
C:\Users\Kevin\AppData\Local\Temp\cinehome-hls-new-batman-series-s01e06\seg_0026.ts: 80.82 MiB / 80.82 MiB  51.53 MiB/s
C:\Users\Kevin\AppData\Local\Temp\cinehome-hls-new-batman-series-s01e06\seg_0027.ts: 81.33 MiB / 81.33 MiB  51.64 MiB/s
C:\Users\Kevin\AppData\Local\Temp\cinehome-hls-new-batman-series-s01e06\seg_0028.ts: 84.32 MiB / 84.32 MiB  53.46 MiB/s
C:\Users\Kevin\AppData\Local\Temp\cinehome-hls-new-batman-series-s01e06\seg_0029.ts: 84.67 MiB / 84.67 MiB  53.59 MiB/s
C:\Users\Kevin\AppData\Local\Temp\cinehome-hls-new-batman-series-s01e06\seg_0030.ts: 85.65 MiB / 85.65 MiB  54.05 MiB/s
C:\Users\Kevin\AppData\Local\Temp\cinehome-hls-new-batman-series-s01e06\seg_0030.ts: 85.65 MiB / 85.65 MiB  52.74 MiB/s
C:\Users\Kevin\AppData\Local\Temp\cinehome-hls-new-batman-series-s01e06\seg_0030.ts: 85.65 MiB / 85.65 MiB  52.74 MiB/s
C:\Users\Kevin\AppData\Local\Temp\cinehome-hls-new-batman-series-s01e06\seg_0031.ts: 86.66 MiB / 86.66 MiB  52.96 MiB/s
C:\Users\Kevin\AppData\Local\Temp\cinehome-hls-new-batman-series-s01e06\seg_0032.ts: 87.65 MiB / 87.65 MiB  53.38 MiB/s
C:\Users\Kevin\AppData\Local\Temp\cinehome-hls-new-batman-series-s01e06\seg_0033.ts: 88.39 MiB / 88.39 MiB  52.62 MiB/s
C:\Users\Kevin\AppData\Local\Temp\cinehome-hls-new-batman-series-s01e06\seg_0034.ts: 89.02 MiB / 89.02 MiB  52.74 MiB/s
C:\Users\Kevin\AppData\Local\Temp\cinehome-hls-new-batman-series-s01e06\seg_0034.ts: 89.02 MiB / 89.02 MiB  50.90 MiB/s
C:\Users\Kevin\AppData\Local\Temp\cinehome-hls-new-batman-series-s01e06\seg_0034.ts: 89.02 MiB / 89.02 MiB  50.90 MiB/s
C:\Users\Kevin\AppData\Local\Temp\cinehome-hls-new-batman-series-s01e06\seg_0034.ts: 89.02 MiB / 89.02 MiB  47.49 MiB/s
C:\Users\Kevin\AppData\Local\Temp\cinehome-hls-new-batman-series-s01e06\seg_0034.ts: 89.02 MiB / 89.02 MiB  47.49 MiB/s
C:\Users\Kevin\AppData\Local\Temp\cinehome-hls-new-batman-series-s01e06\seg_0035.ts: 89.58 MiB / 89.58 MiB  47.75 MiB/s
C:\Users\Kevin\AppData\Local\Temp\cinehome-hls-new-batman-series-s01e06\seg_0035.ts: 89.58 MiB / 89.58 MiB  44.80 MiB/s
C:\Users\Kevin\AppData\Local\Temp\cinehome-hls-new-batman-series-s01e06\seg_0035.ts: 89.58 MiB / 89.58 MiB  44.80 MiB/s
C:\Users\Kevin\AppData\Local\Temp\cinehome-hls-new-batman-series-s01e06\seg_0036.ts: 90.64 MiB / 90.64 MiB  44.85 MiB/s
C:\Users\Kevin\AppData\Local\Temp\cinehome-hls-new-batman-series-s01e06\seg_0037.ts: 91.48 MiB / 91.48 MiB  44.15 MiB/s
C:\Users\Kevin\AppData\Local\Temp\cinehome-hls-new-batman-series-s01e06\seg_0038.ts: 92.28 MiB / 92.28 MiB  44.37 MiB/s
C:\Users\Kevin\AppData\Local\Temp\cinehome-hls-new-batman-series-s01e06\seg_0038.ts: 93.47 MiB / 93.47 MiB  44.95 MiB/s
C:\Users\Kevin\AppData\Local\Temp\cinehome-hls-new-batman-series-s01e06\seg_0040.ts: 93.87 MiB / 93.87 MiB  45.10 MiB/s
C:\Users\Kevin\AppData\Local\Temp\cinehome-hls-new-batman-series-s01e06\seg_0041.ts: 94.50 MiB / 94.50 MiB  45.38 MiB/s
C:\Users\Kevin\AppData\Local\Temp\cinehome-hls-new-batman-series-s01e06\seg_0041.ts: 95.96 MiB / 95.96 MiB  46.07 MiB/s
C:\Users\Kevin\AppData\Local\Temp\cinehome-hls-new-batman-series-s01e06\seg_0042.ts: 95.96 MiB / 95.96 MiB  45.17 MiB/s
C:\Users\Kevin\AppData\Local\Temp\cinehome-hls-new-batman-series-s01e06\seg_0042.ts: 95.96 MiB / 95.96 MiB  45.14 MiB/s
C:\Users\Kevin\AppData\Local\Temp\cinehome-hls-new-batman-series-s01e06\seg_0043.ts: 97.18 MiB / 97.18 MiB  45.39 MiB/s
C:\Users\Kevin\AppData\Local\Temp\cinehome-hls-new-batman-series-s01e06\seg_0044.ts: 98.23 MiB / 98.23 MiB  45.82 MiB/s
C:\Users\Kevin\AppData\Local\Temp\cinehome-hls-new-batman-series-s01e06\seg_0045.ts: 98.92 MiB / 98.92 MiB  46.03 MiB/s
C:\Users\Kevin\AppData\Local\Temp\cinehome-hls-new-batman-series-s01e06\seg_0046.ts: 100.23 MiB / 100.23 MiB  46.54 MiB/s
C:\Users\Kevin\AppData\Local\Temp\cinehome-hls-new-batman-series-s01e06\seg_0047.ts: 100.86 MiB / 100.86 MiB  46.78 MiB/s
C:\Users\Kevin\AppData\Local\Temp\cinehome-hls-new-batman-series-s01e06\seg_0048.ts: 102.46 MiB / 102.46 MiB  47.47 MiB/s
C:\Users\Kevin\AppData\Local\Temp\cinehome-hls-new-batman-series-s01e06\seg_0049.ts: 104.08 MiB / 104.08 MiB  48.12 MiB/s
C:\Users\Kevin\AppData\Local\Temp\cinehome-hls-new-batman-series-s01e06\seg_0050.ts: 105.37 MiB / 105.37 MiB  48.59 MiB/s
C:\Users\Kevin\AppData\Local\Temp\cinehome-hls-new-batman-series-s01e06\seg_0051.ts: 106.57 MiB / 106.57 MiB  49.11 MiB/s
C:\Users\Kevin\AppData\Local\Temp\cinehome-hls-new-batman-series-s01e06\seg_0052.ts: 108.07 MiB / 108.07 MiB  49.74 MiB/s
C:\Users\Kevin\AppData\Local\Temp\cinehome-hls-new-batman-series-s01e06\seg_0053.ts: 108.66 MiB / 108.66 MiB  49.96 MiB/s
C:\Users\Kevin\AppData\Local\Temp\cinehome-hls-new-batman-series-s01e06\seg_0054.ts: 109.23 MiB / 109.23 MiB  50.06 MiB/s
C:\Users\Kevin\AppData\Local\Temp\cinehome-hls-new-batman-series-s01e06\seg_0054.ts: 109.23 MiB / 109.23 MiB  48.55 MiB/s
C:\Users\Kevin\AppData\Local\Temp\cinehome-hls-new-batman-series-s01e06\seg_0054.ts: 109.23 MiB / 109.23 MiB  48.53 MiB/s
C:\Users\Kevin\AppData\Local\Temp\cinehome-hls-new-batman-series-s01e06\seg_0055.ts: 110.23 MiB / 110.23 MiB  47.63 MiB/s
C:\Users\Kevin\AppData\Local\Temp\cinehome-hls-new-batman-series-s01e06\seg_0056.ts: 110.54 MiB / 110.54 MiB  47.50 MiB/s
C:\Users\Kevin\AppData\Local\Temp\cinehome-hls-new-batman-series-s01e06\seg_0057.ts: 111.51 MiB / 111.51 MiB  47.78 MiB/s
C:\Users\Kevin\AppData\Local\Temp\cinehome-hls-new-batman-series-s01e06\seg_0058.ts: 113.43 MiB / 113.43 MiB  48.45 MiB/s
C:\Users\Kevin\AppData\Local\Temp\cinehome-hls-new-batman-series-s01e06\seg_0059.ts: 114.83 MiB / 114.83 MiB  48.81 MiB/s
C:\Users\Kevin\AppData\Local\Temp\cinehome-hls-new-batman-series-s01e06\seg_0059.ts: 114.83 MiB / 114.83 MiB  48.35 MiB/s
C:\Users\Kevin\AppData\Local\Temp\cinehome-hls-new-batman-series-s01e06\seg_0059.ts: 114.83 MiB / 114.83 MiB  48.32 MiB/s
C:\Users\Kevin\AppData\Local\Temp\cinehome-hls-new-batman-series-s01e06\seg_0060.ts: 115.53 MiB / 115.53 MiB  48.40 MiB/s
C:\Users\Kevin\AppData\Local\Temp\cinehome-hls-new-batman-series-s01e06\seg_0061.ts: 116.22 MiB / 116.22 MiB  48.37 MiB/s
C:\Users\Kevin\AppData\Local\Temp\cinehome-hls-new-batman-series-s01e06\seg_0062.ts: 116.96 MiB / 116.96 MiB  48.66 MiB/s
C:\Users\Kevin\AppData\Local\Temp\cinehome-hls-new-batman-series-s01e06\seg_0063.ts: 119.36 MiB / 119.36 MiB  49.64 MiB/s
C:\Users\Kevin\AppData\Local\Temp\cinehome-hls-new-batman-series-s01e06\seg_0063.ts: 120.42 MiB / 120.42 MiB  50.08 MiB/s
C:\Users\Kevin\AppData\Local\Temp\cinehome-hls-new-batman-series-s01e06\seg_0065.ts: 122.88 MiB / 122.88 MiB  51.07 MiB/s
C:\Users\Kevin\AppData\Local\Temp\cinehome-hls-new-batman-series-s01e06\seg_0066.ts: 126.63 MiB / 126.63 MiB  52.55 MiB/s
C:\Users\Kevin\AppData\Local\Temp\cinehome-hls-new-batman-series-s01e06\seg_0067.ts: 130.28 MiB / 130.28 MiB  54.04 MiB/s
C:\Users\Kevin\AppData\Local\Temp\cinehome-hls-new-batman-series-s01e06\seg_0068.ts: 132.26 MiB / 132.26 MiB  54.41 MiB/s
C:\Users\Kevin\AppData\Local\Temp\cinehome-hls-new-batman-series-s01e06\seg_0069.ts: 134.41 MiB / 134.41 MiB  55.07 MiB/s
C:\Users\Kevin\AppData\Local\Temp\cinehome-hls-new-batman-series-s01e06\seg_0069.ts: 137.40 MiB / 137.40 MiB  55.95 MiB/s
C:\Users\Kevin\AppData\Local\Temp\cinehome-hls-new-batman-series-s01e06\seg_0071.ts: 139.28 MiB / 139.28 MiB  56.48 MiB/s
C:\Users\Kevin\AppData\Local\Temp\cinehome-hls-new-batman-series-s01e06\seg_0072.ts: 141.23 MiB / 141.23 MiB  57.07 MiB/s
C:\Users\Kevin\AppData\Local\Temp\cinehome-hls-new-batman-series-s01e06\seg_0073.ts: 143.08 MiB / 143.08 MiB  57.63 MiB/s
C:\Users\Kevin\AppData\Local\Temp\cinehome-hls-new-batman-series-s01e06\seg_0074.ts: 143.85 MiB / 143.85 MiB  57.93 MiB/s
C:\Users\Kevin\AppData\Local\Temp\cinehome-hls-new-batman-series-s01e06\seg_0075.ts: 147.79 MiB / 147.79 MiB  59.48 MiB/s
C:\Users\Kevin\AppData\Local\Temp\cinehome-hls-new-batman-series-s01e06\seg_0076.ts: 150.48 MiB / 150.48 MiB  60.54 MiB/s
C:\Users\Kevin\AppData\Local\Temp\cinehome-hls-new-batman-series-s01e06\seg_0076.ts: 150.48 MiB / 150.48 MiB  60.19 MiB/s
C:\Users\Kevin\AppData\Local\Temp\cinehome-hls-new-batman-series-s01e06\seg_0076.ts: 150.48 MiB / 150.48 MiB  60.15 MiB/s
C:\Users\Kevin\AppData\Local\Temp\cinehome-hls-new-batman-series-s01e06\seg_0077.ts: 152.35 MiB / 152.35 MiB  60.13 MiB/s
C:\Users\Kevin\AppData\Local\Temp\cinehome-hls-new-batman-series-s01e06\seg_0078.ts: 153.79 MiB / 153.79 MiB  59.18 MiB/s
C:\Users\Kevin\AppData\Local\Temp\cinehome-hls-new-batman-series-s01e06\seg_0079.ts: 157.20 MiB / 157.20 MiB  59.92 MiB/s
C:\Users\Kevin\AppData\Local\Temp\cinehome-hls-new-batman-series-s01e06\seg_0079.ts: 157.20 MiB / 157.20 MiB  59.88 MiB/s
C:\Users\Kevin\AppData\Local\Temp\cinehome-hls-new-batman-series-s01e06\seg_0079.ts: 157.20 MiB / 157.20 MiB  59.84 MiB/s
C:\Users\Kevin\AppData\Local\Temp\cinehome-hls-new-batman-series-s01e06\seg_0080.ts: 161.21 MiB / 161.21 MiB  59.30 MiB/s
C:\Users\Kevin\AppData\Local\Temp\cinehome-hls-new-batman-series-s01e06\seg_0081.ts: 162.57 MiB / 162.57 MiB  59.63 MiB/s
C:\Users\Kevin\AppData\Local\Temp\cinehome-hls-new-batman-series-s01e06\seg_0082.ts: 165.89 MiB / 165.89 MiB  60.37 MiB/s
C:\Users\Kevin\AppData\Local\Temp\cinehome-hls-new-batman-series-s01e06\seg_0082.ts: 165.89 MiB / 165.89 MiB  60.31 MiB/s
C:\Users\Kevin\AppData\Local\Temp\cinehome-hls-new-batman-series-s01e06\seg_0082.ts: 165.89 MiB / 165.89 MiB  60.28 MiB/s
C:\Users\Kevin\AppData\Local\Temp\cinehome-hls-new-batman-series-s01e06\seg_0083.ts: 168.90 MiB / 168.90 MiB  61.32 MiB/s
C:\Users\Kevin\AppData\Local\Temp\cinehome-hls-new-batman-series-s01e06\seg_0083.ts: 168.90 MiB / 168.90 MiB  58.73 MiB/s
C:\Users\Kevin\AppData\Local\Temp\cinehome-hls-new-batman-series-s01e06\seg_0083.ts: 168.90 MiB / 168.90 MiB  58.69 MiB/s
C:\Users\Kevin\AppData\Local\Temp\cinehome-hls-new-batman-series-s01e06\seg_0084.ts: 170.50 MiB / 170.50 MiB  58.24 MiB/s
C:\Users\Kevin\AppData\Local\Temp\cinehome-hls-new-batman-series-s01e06\seg_0085.ts: 171.44 MiB / 171.44 MiB  57.50 MiB/s
C:\Users\Kevin\AppData\Local\Temp\cinehome-hls-new-batman-series-s01e06\seg_0085.ts: 171.44 MiB / 171.44 MiB  57.11 MiB/s
C:\Users\Kevin\AppData\Local\Temp\cinehome-hls-new-batman-series-s01e06\seg_0085.ts: 171.44 MiB / 171.44 MiB  57.09 MiB/s
C:\Users\Kevin\AppData\Local\Temp\cinehome-hls-new-batman-series-s01e06\seg_0086.ts: 172.30 MiB / 172.30 MiB  56.54 MiB/s
C:\Users\Kevin\AppData\Local\Temp\cinehome-hls-new-batman-series-s01e06\seg_0087.ts: 173.45 MiB / 173.45 MiB  56.77 MiB/s
C:\Users\Kevin\AppData\Local\Temp\cinehome-hls-new-batman-series-s01e06\seg_0088.ts: 173.92 MiB / 173.92 MiB  56.84 MiB/s
C:\Users\Kevin\AppData\Local\Temp\cinehome-hls-new-batman-series-s01e06\seg_0088.ts: 174.75 MiB / 174.75 MiB  57.12 MiB/s
C:\Users\Kevin\AppData\Local\Temp\cinehome-hls-new-batman-series-s01e06\seg_0090.ts: 177.15 MiB / 177.15 MiB  57.76 MiB/s
C:\Users\Kevin\AppData\Local\Temp\cinehome-hls-new-batman-series-s01e06\seg_0091.ts: 178.44 MiB / 178.44 MiB  58.13 MiB/s
C:\Users\Kevin\AppData\Local\Temp\cinehome-hls-new-batman-series-s01e06\seg_0092.ts: 179.09 MiB / 179.09 MiB  58.13 MiB/s
C:\Users\Kevin\AppData\Local\Temp\cinehome-hls-new-batman-series-s01e06\seg_0093.ts: 179.98 MiB / 179.98 MiB  58.40 MiB/s
C:\Users\Kevin\AppData\Local\Temp\cinehome-hls-new-batman-series-s01e06\seg_0094.ts: 181.33 MiB / 181.33 MiB  58.81 MiB/s
C:\Users\Kevin\AppData\Local\Temp\cinehome-hls-new-batman-series-s01e06\seg_0095.ts: 182.34 MiB / 182.34 MiB  59.08 MiB/s
C:\Users\Kevin\AppData\Local\Temp\cinehome-hls-new-batman-series-s01e06\seg_0096.ts: 184.27 MiB / 184.27 MiB  59.63 MiB/s
C:\Users\Kevin\AppData\Local\Temp\cinehome-hls-new-batman-series-s01e06\seg_0097.ts: 185.11 MiB / 185.11 MiB  59.85 MiB/s
C:\Users\Kevin\AppData\Local\Temp\cinehome-hls-new-batman-series-s01e06\seg_0097.ts: 185.11 MiB / 185.11 MiB  59.19 MiB/s
C:\Users\Kevin\AppData\Local\Temp\cinehome-hls-new-batman-series-s01e06\seg_0097.ts: 185.11 MiB / 185.11 MiB  59.17 MiB/s
C:\Users\Kevin\AppData\Local\Temp\cinehome-hls-new-batman-series-s01e06\seg_0098.ts: 185.58 MiB / 185.58 MiB  59.32 MiB/s
C:\Users\Kevin\AppData\Local\Temp\cinehome-hls-new-batman-series-s01e06\seg_0099.ts: 186.76 MiB / 186.76 MiB  57.91 MiB/s
C:\Users\Kevin\AppData\Local\Temp\cinehome-hls-new-batman-series-s01e06\seg_0100.ts: 188.63 MiB / 188.63 MiB  58.35 MiB/s
C:\Users\Kevin\AppData\Local\Temp\cinehome-hls-new-batman-series-s01e06\seg_0101.ts: 189.34 MiB / 189.34 MiB  58.37 MiB/s
C:\Users\Kevin\AppData\Local\Temp\cinehome-hls-new-batman-series-s01e06\seg_0102.ts: 191.41 MiB / 191.41 MiB  58.99 MiB/s
C:\Users\Kevin\AppData\Local\Temp\cinehome-hls-new-batman-series-s01e06\seg_0103.ts: 192.99 MiB / 192.99 MiB  59.39 MiB/s
C:\Users\Kevin\AppData\Local\Temp\cinehome-hls-new-batman-series-s01e06\seg_0103.ts: 192.99 MiB / 192.99 MiB  59.33 MiB/s
C:\Users\Kevin\AppData\Local\Temp\cinehome-hls-new-batman-series-s01e06\seg_0103.ts: 192.99 MiB / 192.99 MiB  59.31 MiB/s
C:\Users\Kevin\AppData\Local\Temp\cinehome-hls-new-batman-series-s01e06\seg_0104.ts: 193.88 MiB / 193.88 MiB  59.23 MiB/s
C:\Users\Kevin\AppData\Local\Temp\cinehome-hls-new-batman-series-s01e06\seg_0104.ts: 194.26 MiB / 194.26 MiB  59.33 MiB/s
C:\Users\Kevin\AppData\Local\Temp\cinehome-hls-new-batman-series-s01e06\seg_0106.ts: 195.18 MiB / 195.18 MiB  58.51 MiB/s
C:\Users\Kevin\AppData\Local\Temp\cinehome-hls-new-batman-series-s01e06\seg_0107.ts: 196.15 MiB / 196.15 MiB  58.78 MiB/s
C:\Users\Kevin\AppData\Local\Temp\cinehome-hls-new-batman-series-s01e06\seg_0108.ts: 197.00 MiB / 197.00 MiB  59.03 MiB/s
C:\Users\Kevin\AppData\Local\Temp\cinehome-hls-new-batman-series-s01e06\seg_0109.ts: 198.20 MiB / 198.20 MiB  59.37 MiB/s
C:\Users\Kevin\AppData\Local\Temp\cinehome-hls-new-batman-series-s01e06\seg_0110.ts: 200.03 MiB / 200.03 MiB  59.78 MiB/s
C:\Users\Kevin\AppData\Local\Temp\cinehome-hls-new-batman-series-s01e06\seg_0111.ts: 202.55 MiB / 202.55 MiB  60.25 MiB/s
C:\Users\Kevin\AppData\Local\Temp\cinehome-hls-new-batman-series-s01e06\seg_0112.ts: 205.11 MiB / 205.11 MiB  60.90 MiB/s
C:\Users\Kevin\AppData\Local\Temp\cinehome-hls-new-batman-series-s01e06\seg_0112.ts: 205.11 MiB / 205.11 MiB  60.72 MiB/s
C:\Users\Kevin\AppData\Local\Temp\cinehome-hls-new-batman-series-s01e06\seg_0112.ts: 205.11 MiB / 205.11 MiB  60.70 MiB/s
C:\Users\Kevin\AppData\Local\Temp\cinehome-hls-new-batman-series-s01e06\seg_0113.ts: 206.80 MiB / 206.80 MiB  60.00 MiB/s
C:\Users\Kevin\AppData\Local\Temp\cinehome-hls-new-batman-series-s01e06\seg_0114.ts: 208.31 MiB / 208.31 MiB  60.44 MiB/s
C:\Users\Kevin\AppData\Local\Temp\cinehome-hls-new-batman-series-s01e06\seg_0115.ts: 209.07 MiB / 209.07 MiB  60.63 MiB/s
C:\Users\Kevin\AppData\Local\Temp\cinehome-hls-new-batman-series-s01e06\seg_0115.ts: 209.56 MiB / 209.56 MiB  60.77 MiB/s
C:\Users\Kevin\AppData\Local\Temp\cinehome-hls-new-batman-series-s01e06\seg_0117.ts: 210.07 MiB / 210.07 MiB  60.74 MiB/s
C:\Users\Kevin\AppData\Local\Temp\cinehome-hls-new-batman-series-s01e06\seg_0118.ts: 210.57 MiB / 210.57 MiB  60.56 MiB/s
C:\Users\Kevin\AppData\Local\Temp\cinehome-hls-new-batman-series-s01e06\seg_0119.ts: 211.74 MiB / 211.74 MiB  60.86 MiB/s
C:\Users\Kevin\AppData\Local\Temp\cinehome-hls-new-batman-series-s01e06\seg_0120.ts: 213.54 MiB / 213.54 MiB  61.36 MiB/s
C:\Users\Kevin\AppData\Local\Temp\cinehome-hls-new-batman-series-s01e06\seg_0121.ts: 215.69 MiB / 215.69 MiB  61.96 MiB/s
C:\Users\Kevin\AppData\Local\Temp\cinehome-hls-new-batman-series-s01e06\seg_0121.ts: 216.21 MiB / 216.21 MiB  62.11 MiB/s
C:\Users\Kevin\AppData\Local\Temp\cinehome-hls-new-batman-series-s01e06\seg_0123.ts: 217.86 MiB / 217.86 MiB  62.52 MiB/s
C:\Users\Kevin\AppData\Local\Temp\cinehome-hls-new-batman-series-s01e06\seg_0124.ts: 220.63 MiB / 220.63 MiB  63.30 MiB/s
C:\Users\Kevin\AppData\Local\Temp\cinehome-hls-new-batman-series-s01e06\seg_0124.ts: 220.63 MiB / 220.63 MiB  62.97 MiB/s
C:\Users\Kevin\AppData\Local\Temp\cinehome-hls-new-batman-series-s01e06\seg_0124.ts: 220.63 MiB / 220.63 MiB  62.95 MiB/s
C:\Users\Kevin\AppData\Local\Temp\cinehome-hls-new-batman-series-s01e06\seg_0125.ts: 222.43 MiB / 222.43 MiB  61.66 MiB/s
C:\Users\Kevin\AppData\Local\Temp\cinehome-hls-new-batman-series-s01e06\seg_0125.ts: 222.43 MiB / 222.43 MiB  61.29 MiB/s
C:\Users\Kevin\AppData\Local\Temp\cinehome-hls-new-batman-series-s01e06\seg_0125.ts: 222.43 MiB / 222.43 MiB  61.27 MiB/s
C:\Users\Kevin\AppData\Local\Temp\cinehome-hls-new-batman-series-s01e06\seg_0126.ts: 223.66 MiB / 223.66 MiB  61.06 MiB/s
C:\Users\Kevin\AppData\Local\Temp\cinehome-hls-new-batman-series-s01e06\seg_0127.ts: 225.18 MiB / 225.18 MiB  60.18 MiB/s
C:\Users\Kevin\AppData\Local\Temp\cinehome-hls-new-batman-series-s01e06\seg_0127.ts: 226.12 MiB / 226.12 MiB  60.34 MiB/s
C:\Users\Kevin\AppData\Local\Temp\cinehome-hls-new-batman-series-s01e06\seg_0128.ts: 229.08 MiB / 229.08 MiB  61.13 MiB/s
C:\Users\Kevin\AppData\Local\Temp\cinehome-hls-new-batman-series-s01e06\seg_0128.ts: 231.44 MiB / 231.44 MiB  61.75 MiB/s
C:\Users\Kevin\AppData\Local\Temp\cinehome-hls-new-batman-series-s01e06\seg_0130.ts: 233.16 MiB / 233.16 MiB  62.20 MiB/s
C:\Users\Kevin\AppData\Local\Temp\cinehome-hls-new-batman-series-s01e06\seg_0131.ts: 235.54 MiB / 235.54 MiB  62.83 MiB/s
C:\Users\Kevin\AppData\Local\Temp\cinehome-hls-new-batman-series-s01e06\seg_0132.ts: 236.56 MiB / 236.56 MiB  63.09 MiB/s
C:\Users\Kevin\AppData\Local\Temp\cinehome-hls-new-batman-series-s01e06\seg_0133.ts: 239.36 MiB / 239.36 MiB  63.84 MiB/s
C:\Users\Kevin\AppData\Local\Temp\cinehome-hls-new-batman-series-s01e06\seg_0134.ts: 241.44 MiB / 241.44 MiB  64.38 MiB/s
C:\Users\Kevin\AppData\Local\Temp\cinehome-hls-new-batman-series-s01e06\seg_0135.ts: 243.57 MiB / 243.57 MiB  64.94 MiB/s
C:\Users\Kevin\AppData\Local\Temp\cinehome-hls-new-batman-series-s01e06\seg_0136.ts: 246.48 MiB / 246.48 MiB  65.71 MiB/s
C:\Users\Kevin\AppData\Local\Temp\cinehome-hls-new-batman-series-s01e06\seg_0137.ts: 248.48 MiB / 248.48 MiB  66.23 MiB/s
C:\Users\Kevin\AppData\Local\Temp\cinehome-hls-new-batman-series-s01e06\seg_0138.ts: 248.48 MiB / 248.48 MiB  66.18 MiB/s
C:\Users\Kevin\AppData\Local\Temp\cinehome-hls-new-batman-series-s01e06\seg_0138.ts: 248.48 MiB / 248.48 MiB  66.15 MiB/s
C:\Users\Kevin\AppData\Local\Temp\cinehome-hls-new-batman-series-s01e06\seg_0139.ts: 251.71 MiB / 251.71 MiB  65.04 MiB/s
C:\Users\Kevin\AppData\Local\Temp\cinehome-hls-new-batman-series-s01e06\seg_0139.ts: 254.01 MiB / 254.01 MiB  65.62 MiB/s
C:\Users\Kevin\AppData\Local\Temp\cinehome-hls-new-batman-series-s01e06\seg_0140.ts: 254.01 MiB / 254.01 MiB  65.47 MiB/s
C:\Users\Kevin\AppData\Local\Temp\cinehome-hls-new-batman-series-s01e06\seg_0140.ts: 254.01 MiB / 254.01 MiB  65.43 MiB/s
C:\Users\Kevin\AppData\Local\Temp\cinehome-hls-new-batman-series-s01e06\seg_0141.ts: 255.27 MiB / 255.27 MiB  63.80 MiB/s
C:\Users\Kevin\AppData\Local\Temp\cinehome-hls-new-batman-series-s01e06\seg_0141.ts: 257.71 MiB / 257.71 MiB  64.40 MiB/s
C:\Users\Kevin\AppData\Local\Temp\cinehome-hls-new-batman-series-s01e06\seg_0142.ts: 259.57 MiB / 259.57 MiB  64.86 MiB/s
C:\Users\Kevin\AppData\Local\Temp\cinehome-hls-new-batman-series-s01e06\seg_0142.ts: 260.82 MiB / 260.82 MiB  65.16 MiB/s
C:\Users\Kevin\AppData\Local\Temp\cinehome-hls-new-batman-series-s01e06\seg_0144.ts: 262.68 MiB / 262.68 MiB  65.62 MiB/s
C:\Users\Kevin\AppData\Local\Temp\cinehome-hls-new-batman-series-s01e06\seg_0144.ts: 264.77 MiB / 264.77 MiB  66.13 MiB/s
C:\Users\Kevin\AppData\Local\Temp\cinehome-hls-new-batman-series-s01e06\seg_0144.ts: 266.35 MiB / 266.35 MiB  66.52 MiB/s
C:\Users\Kevin\AppData\Local\Temp\cinehome-hls-new-batman-series-s01e06\seg_0147.ts: 267.99 MiB / 267.99 MiB  66.93 MiB/s
C:\Users\Kevin\AppData\Local\Temp\cinehome-hls-new-batman-series-s01e06\seg_0147.ts: 268.83 MiB / 268.83 MiB  67.13 MiB/s
C:\Users\Kevin\AppData\Local\Temp\cinehome-hls-new-batman-series-s01e06\seg_0149.ts: 270.28 MiB / 270.28 MiB  67.49 MiB/s
C:\Users\Kevin\AppData\Local\Temp\cinehome-hls-new-batman-series-s01e06\seg_0150.ts: 270.28 MiB / 270.28 MiB  67.48 MiB/s
C:\Users\Kevin\AppData\Local\Temp\cinehome-hls-new-batman-series-s01e06\seg_0150.ts: 270.76 MiB / 270.76 MiB  67.59 MiB/s
C:\Users\Kevin\AppData\Local\Temp\cinehome-hls-new-batman-series-s01e06\seg_0150.ts: 271.49 MiB / 271.49 MiB  67.76 MiB/s
C:\Users\Kevin\AppData\Local\Temp\cinehome-hls-new-batman-series-s01e06\seg_0151.ts: 271.49 MiB / 271.49 MiB  67.74 MiB/s
C:\Users\Kevin\AppData\Local\Temp\cinehome-hls-new-batman-series-s01e06\seg_0151.ts: 271.49 MiB / 271.49 MiB  65.72 MiB/s
C:\Users\Kevin\AppData\Local\Temp\cinehome-hls-new-batman-series-s01e06\seg_0151.ts: 271.49 MiB / 271.49 MiB  65.67 MiB/s
C:\Users\Kevin\AppData\Local\Temp\cinehome-hls-new-batman-series-s01e06\seg_0151.ts: 271.49 MiB / 271.49 MiB  63.78 MiB/s
C:\Users\Kevin\AppData\Local\Temp\cinehome-hls-new-batman-series-s01e06\seg_0151.ts: 271.49 MiB / 271.49 MiB  63.74 MiB/s
C:\Users\Kevin\AppData\Local\Temp\cinehome-hls-new-batman-series-s01e06\seg_0153.ts: 272.06 MiB / 272.06 MiB  63.48 MiB/s
C:\Users\Kevin\AppData\Local\Temp\cinehome-hls-new-batman-series-s01e06\seg_0154.ts: 273.26 MiB / 273.26 MiB  63.52 MiB/s
C:\Users\Kevin\AppData\Local\Temp\cinehome-hls-new-batman-series-s01e06\seg_0155.ts: 273.86 MiB / 273.86 MiB  63.25 MiB/s
C:\Users\Kevin\AppData\Local\Temp\cinehome-hls-new-batman-series-s01e06\seg_0155.ts: 275.27 MiB / 275.27 MiB  63.57 MiB/s
C:\Users\Kevin\AppData\Local\Temp\cinehome-hls-new-batman-series-s01e06\seg_0157.ts: 276.72 MiB / 276.72 MiB  63.68 MiB/s
C:\Users\Kevin\AppData\Local\Temp\cinehome-hls-new-batman-series-s01e06\seg_0157.ts: 276.72 MiB / 276.72 MiB  63.15 MiB/s
C:\Users\Kevin\AppData\Local\Temp\cinehome-hls-new-batman-series-s01e06\seg_0157.ts: 276.72 MiB / 276.72 MiB  63.11 MiB/s
C:\Users\Kevin\AppData\Local\Temp\cinehome-hls-new-batman-series-s01e06\seg_0158.ts: 278.43 MiB / 278.43 MiB  62.55 MiB/s
C:\Users\Kevin\AppData\Local\Temp\cinehome-hls-new-batman-series-s01e06\seg_0159.ts: 279.26 MiB / 279.26 MiB  62.70 MiB/s
C:\Users\Kevin\AppData\Local\Temp\cinehome-hls-new-batman-series-s01e06\seg_0160.ts: 279.77 MiB / 279.77 MiB  62.77 MiB/s
C:\Users\Kevin\AppData\Local\Temp\cinehome-hls-new-batman-series-s01e06\seg_0161.ts: 280.37 MiB / 280.37 MiB  62.84 MiB/s
C:\Users\Kevin\AppData\Local\Temp\cinehome-hls-new-batman-series-s01e06\seg_0162.ts: 282.16 MiB / 282.16 MiB  63.24 MiB/s
C:\Users\Kevin\AppData\Local\Temp\cinehome-hls-new-batman-series-s01e06\seg_0162.ts: 282.79 MiB / 282.79 MiB  63.38 MiB/s
C:\Users\Kevin\AppData\Local\Temp\cinehome-hls-new-batman-series-s01e06\seg_0162.ts: 283.70 MiB / 283.70 MiB  63.58 MiB/s
C:\Users\Kevin\AppData\Local\Temp\cinehome-hls-new-batman-series-s01e06\seg_0165.ts: 284.87 MiB / 284.87 MiB  63.83 MiB/s
C:\Users\Kevin\AppData\Local\Temp\cinehome-hls-new-batman-series-s01e06\seg_0165.ts: 286.17 MiB / 286.17 MiB  64.12 MiB/s
C:\Users\Kevin\AppData\Local\Temp\cinehome-hls-new-batman-series-s01e06\seg_0167.ts: 288.12 MiB / 288.12 MiB  64.54 MiB/s
C:\Users\Kevin\AppData\Local\Temp\cinehome-hls-new-batman-series-s01e06\seg_0167.ts: 289.76 MiB / 289.76 MiB  64.90 MiB/s
C:\Users\Kevin\AppData\Local\Temp\cinehome-hls-new-batman-series-s01e06\seg_0169.ts: 292.13 MiB / 292.13 MiB  65.31 MiB/s
C:\Users\Kevin\AppData\Local\Temp\cinehome-hls-new-batman-series-s01e06\seg_0169.ts: 293.81 MiB / 293.81 MiB  65.67 MiB/s
C:\Users\Kevin\AppData\Local\Temp\cinehome-hls-new-batman-series-s01e06\seg_0170.ts: 294.50 MiB / 294.50 MiB  65.82 MiB/s
C:\Users\Kevin\AppData\Local\Temp\cinehome-hls-new-batman-series-s01e06\seg_0171.ts: 295.08 MiB / 295.08 MiB  65.94 MiB/s
C:\Users\Kevin\AppData\Local\Temp\cinehome-hls-new-batman-series-s01e06\seg_0172.ts: 296.35 MiB / 296.35 MiB  66.21 MiB/s
C:\Users\Kevin\AppData\Local\Temp\cinehome-hls-new-batman-series-s01e06\seg_0173.ts: 298.36 MiB / 298.36 MiB  66.65 MiB/s
C:\Users\Kevin\AppData\Local\Temp\cinehome-hls-new-batman-series-s01e06\seg_0173.ts: 300.23 MiB / 300.23 MiB  67.06 MiB/s
C:\Users\Kevin\AppData\Local\Temp\cinehome-hls-new-batman-series-s01e06\seg_0176.ts: 301.36 MiB / 301.36 MiB  67.31 MiB/s
C:\Users\Kevin\AppData\Local\Temp\cinehome-hls-new-batman-series-s01e06\seg_0176.ts: 302.17 MiB / 302.17 MiB  67.48 MiB/s
C:\Users\Kevin\AppData\Local\Temp\cinehome-hls-new-batman-series-s01e06\seg_0177.ts: 305.30 MiB / 305.30 MiB  68.16 MiB/s
C:\Users\Kevin\AppData\Local\Temp\cinehome-hls-new-batman-series-s01e06\seg_0178.ts: 307.97 MiB / 307.97 MiB  68.75 MiB/s
C:\Users\Kevin\AppData\Local\Temp\cinehome-hls-new-batman-series-s01e06\seg_0178.ts: 309.97 MiB / 309.97 MiB  69.19 MiB/s
C:\Users\Kevin\AppData\Local\Temp\cinehome-hls-new-batman-series-s01e06\seg_0180.ts: 311.98 MiB / 311.98 MiB  69.63 MiB/s
C:\Users\Kevin\AppData\Local\Temp\cinehome-hls-new-batman-series-s01e06\seg_0181.ts: 311.98 MiB / 311.98 MiB  69.22 MiB/s
C:\Users\Kevin\AppData\Local\Temp\cinehome-hls-new-batman-series-s01e06\seg_0181.ts: 311.98 MiB / 311.98 MiB  69.18 MiB/s
C:\Users\Kevin\AppData\Local\Temp\cinehome-hls-new-batman-series-s01e06\seg_0182.ts: 313.84 MiB / 313.84 MiB  69.45 MiB/s
C:\Users\Kevin\AppData\Local\Temp\cinehome-hls-new-batman-series-s01e06\seg_0183.ts: 315.95 MiB / 315.95 MiB  69.33 MiB/s
C:\Users\Kevin\AppData\Local\Temp\cinehome-hls-new-batman-series-s01e06\seg_0184.ts: 318.16 MiB / 318.16 MiB  69.68 MiB/s
C:\Users\Kevin\AppData\Local\Temp\cinehome-hls-new-batman-series-s01e06\seg_0185.ts: 320.22 MiB / 320.22 MiB  69.62 MiB/s
C:\Users\Kevin\AppData\Local\Temp\cinehome-hls-new-batman-series-s01e06\seg_0186.ts: 321.92 MiB / 321.92 MiB  69.76 MiB/s
C:\Users\Kevin\AppData\Local\Temp\cinehome-hls-new-batman-series-s01e06\seg_0186.ts: 324.17 MiB / 324.17 MiB  70.24 MiB/s
C:\Users\Kevin\AppData\Local\Temp\cinehome-hls-new-batman-series-s01e06\seg_0186.ts: 327.02 MiB / 327.02 MiB  70.85 MiB/s
C:\Users\Kevin\AppData\Local\Temp\cinehome-hls-new-batman-series-s01e06\seg_0188.ts: 327.02 MiB / 327.02 MiB  70.59 MiB/s
C:\Users\Kevin\AppData\Local\Temp\cinehome-hls-new-batman-series-s01e06\seg_0188.ts: 327.02 MiB / 327.02 MiB  70.53 MiB/s
C:\Users\Kevin\AppData\Local\Temp\cinehome-hls-new-batman-series-s01e06\seg_0189.ts: 329.31 MiB / 329.31 MiB  69.89 MiB/s
C:\Users\Kevin\AppData\Local\Temp\cinehome-hls-new-batman-series-s01e06\seg_0190.ts: 329.80 MiB / 329.80 MiB  69.77 MiB/s
C:\Users\Kevin\AppData\Local\Temp\cinehome-hls-new-batman-series-s01e06\seg_0191.ts: 333.15 MiB / 333.15 MiB  70.47 MiB/s
C:\Users\Kevin\AppData\Local\Temp\cinehome-hls-new-batman-series-s01e06\seg_0191.ts: 336.57 MiB / 336.57 MiB  71.18 MiB/s
C:\Users\Kevin\AppData\Local\Temp\cinehome-hls-new-batman-series-s01e06\seg_0193.ts: 337.08 MiB / 337.08 MiB  71.12 MiB/s
C:\Users\Kevin\AppData\Local\Temp\cinehome-hls-new-batman-series-s01e06\seg_0194.ts: 337.84 MiB / 337.84 MiB  71.12 MiB/s
C:\Users\Kevin\AppData\Local\Temp\cinehome-hls-new-batman-series-s01e06\seg_0194.ts: 337.84 MiB / 337.84 MiB  71.01 MiB/s
C:\Users\Kevin\AppData\Local\Temp\cinehome-hls-new-batman-series-s01e06\seg_0194.ts: 337.84 MiB / 337.84 MiB  70.95 MiB/s
C:\Users\Kevin\AppData\Local\Temp\cinehome-hls-new-batman-series-s01e06\seg_0195.ts: 341.47 MiB / 341.47 MiB  71.48 MiB/s
C:\Users\Kevin\AppData\Local\Temp\cinehome-hls-new-batman-series-s01e06\seg_0196.ts: 342.75 MiB / 342.75 MiB  71.66 MiB/s
C:\Users\Kevin\AppData\Local\Temp\cinehome-hls-new-batman-series-s01e06\seg_0196.ts: 342.75 MiB / 342.75 MiB  70.20 MiB/s
C:\Users\Kevin\AppData\Local\Temp\cinehome-hls-new-batman-series-s01e06\seg_0196.ts: 342.75 MiB / 342.75 MiB  70.13 MiB/s
C:\Users\Kevin\AppData\Local\Temp\cinehome-hls-new-batman-series-s01e06\seg_0196.ts: 342.75 MiB / 342.75 MiB  68.44 MiB/s
C:\Users\Kevin\AppData\Local\Temp\cinehome-hls-new-batman-series-s01e06\seg_0196.ts: 342.75 MiB / 342.75 MiB  68.38 MiB/s
C:\Users\Kevin\AppData\Local\Temp\cinehome-hls-new-batman-series-s01e06\seg_0196.ts: 342.75 MiB / 342.75 MiB  66.77 MiB/s
C:\Users\Kevin\AppData\Local\Temp\cinehome-hls-new-batman-series-s01e06\seg_0196.ts: 342.75 MiB / 342.75 MiB  66.70 MiB/s
C:\Users\Kevin\AppData\Local\Temp\cinehome-hls-new-batman-series-s01e06\seg_0197.ts: 344.93 MiB / 344.93 MiB  65.76 MiB/s
C:\Users\Kevin\AppData\Local\Temp\cinehome-hls-new-batman-series-s01e06\seg_0197.ts: 344.93 MiB / 344.93 MiB  65.59 MiB/s
C:\Users\Kevin\AppData\Local\Temp\cinehome-hls-new-batman-series-s01e06\seg_0197.ts: 344.93 MiB / 344.93 MiB  65.53 MiB/s
C:\Users\Kevin\AppData\Local\Temp\cinehome-hls-new-batman-series-s01e06\seg_0198.ts: 347.47 MiB / 347.47 MiB  65.80 MiB/s
C:\Users\Kevin\AppData\Local\Temp\cinehome-hls-new-batman-series-s01e06\seg_0199.ts: 347.88 MiB / 347.88 MiB  65.80 MiB/s
C:\Users\Kevin\AppData\Local\Temp\cinehome-hls-new-batman-series-s01e06\seg_0200.ts: 350.02 MiB / 350.02 MiB  65.79 MiB/s
C:\Users\Kevin\AppData\Local\Temp\cinehome-hls-new-batman-series-s01e06\seg_0201.ts: 350.99 MiB / 350.99 MiB  65.85 MiB/s
C:\Users\Kevin\AppData\Local\Temp\cinehome-hls-new-batman-series-s01e06\seg_0201.ts: 350.99 MiB / 350.99 MiB  65.19 MiB/s
C:\Users\Kevin\AppData\Local\Temp\cinehome-hls-new-batman-series-s01e06\seg_0201.ts: 350.99 MiB / 350.99 MiB  65.13 MiB/s
C:\Users\Kevin\AppData\Local\Temp\cinehome-hls-new-batman-series-s01e06\seg_0202.ts: 353.44 MiB / 353.44 MiB  65.36 MiB/s
C:\Users\Kevin\AppData\Local\Temp\cinehome-hls-new-batman-series-s01e06\seg_0203.ts: 356.27 MiB / 356.27 MiB  65.49 MiB/s
C:\Users\Kevin\AppData\Local\Temp\cinehome-hls-new-batman-series-s01e06\seg_0204.ts: 359.94 MiB / 359.94 MiB  65.98 MiB/s
C:\Users\Kevin\AppData\Local\Temp\cinehome-hls-new-batman-series-s01e06\seg_0204.ts: 361.53 MiB / 361.53 MiB  66.27 MiB/s
C:\Users\Kevin\AppData\Local\Temp\cinehome-hls-new-batman-series-s01e06\seg_0206.ts: 362.75 MiB / 362.75 MiB  66.44 MiB/s
C:\Users\Kevin\AppData\Local\Temp\cinehome-hls-new-batman-series-s01e06\seg_0207.ts: 365.13 MiB / 365.13 MiB  66.86 MiB/s
C:\Users\Kevin\AppData\Local\Temp\cinehome-hls-new-batman-series-s01e06\seg_0208.ts: 365.59 MiB / 365.59 MiB  66.92 MiB/s
C:\Users\Kevin\AppData\Local\Temp\cinehome-hls-new-batman-series-s01e06\seg_0209.ts: 366.16 MiB / 366.16 MiB  67.01 MiB/s
C:\Users\Kevin\AppData\Local\Temp\cinehome-hls-new-batman-series-s01e06\seg_0210.ts: 367.62 MiB / 367.62 MiB  67.27 MiB/s
C:\Users\Kevin\AppData\Local\Temp\cinehome-hls-new-batman-series-s01e06\seg_0211.ts: 368.35 MiB / 368.35 MiB  67.37 MiB/s
C:\Users\Kevin\AppData\Local\Temp\cinehome-hls-new-batman-series-s01e06\seg_0212.ts: 369.47 MiB / 369.47 MiB  67.53 MiB/s
C:\Users\Kevin\AppData\Local\Temp\cinehome-hls-new-batman-series-s01e06\seg_0213.ts: 371.61 MiB / 371.61 MiB  67.88 MiB/s
C:\Users\Kevin\AppData\Local\Temp\cinehome-hls-new-batman-series-s01e06\seg_0214.ts: 372.61 MiB / 372.61 MiB  68.06 MiB/s
C:\Users\Kevin\AppData\Local\Temp\cinehome-hls-new-batman-series-s01e06\seg_0214.ts: 375.36 MiB / 375.36 MiB  68.55 MiB/s
C:\Users\Kevin\AppData\Local\Temp\cinehome-hls-new-batman-series-s01e06\seg_0216.ts: 376.43 MiB / 376.43 MiB  68.72 MiB/s
C:\Users\Kevin\AppData\Local\Temp\cinehome-hls-new-batman-series-s01e06\seg_0217.ts: 377.26 MiB / 377.26 MiB  68.86 MiB/s
C:\Users\Kevin\AppData\Local\Temp\cinehome-hls-new-batman-series-s01e06\seg_0217.ts: 378.31 MiB / 378.31 MiB  69.05 MiB/s
C:\Users\Kevin\AppData\Local\Temp\cinehome-hls-new-batman-series-s01e06\seg_0219.ts: 380.03 MiB / 380.03 MiB  69.33 MiB/s
C:\Users\Kevin\AppData\Local\Temp\cinehome-hls-new-batman-series-s01e06\seg_0220.ts: 381.23 MiB / 381.23 MiB  69.51 MiB/s
C:\Users\Kevin\AppData\Local\Temp\cinehome-hls-new-batman-series-s01e06\seg_0221.ts: 382.35 MiB / 382.35 MiB  69.70 MiB/s
C:\Users\Kevin\AppData\Local\Temp\cinehome-hls-new-batman-series-s01e06\seg_0222.ts: 383.00 MiB / 383.00 MiB  69.78 MiB/s
C:\Users\Kevin\AppData\Local\Temp\cinehome-hls-new-batman-series-s01e06\seg_0223.ts: 384.08 MiB / 384.08 MiB  69.95 MiB/s
C:\Users\Kevin\AppData\Local\Temp\cinehome-hls-new-batman-series-s01e06\seg_0224.ts: 384.90 MiB / 384.90 MiB  70.10 MiB/s
C:\Users\Kevin\AppData\Local\Temp\cinehome-hls-new-batman-series-s01e06\seg_0225.ts: 386.24 MiB / 386.24 MiB  70.32 MiB/s
C:\Users\Kevin\AppData\Local\Temp\cinehome-hls-new-batman-series-s01e06\seg_0226.ts: 386.58 MiB / 386.58 MiB  70.37 MiB/s
C:\Users\Kevin\AppData\Local\Temp\cinehome-hls-new-batman-series-s01e06\seg_0226.ts: 386.58 MiB / 386.58 MiB  70.16 MiB/s
C:\Users\Kevin\AppData\Local\Temp\cinehome-hls-new-batman-series-s01e06\seg_0226.ts: 386.58 MiB / 386.58 MiB  70.09 MiB/s
C:\Users\Kevin\AppData\Local\Temp\cinehome-hls-new-batman-series-s01e06\seg_0227.ts: 387.84 MiB / 387.84 MiB  69.23 MiB/s
C:\Users\Kevin\AppData\Local\Temp\cinehome-hls-new-batman-series-s01e06\seg_0227.ts: 387.84 MiB / 387.84 MiB  68.83 MiB/s
C:\Users\Kevin\AppData\Local\Temp\cinehome-hls-new-batman-series-s01e06\seg_0227.ts: 387.84 MiB / 387.84 MiB  68.75 MiB/s
C:\Users\Kevin\AppData\Local\Temp\cinehome-hls-new-batman-series-s01e06\seg_0227.ts: 387.84 MiB / 387.84 MiB  67.33 MiB/s
C:\Users\Kevin\AppData\Local\Temp\cinehome-hls-new-batman-series-s01e06\seg_0227.ts: 387.84 MiB / 387.84 MiB  67.25 MiB/s
C:\Users\Kevin\AppData\Local\Temp\cinehome-hls-new-batman-series-s01e06\seg_0227.ts: 387.84 MiB / 387.84 MiB  65.89 MiB/s
C:\Users\Kevin\AppData\Local\Temp\cinehome-hls-new-batman-series-s01e06\seg_0227.ts: 387.84 MiB / 387.84 MiB  65.81 MiB/s
C:\Users\Kevin\AppData\Local\Temp\cinehome-hls-new-batman-series-s01e06\seg_0228.ts: 389.56 MiB / 389.56 MiB  65.55 MiB/s
C:\Users\Kevin\AppData\Local\Temp\cinehome-hls-new-batman-series-s01e06\seg_0229.ts: 389.70 MiB / 389.70 MiB  65.52 MiB/s
C:\Users\Kevin\AppData\Local\Temp\cinehome-hls-new-batman-series-s01e06\seg_0230.ts: 395.17 MiB / 395.17 MiB  66.37 MiB/s
C:\Users\Kevin\AppData\Local\Temp\cinehome-hls-new-batman-series-s01e06\seg_0231.ts: 401.06 MiB / 401.06 MiB  67.12 MiB/s
C:\Users\Kevin\AppData\Local\Temp\cinehome-hls-new-batman-series-s01e06\seg_0231.ts: 401.06 MiB / 401.06 MiB  66.71 MiB/s
C:\Users\Kevin\AppData\Local\Temp\cinehome-hls-new-batman-series-s01e06\seg_0231.ts: 401.06 MiB / 401.06 MiB  66.63 MiB/s
C:\Users\Kevin\AppData\Local\Temp\cinehome-hls-new-batman-series-s01e06\seg_0232.ts: 407.04 MiB / 407.04 MiB  66.65 MiB/s
C:\Users\Kevin\AppData\Local\Temp\cinehome-hls-new-batman-series-s01e06\seg_0233.ts: 407.92 MiB / 407.92 MiB  66.77 MiB/s
C:\Users\Kevin\AppData\Local\Temp\cinehome-hls-new-batman-series-s01e06\seg_0234.ts: 408.46 MiB / 408.46 MiB  66.82 MiB/s
C:\Users\Kevin\AppData\Local\Temp\cinehome-hls-new-batman-series-s01e06\seg_0234.ts: 408.77 MiB / 408.77 MiB  66.85 MiB/s
C:\Users\Kevin\AppData\Local\Temp\cinehome-hls-new-batman-series-s01e06\seg_0235.ts: 409.99 MiB / 409.99 MiB  67.04 MiB/s
C:\Users\Kevin\AppData\Local\Temp\cinehome-hls-new-batman-series-s01e06\seg_0235.ts: 410.06 MiB / 410.06 MiB  67.05 MiB/s
C:\Users\Kevin\AppData\Local\Temp\cinehome-hls-new-batman-series-s01e06\seg_0237.ts: 410.20 MiB / 410.20 MiB  67.07 MiB/s
C:\Users\Kevin\AppData\Local\Temp\cinehome-hls-new-batman-series-s01e06\seg_0237.ts: 410.27 MiB / 410.27 MiB  67.07 MiB/s
C:\Users\Kevin\AppData\Local\Temp\cinehome-hls-new-batman-series-s01e06\seg_0239.ts: 410.40 MiB / 410.40 MiB  67.09 MiB/s
C:\Users\Kevin\AppData\Local\Temp\cinehome-hls-new-batman-series-s01e06\seg_0239.ts: 410.54 MiB / 410.54 MiB  67.11 MiB/s
C:\Users\Kevin\AppData\Local\Temp\cinehome-hls-new-batman-series-s01e06\seg_0239.ts: 410.73 MiB / 410.73 MiB  67.13 MiB/s
C:\Users\Kevin\AppData\Local\Temp\cinehome-hls-new-batman-series-s01e06\seg_0239.ts: 410.85 MiB / 410.85 MiB  67.15 MiB/s
C:\Users\Kevin\AppData\Local\Temp\cinehome-hls-new-batman-series-s01e06\seg_0239.ts: 411.13 MiB / 411.13 MiB  67.19 MiB/s
C:\Users\Kevin\AppData\Local\Temp\cinehome-hls-new-batman-series-s01e06\seg_0245.ts: 411.33 MiB / 411.33 MiB  67.22 MiB/s
C:\Users\Kevin\AppData\Local\Temp\cinehome-hls-new-batman-series-s01e06\seg_0245.ts: 411.43 MiB / 411.43 MiB  67.23 MiB/s
C:\Users\Kevin\AppData\Local\Temp\cinehome-hls-new-batman-series-s01e06\seg_0247.ts: 411.62 MiB / 411.62 MiB  67.23 MiB/s
C:\Users\Kevin\AppData\Local\Temp\cinehome-hls-new-batman-series-s01e06\seg_0248.ts: 411.79 MiB / 411.79 MiB  67.25 MiB/s
C:\Users\Kevin\AppData\Local\Temp\cinehome-hls-new-batman-series-s01e06\seg_0249.ts: 411.98 MiB / 411.98 MiB  67.28 MiB/s
C:\Users\Kevin\AppData\Local\Temp\cinehome-hls-new-batman-series-s01e06\seg_0250.ts: 412.19 MiB / 412.19 MiB  67.24 MiB/s
C:\Users\Kevin\AppData\Local\Temp\cinehome-hls-new-batman-series-s01e06\seg_0251.ts: 412.26 MiB / 412.26 MiB  67.25 MiB/s
C:\Users\Kevin\AppData\Local\Temp\cinehome-hls-new-batman-series-s01e06\seg_0252.ts: 412.26 MiB / 412.26 MiB  67.17 MiB/s
C:\Users\Kevin\AppData\Local\Temp\cinehome-hls-new-batman-series-s01e06\seg_0252.ts: 412.26 MiB / 412.26 MiB  67.10 MiB/s
C:\Users\Kevin\AppData\Local\Temp\cinehome-hls-new-batman-series-s01e06\seg_0252.ts: 412.26 MiB / 412.26 MiB  65.83 MiB/s
C:\Users\Kevin\AppData\Local\Temp\cinehome-hls-new-batman-series-s01e06\seg_0252.ts: 412.26 MiB / 412.26 MiB  65.75 MiB/s
C:\Users\Kevin\AppData\Local\Temp\cinehome-hls-new-batman-series-s01e06\seg_0252.ts: 412.26 MiB / 412.26 MiB  64.54 MiB/s
C:\Users\Kevin\AppData\Local\Temp\cinehome-hls-new-batman-series-s01e06\seg_0252.ts: 412.26 MiB / 412.26 MiB  64.46 MiB/s
C:\Users\Kevin\AppData\Local\Temp\cinehome-hls-new-batman-series-s01e06\seg_0252.ts: 412.26 MiB / 412.26 MiB  64.39 MiB/s 6s

 0 B / ? 
 0 B / ? 
 7.28 KiB / 7.28 KiB  285.36 KiB/s
 7.52 KiB / 7.52 KiB  295.05 KiB/s
C:\Users\Kevin\AppData\Local\Temp\cinehome-hls-new-batman-series-s01e07\master.m3u8: 7.63 KiB / 7.63 KiB  292.12 KiB/s
C:\Users\Kevin\AppData\Local\Temp\cinehome-hls-new-batman-series-s01e07\master.m3u8: 7.64 KiB / 7.64 KiB  286.14 KiB/s
C:\Users\Kevin\AppData\Local\Temp\cinehome-hls-new-batman-series-s01e07\master.m3u8: 7.73 KiB / 7.73 KiB  283.91 KiB/s
C:\Users\Kevin\AppData\Local\Temp\cinehome-hls-new-batman-series-s01e07\master.m3u8: 7.78 KiB / 7.78 KiB  284.81 KiB/s
C:\Users\Kevin\AppData\Local\Temp\cinehome-hls-new-batman-series-s01e07\master.m3u8: 7.79 KiB / 7.79 KiB  285.06 KiB/s
C:\Users\Kevin\AppData\Local\Temp\cinehome-hls-new-batman-series-s01e07\master.m3u8: 7.83 KiB / 7.83 KiB  286.74 KiB/s
C:\Users\Kevin\AppData\Local\Temp\cinehome-hls-new-batman-series-s01e07\master102.vtt: 7.84 KiB / 7.84 KiB  281.63 KiB/s
C:\Users\Kevin\AppData\Local\Temp\cinehome-hls-new-batman-series-s01e07\master102.vtt: 7.90 KiB / 7.90 KiB  278.58 KiB/s
C:\Users\Kevin\AppData\Local\Temp\cinehome-hls-new-batman-series-s01e07\master104.vtt: 7.95 KiB / 7.95 KiB  274.62 KiB/s
C:\Users\Kevin\AppData\Local\Temp\cinehome-hls-new-batman-series-s01e07\master105.vtt: 7.95 KiB / 7.95 KiB  270.02 KiB/s
C:\Users\Kevin\AppData\Local\Temp\cinehome-hls-new-batman-series-s01e07\master106.vtt: 8.07 KiB / 8.07 KiB  269.13 KiB/s
C:\Users\Kevin\AppData\Local\Temp\cinehome-hls-new-batman-series-s01e07\master108.vtt: 8.21 KiB / 8.21 KiB  199.89 KiB/s
C:\Users\Kevin\AppData\Local\Temp\cinehome-hls-new-batman-series-s01e07\master109.vtt: 8.42 KiB / 8.42 KiB  173.22 KiB/s
C:\Users\Kevin\AppData\Local\Temp\cinehome-hls-new-batman-series-s01e07\master11.vtt: 8.48 KiB / 8.48 KiB  113.05 KiB/s
C:\Users\Kevin\AppData\Local\Temp\cinehome-hls-new-batman-series-s01e07\master110.vtt: 8.54 KiB / 8.54 KiB  104.59 KiB/s
C:\Users\Kevin\AppData\Local\Temp\cinehome-hls-new-batman-series-s01e07\master111.vtt: 8.55 KiB / 8.55 KiB  89.96 KiB/s
C:\Users\Kevin\AppData\Local\Temp\cinehome-hls-new-batman-series-s01e07\master112.vtt: 8.63 KiB / 8.63 KiB  81.82 KiB/s
C:\Users\Kevin\AppData\Local\Temp\cinehome-hls-new-batman-series-s01e07\master112.vtt: 8.64 KiB / 8.64 KiB  81.49 KiB/s
C:\Users\Kevin\AppData\Local\Temp\cinehome-hls-new-batman-series-s01e07\master114.vtt: 8.76 KiB / 8.76 KiB  82.02 KiB/s
C:\Users\Kevin\AppData\Local\Temp\cinehome-hls-new-batman-series-s01e07\master114.vtt: 8.86 KiB / 8.86 KiB  82.57 KiB/s
C:\Users\Kevin\AppData\Local\Temp\cinehome-hls-new-batman-series-s01e07\master114.vtt: 9.21 KiB / 9.21 KiB  85.80 KiB/s
C:\Users\Kevin\AppData\Local\Temp\cinehome-hls-new-batman-series-s01e07\master114.vtt: 9.27 KiB / 9.27 KiB  86.37 KiB/s
C:\Users\Kevin\AppData\Local\Temp\cinehome-hls-new-batman-series-s01e07\master114.vtt: 9.28 KiB / 9.28 KiB  86.01 KiB/s
C:\Users\Kevin\AppData\Local\Temp\cinehome-hls-new-batman-series-s01e07\master114.vtt: 9.33 KiB / 9.33 KiB  86.45 KiB/s
C:\Users\Kevin\AppData\Local\Temp\cinehome-hls-new-batman-series-s01e07\master114.vtt: 9.33 KiB / 9.33 KiB  86.51 KiB/s
C:\Users\Kevin\AppData\Local\Temp\cinehome-hls-new-batman-series-s01e07\master114.vtt: 9.34 KiB / 9.34 KiB  86.57 KiB/s
C:\Users\Kevin\AppData\Local\Temp\cinehome-hls-new-batman-series-s01e07\master114.vtt: 9.46 KiB / 9.46 KiB  87.67 KiB/s
C:\Users\Kevin\AppData\Local\Temp\cinehome-hls-new-batman-series-s01e07\master122.vtt: 9.46 KiB / 9.46 KiB  83.27 KiB/s
C:\Users\Kevin\AppData\Local\Temp\cinehome-hls-new-batman-series-s01e07\master122.vtt: 9.46 KiB / 9.46 KiB  75.26 KiB/s
C:\Users\Kevin\AppData\Local\Temp\cinehome-hls-new-batman-series-s01e07\master122.vtt: 9.46 KiB / 9.46 KiB  75.19 KiB/s
C:\Users\Kevin\AppData\Local\Temp\cinehome-hls-new-batman-series-s01e07\master123.vtt: 9.47 KiB / 9.47 KiB  65.67 KiB/s
C:\Users\Kevin\AppData\Local\Temp\cinehome-hls-new-batman-series-s01e07\master124.vtt: 9.62 KiB / 9.62 KiB  64.86 KiB/s
C:\Users\Kevin\AppData\Local\Temp\cinehome-hls-new-batman-series-s01e07\master125.vtt: 9.72 KiB / 9.72 KiB  64.95 KiB/s
C:\Users\Kevin\AppData\Local\Temp\cinehome-hls-new-batman-series-s01e07\master125.vtt: 9.77 KiB / 9.77 KiB  65.32 KiB/s
C:\Users\Kevin\AppData\Local\Temp\cinehome-hls-new-batman-series-s01e07\master125.vtt: 9.93 KiB / 9.93 KiB  66.41 KiB/s
C:\Users\Kevin\AppData\Local\Temp\cinehome-hls-new-batman-series-s01e07\master125.vtt: 9.94 KiB / 9.94 KiB  66.45 KiB/s
C:\Users\Kevin\AppData\Local\Temp\cinehome-hls-new-batman-series-s01e07\master125.vtt: 10.02 KiB / 10.02 KiB  66.73 KiB/s
C:\Users\Kevin\AppData\Local\Temp\cinehome-hls-new-batman-series-s01e07\master126.vtt: 10.07 KiB / 10.07 KiB  67.05 KiB/s
C:\Users\Kevin\AppData\Local\Temp\cinehome-hls-new-batman-series-s01e07\master126.vtt: 10.13 KiB / 10.13 KiB  67.48 KiB/s
C:\Users\Kevin\AppData\Local\Temp\cinehome-hls-new-batman-series-s01e07\master126.vtt: 10.30 KiB / 10.30 KiB  68.59 KiB/s
C:\Users\Kevin\AppData\Local\Temp\cinehome-hls-new-batman-series-s01e07\master126.vtt: 10.30 KiB / 10.30 KiB  68.40 KiB/s
C:\Users\Kevin\AppData\Local\Temp\cinehome-hls-new-batman-series-s01e07\master133.vtt: 10.55 KiB / 10.55 KiB  70.07 KiB/s
C:\Users\Kevin\AppData\Local\Temp\cinehome-hls-new-batman-series-s01e07\master134.vtt: 10.84 KiB / 10.84 KiB  52.69 KiB/s
C:\Users\Kevin\AppData\Local\Temp\cinehome-hls-new-batman-series-s01e07\master134.vtt: 10.88 KiB / 10.88 KiB  52.39 KiB/s
C:\Users\Kevin\AppData\Local\Temp\cinehome-hls-new-batman-series-s01e07\master135.vtt: 10.94 KiB / 10.94 KiB  52.39 KiB/s
C:\Users\Kevin\AppData\Local\Temp\cinehome-hls-new-batman-series-s01e07\master136.vtt: 10.94 KiB / 10.94 KiB  52.27 KiB/s
C:\Users\Kevin\AppData\Local\Temp\cinehome-hls-new-batman-series-s01e07\master137.vtt: 11.03 KiB / 11.03 KiB  52.67 KiB/s
C:\Users\Kevin\AppData\Local\Temp\cinehome-hls-new-batman-series-s01e07\master138.vtt: 11.13 KiB / 11.13 KiB  53.04 KiB/s
C:\Users\Kevin\AppData\Local\Temp\cinehome-hls-new-batman-series-s01e07\master14.vtt: 11.31 KiB / 11.31 KiB  53.76 KiB/s
C:\Users\Kevin\AppData\Local\Temp\cinehome-hls-new-batman-series-s01e07\master14.vtt: 11.47 KiB / 11.47 KiB  54.51 KiB/s
C:\Users\Kevin\AppData\Local\Temp\cinehome-hls-new-batman-series-s01e07\master140.vtt: 11.55 KiB / 11.55 KiB  54.89 KiB/s
C:\Users\Kevin\AppData\Local\Temp\cinehome-hls-new-batman-series-s01e07\master140.vtt: 11.64 KiB / 11.64 KiB  55.15 KiB/s
C:\Users\Kevin\AppData\Local\Temp\cinehome-hls-new-batman-series-s01e07\master141.vtt: 11.64 KiB / 11.64 KiB  55.18 KiB/s
C:\Users\Kevin\AppData\Local\Temp\cinehome-hls-new-batman-series-s01e07\master143.vtt: 11.78 KiB / 11.78 KiB  55.69 KiB/s
C:\Users\Kevin\AppData\Local\Temp\cinehome-hls-new-batman-series-s01e07\master144.vtt: 11.78 KiB / 11.78 KiB  46.84 KiB/s
C:\Users\Kevin\AppData\Local\Temp\cinehome-hls-new-batman-series-s01e07\master144.vtt: 11.78 KiB / 11.78 KiB  46.84 KiB/s
C:\Users\Kevin\AppData\Local\Temp\cinehome-hls-new-batman-series-s01e07\master145.vtt: 12.01 KiB / 12.01 KiB  47.13 KiB/s
C:\Users\Kevin\AppData\Local\Temp\cinehome-hls-new-batman-series-s01e07\master145.vtt: 12.02 KiB / 12.02 KiB  46.76 KiB/s
C:\Users\Kevin\AppData\Local\Temp\cinehome-hls-new-batman-series-s01e07\master145.vtt: 12.25 KiB / 12.25 KiB  47.64 KiB/s
C:\Users\Kevin\AppData\Local\Temp\cinehome-hls-new-batman-series-s01e07\master145.vtt: 12.50 KiB / 12.50 KiB  48.62 KiB/s
C:\Users\Kevin\AppData\Local\Temp\cinehome-hls-new-batman-series-s01e07\master145.vtt: 12.50 KiB / 12.50 KiB  48.54 KiB/s
C:\Users\Kevin\AppData\Local\Temp\cinehome-hls-new-batman-series-s01e07\master145.vtt: 12.51 KiB / 12.51 KiB  48.57 KiB/s
C:\Users\Kevin\AppData\Local\Temp\cinehome-hls-new-batman-series-s01e07\master145.vtt: 12.65 KiB / 12.65 KiB  49.12 KiB/s
C:\Users\Kevin\AppData\Local\Temp\cinehome-hls-new-batman-series-s01e07\master146.vtt: 12.77 KiB / 12.77 KiB  49.58 KiB/s
C:\Users\Kevin\AppData\Local\Temp\cinehome-hls-new-batman-series-s01e07\master152.vtt: 12.91 KiB / 12.91 KiB  50.01 KiB/s
C:\Users\Kevin\AppData\Local\Temp\cinehome-hls-new-batman-series-s01e07\master152.vtt: 12.99 KiB / 12.99 KiB  50.20 KiB/s
C:\Users\Kevin\AppData\Local\Temp\cinehome-hls-new-batman-series-s01e07\master152.vtt: 13.07 KiB / 13.07 KiB  50.52 KiB/s
C:\Users\Kevin\AppData\Local\Temp\cinehome-hls-new-batman-series-s01e07\master152.vtt: 13.11 KiB / 13.11 KiB  50.66 KiB/s
C:\Users\Kevin\AppData\Local\Temp\cinehome-hls-new-batman-series-s01e07\master156.vtt: 13.24 KiB / 13.24 KiB  45.00 KiB/s
C:\Users\Kevin\AppData\Local\Temp\cinehome-hls-new-batman-series-s01e07\master157.vtt: 13.25 KiB / 13.25 KiB  44.29 KiB/s
C:\Users\Kevin\AppData\Local\Temp\cinehome-hls-new-batman-series-s01e07\master158.vtt: 13.30 KiB / 13.30 KiB  44.23 KiB/s
C:\Users\Kevin\AppData\Local\Temp\cinehome-hls-new-batman-series-s01e07\master159.vtt: 13.30 KiB / 13.30 KiB  44.18 KiB/s
C:\Users\Kevin\AppData\Local\Temp\cinehome-hls-new-batman-series-s01e07\master159.vtt: 13.34 KiB / 13.34 KiB  44.30 KiB/s
C:\Users\Kevin\AppData\Local\Temp\cinehome-hls-new-batman-series-s01e07\master160.vtt: 13.35 KiB / 13.35 KiB  43.79 KiB/s
C:\Users\Kevin\AppData\Local\Temp\cinehome-hls-new-batman-series-s01e07\master161.vtt: 13.45 KiB / 13.45 KiB  44.09 KiB/s
C:\Users\Kevin\AppData\Local\Temp\cinehome-hls-new-batman-series-s01e07\master162.vtt: 13.49 KiB / 13.49 KiB  42.82 KiB/s
C:\Users\Kevin\AppData\Local\Temp\cinehome-hls-new-batman-series-s01e07\master163.vtt: 13.64 KiB / 13.64 KiB  43.18 KiB/s
C:\Users\Kevin\AppData\Local\Temp\cinehome-hls-new-batman-series-s01e07\master164.vtt: 13.65 KiB / 13.65 KiB  43.02 KiB/s
C:\Users\Kevin\AppData\Local\Temp\cinehome-hls-new-batman-series-s01e07\master165.vtt: 13.73 KiB / 13.73 KiB  43.18 KiB/s
C:\Users\Kevin\AppData\Local\Temp\cinehome-hls-new-batman-series-s01e07\master166.vtt: 13.81 KiB / 13.81 KiB  41.92 KiB/s
C:\Users\Kevin\AppData\Local\Temp\cinehome-hls-new-batman-series-s01e07\master167.vtt: 13.81 KiB / 13.81 KiB  41.10 KiB/s
C:\Users\Kevin\AppData\Local\Temp\cinehome-hls-new-batman-series-s01e07\master168.vtt: 13.82 KiB / 13.82 KiB  40.46 KiB/s
C:\Users\Kevin\AppData\Local\Temp\cinehome-hls-new-batman-series-s01e07\master169.vtt: 13.83 KiB / 13.83 KiB  39.43 KiB/s
C:\Users\Kevin\AppData\Local\Temp\cinehome-hls-new-batman-series-s01e07\master17.vtt: 13.92 KiB / 13.92 KiB  39.63 KiB/s
C:\Users\Kevin\AppData\Local\Temp\cinehome-hls-new-batman-series-s01e07\master170.vtt: 13.96 KiB / 13.96 KiB  39.69 KiB/s
C:\Users\Kevin\AppData\Local\Temp\cinehome-hls-new-batman-series-s01e07\master171.vtt: 13.97 KiB / 13.97 KiB  39.56 KiB/s
C:\Users\Kevin\AppData\Local\Temp\cinehome-hls-new-batman-series-s01e07\master172.vtt: 14.02 KiB / 14.02 KiB  39.41 KiB/s
C:\Users\Kevin\AppData\Local\Temp\cinehome-hls-new-batman-series-s01e07\master173.vtt: 14.02 KiB / 14.02 KiB  39.10 KiB/s
C:\Users\Kevin\AppData\Local\Temp\cinehome-hls-new-batman-series-s01e07\master174.vtt: 14.07 KiB / 14.07 KiB  38.62 KiB/s
C:\Users\Kevin\AppData\Local\Temp\cinehome-hls-new-batman-series-s01e07\master175.vtt: 14.07 KiB / 14.07 KiB  38.36 KiB/s
C:\Users\Kevin\AppData\Local\Temp\cinehome-hls-new-batman-series-s01e07\master176.vtt: 14.12 KiB / 14.12 KiB  38.51 KiB/s
C:\Users\Kevin\AppData\Local\Temp\cinehome-hls-new-batman-series-s01e07\master177.vtt: 14.19 KiB / 14.19 KiB  38.53 KiB/s
C:\Users\Kevin\AppData\Local\Temp\cinehome-hls-new-batman-series-s01e07\master178.vtt: 14.25 KiB / 14.25 KiB  37.85 KiB/s
C:\Users\Kevin\AppData\Local\Temp\cinehome-hls-new-batman-series-s01e07\master178.vtt: 14.25 KiB / 14.25 KiB  37.75 KiB/s
C:\Users\Kevin\AppData\Local\Temp\cinehome-hls-new-batman-series-s01e07\master178.vtt: 14.25 KiB / 14.25 KiB  37.75 KiB/s
C:\Users\Kevin\AppData\Local\Temp\cinehome-hls-new-batman-series-s01e07\master179.vtt: 14.25 KiB / 14.25 KiB  37.56 KiB/s
C:\Users\Kevin\AppData\Local\Temp\cinehome-hls-new-batman-series-s01e07\master18.vtt: 14.26 KiB / 14.26 KiB  37.30 KiB/s
C:\Users\Kevin\AppData\Local\Temp\cinehome-hls-new-batman-series-s01e07\master180.vtt: 14.31 KiB / 14.31 KiB  36.65 KiB/s
C:\Users\Kevin\AppData\Local\Temp\cinehome-hls-new-batman-series-s01e07\master181.vtt: 14.31 KiB / 14.31 KiB  36.62 KiB/s
C:\Users\Kevin\AppData\Local\Temp\cinehome-hls-new-batman-series-s01e07\master182.vtt: 14.32 KiB / 14.32 KiB  36.43 KiB/s
C:\Users\Kevin\AppData\Local\Temp\cinehome-hls-new-batman-series-s01e07\master182.vtt: 14.33 KiB / 14.33 KiB  36.45 KiB/s
C:\Users\Kevin\AppData\Local\Temp\cinehome-hls-new-batman-series-s01e07\master184.vtt: 14.33 KiB / 14.33 KiB  36.46 KiB/s
C:\Users\Kevin\AppData\Local\Temp\cinehome-hls-new-batman-series-s01e07\master185.vtt: 14.34 KiB / 14.34 KiB  35.58 KiB/s
C:\Users\Kevin\AppData\Local\Temp\cinehome-hls-new-batman-series-s01e07\master186.vtt: 14.35 KiB / 14.35 KiB  35.06 KiB/s
C:\Users\Kevin\AppData\Local\Temp\cinehome-hls-new-batman-series-s01e07\master187.vtt: 14.41 KiB / 14.41 KiB  34.53 KiB/s
C:\Users\Kevin\AppData\Local\Temp\cinehome-hls-new-batman-series-s01e07\master188.vtt: 14.48 KiB / 14.48 KiB  34.55 KiB/s
C:\Users\Kevin\AppData\Local\Temp\cinehome-hls-new-batman-series-s01e07\master189.vtt: 14.49 KiB / 14.49 KiB  34.23 KiB/s
C:\Users\Kevin\AppData\Local\Temp\cinehome-hls-new-batman-series-s01e07\master189.vtt: 14.52 KiB / 14.52 KiB  33.74 KiB/s
C:\Users\Kevin\AppData\Local\Temp\cinehome-hls-new-batman-series-s01e07\master190.vtt: 14.61 KiB / 14.61 KiB  33.89 KiB/s
C:\Users\Kevin\AppData\Local\Temp\cinehome-hls-new-batman-series-s01e07\master191.vtt: 14.78 KiB / 14.78 KiB  34.07 KiB/s
C:\Users\Kevin\AppData\Local\Temp\cinehome-hls-new-batman-series-s01e07\master192.vtt: 14.81 KiB / 14.81 KiB  33.99 KiB/s
C:\Users\Kevin\AppData\Local\Temp\cinehome-hls-new-batman-series-s01e07\master193.vtt: 14.95 KiB / 14.95 KiB  34.30 KiB/s
C:\Users\Kevin\AppData\Local\Temp\cinehome-hls-new-batman-series-s01e07\master194.vtt: 15.06 KiB / 15.06 KiB  34.52 KiB/s
C:\Users\Kevin\AppData\Local\Temp\cinehome-hls-new-batman-series-s01e07\master195.vtt: 15.15 KiB / 15.15 KiB  34.54 KiB/s
C:\Users\Kevin\AppData\Local\Temp\cinehome-hls-new-batman-series-s01e07\master196.vtt: 15.29 KiB / 15.29 KiB  34.87 KiB/s
C:\Users\Kevin\AppData\Local\Temp\cinehome-hls-new-batman-series-s01e07\master197.vtt: 15.43 KiB / 15.43 KiB  34.95 KiB/s
C:\Users\Kevin\AppData\Local\Temp\cinehome-hls-new-batman-series-s01e07\master198.vtt: 15.49 KiB / 15.49 KiB  34.65 KiB/s
C:\Users\Kevin\AppData\Local\Temp\cinehome-hls-new-batman-series-s01e07\master199.vtt: 15.49 KiB / 15.49 KiB  32.49 KiB/s
C:\Users\Kevin\AppData\Local\Temp\cinehome-hls-new-batman-series-s01e07\master199.vtt: 15.64 KiB / 15.64 KiB  32.81 KiB/s
C:\Users\Kevin\AppData\Local\Temp\cinehome-hls-new-batman-series-s01e07\master20.vtt: 15.65 KiB / 15.65 KiB  32.78 KiB/s
C:\Users\Kevin\AppData\Local\Temp\cinehome-hls-new-batman-series-s01e07\master200.vtt: 15.76 KiB / 15.76 KiB  32.92 KiB/s
C:\Users\Kevin\AppData\Local\Temp\cinehome-hls-new-batman-series-s01e07\master200.vtt: 15.86 KiB / 15.86 KiB  33.09 KiB/s
C:\Users\Kevin\AppData\Local\Temp\cinehome-hls-new-batman-series-s01e07\master200.vtt: 15.87 KiB / 15.87 KiB  33.10 KiB/s
C:\Users\Kevin\AppData\Local\Temp\cinehome-hls-new-batman-series-s01e07\master200.vtt: 15.87 KiB / 15.87 KiB  33.12 KiB/s
C:\Users\Kevin\AppData\Local\Temp\cinehome-hls-new-batman-series-s01e07\master202.vtt: 15.88 KiB / 15.88 KiB  33.10 KiB/s
C:\Users\Kevin\AppData\Local\Temp\cinehome-hls-new-batman-series-s01e07\master202.vtt: 15.89 KiB / 15.89 KiB  33.07 KiB/s
C:\Users\Kevin\AppData\Local\Temp\cinehome-hls-new-batman-series-s01e07\master202.vtt: 15.89 KiB / 15.89 KiB  33.09 KiB/s
C:\Users\Kevin\AppData\Local\Temp\cinehome-hls-new-batman-series-s01e07\master202.vtt: 15.90 KiB / 15.90 KiB  33.10 KiB/s
C:\Users\Kevin\AppData\Local\Temp\cinehome-hls-new-batman-series-s01e07\master202.vtt: 15.91 KiB / 15.91 KiB  33.11 KiB/s
C:\Users\Kevin\AppData\Local\Temp\cinehome-hls-new-batman-series-s01e07\master208.vtt: 15.91 KiB / 15.91 KiB  31.66 KiB/s
C:\Users\Kevin\AppData\Local\Temp\cinehome-hls-new-batman-series-s01e07\master208.vtt: 15.91 KiB / 15.91 KiB  31.66 KiB/s
C:\Users\Kevin\AppData\Local\Temp\cinehome-hls-new-batman-series-s01e07\master209.vtt: 16.06 KiB / 16.06 KiB  30.78 KiB/s
C:\Users\Kevin\AppData\Local\Temp\cinehome-hls-new-batman-series-s01e07\master21.vtt: 16.07 KiB / 16.07 KiB  30.68 KiB/s
C:\Users\Kevin\AppData\Local\Temp\cinehome-hls-new-batman-series-s01e07\master210.vtt: 16.25 KiB / 16.25 KiB  31.03 KiB/s
C:\Users\Kevin\AppData\Local\Temp\cinehome-hls-new-batman-series-s01e07\master211.vtt: 16.34 KiB / 16.34 KiB  31.15 KiB/s
C:\Users\Kevin\AppData\Local\Temp\cinehome-hls-new-batman-series-s01e07\master212.vtt: 16.40 KiB / 16.40 KiB  31.18 KiB/s
C:\Users\Kevin\AppData\Local\Temp\cinehome-hls-new-batman-series-s01e07\master212.vtt: 16.47 KiB / 16.47 KiB  31.31 KiB/s
C:\Users\Kevin\AppData\Local\Temp\cinehome-hls-new-batman-series-s01e07\master212.vtt: 16.67 KiB / 16.67 KiB  31.66 KiB/s
C:\Users\Kevin\AppData\Local\Temp\cinehome-hls-new-batman-series-s01e07\master212.vtt: 16.76 KiB / 16.76 KiB  31.83 KiB/s
C:\Users\Kevin\AppData\Local\Temp\cinehome-hls-new-batman-series-s01e07\master216.vtt: 16.77 KiB / 16.77 KiB  31.81 KiB/s
C:\Users\Kevin\AppData\Local\Temp\cinehome-hls-new-batman-series-s01e07\master217.vtt: 16.83 KiB / 16.83 KiB  30.88 KiB/s
C:\Users\Kevin\AppData\Local\Temp\cinehome-hls-new-batman-series-s01e07\master218.vtt: 16.83 KiB / 16.83 KiB  30.86 KiB/s
C:\Users\Kevin\AppData\Local\Temp\cinehome-hls-new-batman-series-s01e07\master219.vtt: 17.18 KiB / 17.18 KiB  30.42 KiB/s
C:\Users\Kevin\AppData\Local\Temp\cinehome-hls-new-batman-series-s01e07\master22.vtt: 17.19 KiB / 17.19 KiB  30.37 KiB/s
C:\Users\Kevin\AppData\Local\Temp\cinehome-hls-new-batman-series-s01e07\master220.vtt: 17.24 KiB / 17.24 KiB  30.39 KiB/s
C:\Users\Kevin\AppData\Local\Temp\cinehome-hls-new-batman-series-s01e07\master221.vtt: 17.25 KiB / 17.25 KiB  30.37 KiB/s
C:\Users\Kevin\AppData\Local\Temp\cinehome-hls-new-batman-series-s01e07\master222.vtt: 17.25 KiB / 17.25 KiB  30.07 KiB/s
C:\Users\Kevin\AppData\Local\Temp\cinehome-hls-new-batman-series-s01e07\master223.vtt: 17.26 KiB / 17.26 KiB  29.79 KiB/s
C:\Users\Kevin\AppData\Local\Temp\cinehome-hls-new-batman-series-s01e07\master224.vtt: 17.27 KiB / 17.27 KiB  29.70 KiB/s
C:\Users\Kevin\AppData\Local\Temp\cinehome-hls-new-batman-series-s01e07\master225.vtt: 17.27 KiB / 17.27 KiB  29.31 KiB/s
C:\Users\Kevin\AppData\Local\Temp\cinehome-hls-new-batman-series-s01e07\master226.vtt: 17.28 KiB / 17.28 KiB  29.25 KiB/s
C:\Users\Kevin\AppData\Local\Temp\cinehome-hls-new-batman-series-s01e07\master227.vtt: 17.29 KiB / 17.29 KiB  29.24 KiB/s
C:\Users\Kevin\AppData\Local\Temp\cinehome-hls-new-batman-series-s01e07\master228.vtt: 17.29 KiB / 17.29 KiB  29.18 KiB/s
C:\Users\Kevin\AppData\Local\Temp\cinehome-hls-new-batman-series-s01e07\master229.vtt: 17.30 KiB / 17.30 KiB  28.92 KiB/s
C:\Users\Kevin\AppData\Local\Temp\cinehome-hls-new-batman-series-s01e07\master23.vtt: 17.31 KiB / 17.31 KiB  28.45 KiB/s
C:\Users\Kevin\AppData\Local\Temp\cinehome-hls-new-batman-series-s01e07\master230.vtt: 17.31 KiB / 17.31 KiB  28.37 KiB/s
C:\Users\Kevin\AppData\Local\Temp\cinehome-hls-new-batman-series-s01e07\master231.vtt: 17.32 KiB / 17.32 KiB  28.38 KiB/s
C:\Users\Kevin\AppData\Local\Temp\cinehome-hls-new-batman-series-s01e07\master232.vtt: 17.33 KiB / 17.33 KiB  27.65 KiB/s
C:\Users\Kevin\AppData\Local\Temp\cinehome-hls-new-batman-series-s01e07\master232.vtt: 17.33 KiB / 17.33 KiB  27.60 KiB/s
C:\Users\Kevin\AppData\Local\Temp\cinehome-hls-new-batman-series-s01e07\master232.vtt: 17.33 KiB / 17.33 KiB  27.60 KiB/s
C:\Users\Kevin\AppData\Local\Temp\cinehome-hls-new-batman-series-s01e07\master233.vtt: 17.33 KiB / 17.33 KiB  27.51 KiB/s
C:\Users\Kevin\AppData\Local\Temp\cinehome-hls-new-batman-series-s01e07\master234.vtt: 17.34 KiB / 17.34 KiB  27.43 KiB/s
C:\Users\Kevin\AppData\Local\Temp\cinehome-hls-new-batman-series-s01e07\master235.vtt: 17.35 KiB / 17.35 KiB  27.44 KiB/s
C:\Users\Kevin\AppData\Local\Temp\cinehome-hls-new-batman-series-s01e07\master236.vtt: 17.36 KiB / 17.36 KiB  27.43 KiB/s
C:\Users\Kevin\AppData\Local\Temp\cinehome-hls-new-batman-series-s01e07\master237.vtt: 17.36 KiB / 17.36 KiB  27.42 KiB/s
C:\Users\Kevin\AppData\Local\Temp\cinehome-hls-new-batman-series-s01e07\master238.vtt: 17.37 KiB / 17.37 KiB  27.36 KiB/s
C:\Users\Kevin\AppData\Local\Temp\cinehome-hls-new-batman-series-s01e07\master239.vtt: 17.51 KiB / 17.51 KiB  27.35 KiB/s
C:\Users\Kevin\AppData\Local\Temp\cinehome-hls-new-batman-series-s01e07\master24.vtt: 17.52 KiB / 17.52 KiB  27.05 KiB/s
C:\Users\Kevin\AppData\Local\Temp\cinehome-hls-new-batman-series-s01e07\master24.vtt: 17.52 KiB / 17.52 KiB  26.58 KiB/s
C:\Users\Kevin\AppData\Local\Temp\cinehome-hls-new-batman-series-s01e07\master241.vtt: 17.53 KiB / 17.53 KiB  26.55 KiB/s
C:\Users\Kevin\AppData\Local\Temp\cinehome-hls-new-batman-series-s01e07\master242.vtt: 17.54 KiB / 17.54 KiB  26.50 KiB/s
C:\Users\Kevin\AppData\Local\Temp\cinehome-hls-new-batman-series-s01e07\master243.vtt: 17.80 KiB / 17.80 KiB  26.88 KiB/s
C:\Users\Kevin\AppData\Local\Temp\cinehome-hls-new-batman-series-s01e07\master25.vtt: 17.87 KiB / 17.87 KiB  26.38 KiB/s
C:\Users\Kevin\AppData\Local\Temp\cinehome-hls-new-batman-series-s01e07\master26.vtt: 18.21 KiB / 18.21 KiB  26.85 KiB/s
C:\Users\Kevin\AppData\Local\Temp\cinehome-hls-new-batman-series-s01e07\master27.vtt: 18.21 KiB / 18.21 KiB  26.83 KiB/s
C:\Users\Kevin\AppData\Local\Temp\cinehome-hls-new-batman-series-s01e07\master28.vtt: 18.25 KiB / 18.25 KiB  26.84 KiB/s
C:\Users\Kevin\AppData\Local\Temp\cinehome-hls-new-batman-series-s01e07\master29.vtt: 18.34 KiB / 18.34 KiB  26.97 KiB/s
C:\Users\Kevin\AppData\Local\Temp\cinehome-hls-new-batman-series-s01e07\master3.vtt: 18.56 KiB / 18.56 KiB  27.10 KiB/s
C:\Users\Kevin\AppData\Local\Temp\cinehome-hls-new-batman-series-s01e07\master30.vtt: 18.69 KiB / 18.69 KiB  27.19 KiB/s
C:\Users\Kevin\AppData\Local\Temp\cinehome-hls-new-batman-series-s01e07\master30.vtt: 18.84 KiB / 18.84 KiB  27.26 KiB/s
C:\Users\Kevin\AppData\Local\Temp\cinehome-hls-new-batman-series-s01e07\master30.vtt: 19.07 KiB / 19.07 KiB  27.59 KiB/s
C:\Users\Kevin\AppData\Local\Temp\cinehome-hls-new-batman-series-s01e07\master30.vtt: 19.35 KiB / 19.35 KiB  28.00 KiB/s
C:\Users\Kevin\AppData\Local\Temp\cinehome-hls-new-batman-series-s01e07\master34.vtt: 19.51 KiB / 19.51 KiB  28.21 KiB/s
C:\Users\Kevin\AppData\Local\Temp\cinehome-hls-new-batman-series-s01e07\master35.vtt: 19.57 KiB / 19.57 KiB  28.03 KiB/s
C:\Users\Kevin\AppData\Local\Temp\cinehome-hls-new-batman-series-s01e07\master36.vtt: 19.78 KiB / 19.78 KiB  27.77 KiB/s
C:\Users\Kevin\AppData\Local\Temp\cinehome-hls-new-batman-series-s01e07\master37.vtt: 19.78 KiB / 19.78 KiB  27.33 KiB/s
C:\Users\Kevin\AppData\Local\Temp\cinehome-hls-new-batman-series-s01e07\master37.vtt: 20.06 KiB / 20.06 KiB  27.71 KiB/s
C:\Users\Kevin\AppData\Local\Temp\cinehome-hls-new-batman-series-s01e07\master39.vtt: 20.33 KiB / 20.33 KiB  27.98 KiB/s
C:\Users\Kevin\AppData\Local\Temp\cinehome-hls-new-batman-series-s01e07\master4.vtt: 20.37 KiB / 20.37 KiB  28.00 KiB/s
C:\Users\Kevin\AppData\Local\Temp\cinehome-hls-new-batman-series-s01e07\master40.vtt: 20.38 KiB / 20.38 KiB  27.87 KiB/s
C:\Users\Kevin\AppData\Local\Temp\cinehome-hls-new-batman-series-s01e07\master41.vtt: 20.43 KiB / 20.43 KiB  27.78 KiB/s
C:\Users\Kevin\AppData\Local\Temp\cinehome-hls-new-batman-series-s01e07\master42.vtt: 20.43 KiB / 20.43 KiB  27.75 KiB/s
C:\Users\Kevin\AppData\Local\Temp\cinehome-hls-new-batman-series-s01e07\master43.vtt: 20.53 KiB / 20.53 KiB  27.88 KiB/s
C:\Users\Kevin\AppData\Local\Temp\cinehome-hls-new-batman-series-s01e07\master44.vtt: 20.76 KiB / 20.76 KiB  28.07 KiB/s
C:\Users\Kevin\AppData\Local\Temp\cinehome-hls-new-batman-series-s01e07\master45.vtt: 20.83 KiB / 20.83 KiB  27.94 KiB/s
C:\Users\Kevin\AppData\Local\Temp\cinehome-hls-new-batman-series-s01e07\master46.vtt: 20.99 KiB / 20.99 KiB  28.14 KiB/s
C:\Users\Kevin\AppData\Local\Temp\cinehome-hls-new-batman-series-s01e07\master46.vtt: 21.13 KiB / 21.13 KiB  28.32 KiB/s
C:\Users\Kevin\AppData\Local\Temp\cinehome-hls-new-batman-series-s01e07\master47.vtt: 21.13 KiB / 21.13 KiB  28.07 KiB/s
C:\Users\Kevin\AppData\Local\Temp\cinehome-hls-new-batman-series-s01e07\master47.vtt: 21.13 KiB / 21.13 KiB  28.07 KiB/s
C:\Users\Kevin\AppData\Local\Temp\cinehome-hls-new-batman-series-s01e07\master48.vtt: 21.30 KiB / 21.30 KiB  27.95 KiB/s
C:\Users\Kevin\AppData\Local\Temp\cinehome-hls-new-batman-series-s01e07\master49.vtt: 21.48 KiB / 21.48 KiB  27.99 KiB/s
C:\Users\Kevin\AppData\Local\Temp\cinehome-hls-new-batman-series-s01e07\master5.vtt: 21.62 KiB / 21.62 KiB  28.09 KiB/s
C:\Users\Kevin\AppData\Local\Temp\cinehome-hls-new-batman-series-s01e07\master5.vtt: 21.62 KiB / 21.62 KiB  28.05 KiB/s
C:\Users\Kevin\AppData\Local\Temp\cinehome-hls-new-batman-series-s01e07\master5.vtt: 21.80 KiB / 21.80 KiB  28.28 KiB/s
C:\Users\Kevin\AppData\Local\Temp\cinehome-hls-new-batman-series-s01e07\master52.vtt: 21.87 KiB / 21.87 KiB  28.20 KiB/s
C:\Users\Kevin\AppData\Local\Temp\cinehome-hls-new-batman-series-s01e07\master52.vtt: 21.97 KiB / 21.97 KiB  28.33 KiB/s
C:\Users\Kevin\AppData\Local\Temp\cinehome-hls-new-batman-series-s01e07\master52.vtt: 22.02 KiB / 22.02 KiB  28.39 KiB/s
C:\Users\Kevin\AppData\Local\Temp\cinehome-hls-new-batman-series-s01e07\master55.vtt: 22.10 KiB / 22.10 KiB  28.48 KiB/s
C:\Users\Kevin\AppData\Local\Temp\cinehome-hls-new-batman-series-s01e07\master56.vtt: 22.22 KiB / 22.22 KiB  28.52 KiB/s
C:\Users\Kevin\AppData\Local\Temp\cinehome-hls-new-batman-series-s01e07\master57.vtt: 22.34 KiB / 22.34 KiB  28.05 KiB/s
C:\Users\Kevin\AppData\Local\Temp\cinehome-hls-new-batman-series-s01e07\master58.vtt: 22.55 KiB / 22.55 KiB  28.22 KiB/s
C:\Users\Kevin\AppData\Local\Temp\cinehome-hls-new-batman-series-s01e07\master59.vtt: 22.63 KiB / 22.63 KiB  28.30 KiB/s
C:\Users\Kevin\AppData\Local\Temp\cinehome-hls-new-batman-series-s01e07\master6.vtt: 22.73 KiB / 22.73 KiB  28.33 KiB/s
C:\Users\Kevin\AppData\Local\Temp\cinehome-hls-new-batman-series-s01e07\master60.vtt: 22.90 KiB / 22.90 KiB  28.52 KiB/s
C:\Users\Kevin\AppData\Local\Temp\cinehome-hls-new-batman-series-s01e07\master61.vtt: 22.91 KiB / 22.91 KiB  28.51 KiB/s
C:\Users\Kevin\AppData\Local\Temp\cinehome-hls-new-batman-series-s01e07\master62.vtt: 22.91 KiB / 22.91 KiB  28.37 KiB/s
C:\Users\Kevin\AppData\Local\Temp\cinehome-hls-new-batman-series-s01e07\master62.vtt: 22.92 KiB / 22.92 KiB  28.38 KiB/s
C:\Users\Kevin\AppData\Local\Temp\cinehome-hls-new-batman-series-s01e07\master64.vtt: 22.98 KiB / 22.98 KiB  28.43 KiB/s
C:\Users\Kevin\AppData\Local\Temp\cinehome-hls-new-batman-series-s01e07\master65.vtt: 23.07 KiB / 23.07 KiB  28.53 KiB/s
C:\Users\Kevin\AppData\Local\Temp\cinehome-hls-new-batman-series-s01e07\master66.vtt: 23.14 KiB / 23.14 KiB  28.61 KiB/s
C:\Users\Kevin\AppData\Local\Temp\cinehome-hls-new-batman-series-s01e07\master67.vtt: 23.29 KiB / 23.29 KiB  28.61 KiB/s
C:\Users\Kevin\AppData\Local\Temp\cinehome-hls-new-batman-series-s01e07\master68.vtt: 23.39 KiB / 23.39 KiB  28.02 KiB/s
C:\Users\Kevin\AppData\Local\Temp\cinehome-hls-new-batman-series-s01e07\master69.vtt: 23.66 KiB / 23.66 KiB  28.15 KiB/s
C:\Users\Kevin\AppData\Local\Temp\cinehome-hls-new-batman-series-s01e07\master7.vtt: 23.67 KiB / 23.67 KiB  28.07 KiB/s
C:\Users\Kevin\AppData\Local\Temp\cinehome-hls-new-batman-series-s01e07\master70.vtt: 23.72 KiB / 23.72 KiB  28.13 KiB/s
C:\Users\Kevin\AppData\Local\Temp\cinehome-hls-new-batman-series-s01e07\master71.vtt: 23.79 KiB / 23.79 KiB  28.07 KiB/s
C:\Users\Kevin\AppData\Local\Temp\cinehome-hls-new-batman-series-s01e07\master72.vtt: 23.79 KiB / 23.79 KiB  28.01 KiB/s
C:\Users\Kevin\AppData\Local\Temp\cinehome-hls-new-batman-series-s01e07\master73.vtt: 23.84 KiB / 23.84 KiB  28.03 KiB/s
C:\Users\Kevin\AppData\Local\Temp\cinehome-hls-new-batman-series-s01e07\master73.vtt: 23.85 KiB / 23.85 KiB  28.04 KiB/s
C:\Users\Kevin\AppData\Local\Temp\cinehome-hls-new-batman-series-s01e07\master75.vtt: 24.11 KiB / 24.11 KiB  28.31 KiB/s
C:\Users\Kevin\AppData\Local\Temp\cinehome-hls-new-batman-series-s01e07\master76.vtt: 24.28 KiB / 24.28 KiB  28.42 KiB/s
C:\Users\Kevin\AppData\Local\Temp\cinehome-hls-new-batman-series-s01e07\master76.vtt: 24.40 KiB / 24.40 KiB  28.55 KiB/s
C:\Users\Kevin\AppData\Local\Temp\cinehome-hls-new-batman-series-s01e07\master78.vtt: 24.54 KiB / 24.54 KiB  28.59 KiB/s
C:\Users\Kevin\AppData\Local\Temp\cinehome-hls-new-batman-series-s01e07\master78.vtt: 24.54 KiB / 24.54 KiB  27.94 KiB/s
C:\Users\Kevin\AppData\Local\Temp\cinehome-hls-new-batman-series-s01e07\master78.vtt: 24.54 KiB / 24.54 KiB  27.94 KiB/s
C:\Users\Kevin\AppData\Local\Temp\cinehome-hls-new-batman-series-s01e07\master79.vtt: 24.73 KiB / 24.73 KiB  28.07 KiB/s
C:\Users\Kevin\AppData\Local\Temp\cinehome-hls-new-batman-series-s01e07\master8.vtt: 24.81 KiB / 24.81 KiB  28.10 KiB/s
C:\Users\Kevin\AppData\Local\Temp\cinehome-hls-new-batman-series-s01e07\master80.vtt: 24.87 KiB / 24.87 KiB  28.10 KiB/s
C:\Users\Kevin\AppData\Local\Temp\cinehome-hls-new-batman-series-s01e07\master81.vtt: 24.96 KiB / 24.96 KiB  28.17 KiB/s
C:\Users\Kevin\AppData\Local\Temp\cinehome-hls-new-batman-series-s01e07\master82.vtt: 24.96 KiB / 24.96 KiB  28.17 KiB/s
C:\Users\Kevin\AppData\Local\Temp\cinehome-hls-new-batman-series-s01e07\master83.vtt: 25.20 KiB / 25.20 KiB  28.34 KiB/s
C:\Users\Kevin\AppData\Local\Temp\cinehome-hls-new-batman-series-s01e07\master84.vtt: 25.28 KiB / 25.28 KiB  28.37 KiB/s
C:\Users\Kevin\AppData\Local\Temp\cinehome-hls-new-batman-series-s01e07\master85.vtt: 25.34 KiB / 25.34 KiB  28.42 KiB/s
C:\Users\Kevin\AppData\Local\Temp\cinehome-hls-new-batman-series-s01e07\master86.vtt: 25.42 KiB / 25.42 KiB  28.49 KiB/s
C:\Users\Kevin\AppData\Local\Temp\cinehome-hls-new-batman-series-s01e07\master87.vtt: 25.42 KiB / 25.42 KiB  28.38 KiB/s
C:\Users\Kevin\AppData\Local\Temp\cinehome-hls-new-batman-series-s01e07\master88.vtt: 25.43 KiB / 25.43 KiB  28.34 KiB/s
C:\Users\Kevin\AppData\Local\Temp\cinehome-hls-new-batman-series-s01e07\master89.vtt: 25.52 KiB / 25.52 KiB  27.82 KiB/s
C:\Users\Kevin\AppData\Local\Temp\cinehome-hls-new-batman-series-s01e07\master89.vtt: 25.68 KiB / 25.68 KiB  27.99 KiB/s
C:\Users\Kevin\AppData\Local\Temp\cinehome-hls-new-batman-series-s01e07\master90.vtt: 25.78 KiB / 25.78 KiB  28.00 KiB/s
C:\Users\Kevin\AppData\Local\Temp\cinehome-hls-new-batman-series-s01e07\master91.vtt: 25.79 KiB / 25.79 KiB  28.01 KiB/s
C:\Users\Kevin\AppData\Local\Temp\cinehome-hls-new-batman-series-s01e07\master91.vtt: 25.84 KiB / 25.84 KiB  28.05 KiB/s
C:\Users\Kevin\AppData\Local\Temp\cinehome-hls-new-batman-series-s01e07\master93.vtt: 25.85 KiB / 25.85 KiB  28.00 KiB/s
C:\Users\Kevin\AppData\Local\Temp\cinehome-hls-new-batman-series-s01e07\master94.vtt: 26.06 KiB / 26.06 KiB  28.06 KiB/s
C:\Users\Kevin\AppData\Local\Temp\cinehome-hls-new-batman-series-s01e07\master94.vtt: 26.07 KiB / 26.07 KiB  28.07 KiB/s
C:\Users\Kevin\AppData\Local\Temp\cinehome-hls-new-batman-series-s01e07\master96.vtt: 26.08 KiB / 26.08 KiB  28.00 KiB/s
C:\Users\Kevin\AppData\Local\Temp\cinehome-hls-new-batman-series-s01e07\master97.vtt: 26.30 KiB / 26.30 KiB  28.22 KiB/s
C:\Users\Kevin\AppData\Local\Temp\cinehome-hls-new-batman-series-s01e07\master98.vtt: 26.36 KiB / 26.36 KiB  28.29 KiB/s
C:\Users\Kevin\AppData\Local\Temp\cinehome-hls-new-batman-series-s01e07\master99.vtt: 33.98 KiB / 33.98 KiB  36.45 KiB/s
C:\Users\Kevin\AppData\Local\Temp\cinehome-hls-new-batman-series-s01e07\master_vtt.m3u8: 2.18 MiB / 2.18 MiB  2.32 MiB/s
C:\Users\Kevin\AppData\Local\Temp\cinehome-hls-new-batman-series-s01e07\seg_0000.ts: 2.96 MiB / 2.96 MiB  3.11 MiB/s
C:\Users\Kevin\AppData\Local\Temp\cinehome-hls-new-batman-series-s01e07\seg_0001.ts: 3.88 MiB / 3.88 MiB  4.03 MiB/s
C:\Users\Kevin\AppData\Local\Temp\cinehome-hls-new-batman-series-s01e07\seg_0002.ts: 4.33 MiB / 4.33 MiB  4.50 MiB/s
C:\Users\Kevin\AppData\Local\Temp\cinehome-hls-new-batman-series-s01e07\seg_0002.ts: 5.96 MiB / 5.96 MiB  6.19 MiB/s
C:\Users\Kevin\AppData\Local\Temp\cinehome-hls-new-batman-series-s01e07\seg_0003.ts: 7.07 MiB / 7.07 MiB  7.33 MiB/s
C:\Users\Kevin\AppData\Local\Temp\cinehome-hls-new-batman-series-s01e07\seg_0003.ts: 7.35 MiB / 7.35 MiB  7.62 MiB/s
C:\Users\Kevin\AppData\Local\Temp\cinehome-hls-new-batman-series-s01e07\seg_0006.ts: 10.11 MiB / 10.11 MiB  10.46 MiB/s
C:\Users\Kevin\AppData\Local\Temp\cinehome-hls-new-batman-series-s01e07\seg_0007.ts: 11.35 MiB / 11.35 MiB  11.74 MiB/s
C:\Users\Kevin\AppData\Local\Temp\cinehome-hls-new-batman-series-s01e07\seg_0007.ts: 11.78 MiB / 11.78 MiB  12.18 MiB/s
C:\Users\Kevin\AppData\Local\Temp\cinehome-hls-new-batman-series-s01e07\seg_0009.ts: 12.27 MiB / 12.27 MiB  12.67 MiB/s
C:\Users\Kevin\AppData\Local\Temp\cinehome-hls-new-batman-series-s01e07\seg_0010.ts: 14.25 MiB / 14.25 MiB  14.71 MiB/s
C:\Users\Kevin\AppData\Local\Temp\cinehome-hls-new-batman-series-s01e07\seg_0010.ts: 16.02 MiB / 16.02 MiB  16.47 MiB/s
C:\Users\Kevin\AppData\Local\Temp\cinehome-hls-new-batman-series-s01e07\seg_0011.ts: 16.02 MiB / 16.02 MiB  15.96 MiB/s
C:\Users\Kevin\AppData\Local\Temp\cinehome-hls-new-batman-series-s01e07\seg_0011.ts: 16.02 MiB / 16.02 MiB  15.96 MiB/s
C:\Users\Kevin\AppData\Local\Temp\cinehome-hls-new-batman-series-s01e07\seg_0012.ts: 17.31 MiB / 17.31 MiB  16.36 MiB/s
C:\Users\Kevin\AppData\Local\Temp\cinehome-hls-new-batman-series-s01e07\seg_0013.ts: 30.19 MiB / 30.19 MiB  27.84 MiB/s
C:\Users\Kevin\AppData\Local\Temp\cinehome-hls-new-batman-series-s01e07\seg_0013.ts: 30.19 MiB / 30.19 MiB  26.72 MiB/s
C:\Users\Kevin\AppData\Local\Temp\cinehome-hls-new-batman-series-s01e07\seg_0013.ts: 30.19 MiB / 30.19 MiB  26.72 MiB/s
C:\Users\Kevin\AppData\Local\Temp\cinehome-hls-new-batman-series-s01e07\seg_0014.ts: 32.07 MiB / 32.07 MiB  27.64 MiB/s
C:\Users\Kevin\AppData\Local\Temp\cinehome-hls-new-batman-series-s01e07\seg_0015.ts: 34.91 MiB / 34.91 MiB  29.95 MiB/s
C:\Users\Kevin\AppData\Local\Temp\cinehome-hls-new-batman-series-s01e07\seg_0016.ts: 42.54 MiB / 42.54 MiB  36.46 MiB/s
C:\Users\Kevin\AppData\Local\Temp\cinehome-hls-new-batman-series-s01e07\seg_0016.ts: 50.97 MiB / 50.97 MiB  43.68 MiB/s
C:\Users\Kevin\AppData\Local\Temp\cinehome-hls-new-batman-series-s01e07\seg_0017.ts: 57.04 MiB / 57.04 MiB  48.78 MiB/s
C:\Users\Kevin\AppData\Local\Temp\cinehome-hls-new-batman-series-s01e07\seg_0019.ts: 58.16 MiB / 58.16 MiB  49.70 MiB/s
C:\Users\Kevin\AppData\Local\Temp\cinehome-hls-new-batman-series-s01e07\seg_0020.ts: 58.77 MiB / 58.77 MiB  50.00 MiB/s
C:\Users\Kevin\AppData\Local\Temp\cinehome-hls-new-batman-series-s01e07\seg_0021.ts: 59.97 MiB / 59.97 MiB  50.81 MiB/s
C:\Users\Kevin\AppData\Local\Temp\cinehome-hls-new-batman-series-s01e07\seg_0022.ts: 60.31 MiB / 60.31 MiB  50.83 MiB/s
C:\Users\Kevin\AppData\Local\Temp\cinehome-hls-new-batman-series-s01e07\seg_0023.ts: 60.96 MiB / 60.96 MiB  51.15 MiB/s
C:\Users\Kevin\AppData\Local\Temp\cinehome-hls-new-batman-series-s01e07\seg_0023.ts: 62.20 MiB / 62.20 MiB  52.14 MiB/s
C:\Users\Kevin\AppData\Local\Temp\cinehome-hls-new-batman-series-s01e07\seg_0023.ts: 63.15 MiB / 63.15 MiB  52.94 MiB/s
C:\Users\Kevin\AppData\Local\Temp\cinehome-hls-new-batman-series-s01e07\seg_0025.ts: 63.15 MiB / 63.15 MiB  50.32 MiB/s
C:\Users\Kevin\AppData\Local\Temp\cinehome-hls-new-batman-series-s01e07\seg_0025.ts: 63.15 MiB / 63.15 MiB  50.32 MiB/s
C:\Users\Kevin\AppData\Local\Temp\cinehome-hls-new-batman-series-s01e07\seg_0026.ts: 64.73 MiB / 64.73 MiB  50.80 MiB/s
C:\Users\Kevin\AppData\Local\Temp\cinehome-hls-new-batman-series-s01e07\seg_0027.ts: 65.09 MiB / 65.09 MiB  50.93 MiB/s
C:\Users\Kevin\AppData\Local\Temp\cinehome-hls-new-batman-series-s01e07\seg_0028.ts: 66.15 MiB / 66.15 MiB  51.16 MiB/s
C:\Users\Kevin\AppData\Local\Temp\cinehome-hls-new-batman-series-s01e07\seg_0029.ts: 67.57 MiB / 67.57 MiB  49.72 MiB/s
C:\Users\Kevin\AppData\Local\Temp\cinehome-hls-new-batman-series-s01e07\seg_0029.ts: 67.57 MiB / 67.57 MiB  48.95 MiB/s
C:\Users\Kevin\AppData\Local\Temp\cinehome-hls-new-batman-series-s01e07\seg_0029.ts: 67.57 MiB / 67.57 MiB  48.95 MiB/s
C:\Users\Kevin\AppData\Local\Temp\cinehome-hls-new-batman-series-s01e07\seg_0030.ts: 68.14 MiB / 68.14 MiB  48.67 MiB/s
C:\Users\Kevin\AppData\Local\Temp\cinehome-hls-new-batman-series-s01e07\seg_0031.ts: 69.12 MiB / 69.12 MiB  49.01 MiB/s
C:\Users\Kevin\AppData\Local\Temp\cinehome-hls-new-batman-series-s01e07\seg_0032.ts: 69.94 MiB / 69.94 MiB  49.23 MiB/s
C:\Users\Kevin\AppData\Local\Temp\cinehome-hls-new-batman-series-s01e07\seg_0033.ts: 72.00 MiB / 72.00 MiB  50.64 MiB/s
C:\Users\Kevin\AppData\Local\Temp\cinehome-hls-new-batman-series-s01e07\seg_0034.ts: 73.04 MiB / 73.04 MiB  50.50 MiB/s
C:\Users\Kevin\AppData\Local\Temp\cinehome-hls-new-batman-series-s01e07\seg_0034.ts: 73.04 MiB / 73.04 MiB  48.49 MiB/s
C:\Users\Kevin\AppData\Local\Temp\cinehome-hls-new-batman-series-s01e07\seg_0034.ts: 73.04 MiB / 73.04 MiB  48.49 MiB/s
C:\Users\Kevin\AppData\Local\Temp\cinehome-hls-new-batman-series-s01e07\seg_0035.ts: 74.27 MiB / 74.27 MiB  47.65 MiB/s
C:\Users\Kevin\AppData\Local\Temp\cinehome-hls-new-batman-series-s01e07\seg_0036.ts: 76.55 MiB / 76.55 MiB  47.69 MiB/s
C:\Users\Kevin\AppData\Local\Temp\cinehome-hls-new-batman-series-s01e07\seg_0037.ts: 77.09 MiB / 77.09 MiB  47.82 MiB/s
C:\Users\Kevin\AppData\Local\Temp\cinehome-hls-new-batman-series-s01e07\seg_0038.ts: 78.31 MiB / 78.31 MiB  48.55 MiB/s
C:\Users\Kevin\AppData\Local\Temp\cinehome-hls-new-batman-series-s01e07\seg_0039.ts: 78.76 MiB / 78.76 MiB  48.75 MiB/s
C:\Users\Kevin\AppData\Local\Temp\cinehome-hls-new-batman-series-s01e07\seg_0040.ts: 79.22 MiB / 79.22 MiB  48.88 MiB/s
C:\Users\Kevin\AppData\Local\Temp\cinehome-hls-new-batman-series-s01e07\seg_0040.ts: 79.99 MiB / 79.99 MiB  49.34 MiB/s
C:\Users\Kevin\AppData\Local\Temp\cinehome-hls-new-batman-series-s01e07\seg_0042.ts: 80.54 MiB / 80.54 MiB  49.63 MiB/s
C:\Users\Kevin\AppData\Local\Temp\cinehome-hls-new-batman-series-s01e07\seg_0042.ts: 80.54 MiB / 80.54 MiB  49.38 MiB/s
C:\Users\Kevin\AppData\Local\Temp\cinehome-hls-new-batman-series-s01e07\seg_0042.ts: 80.54 MiB / 80.54 MiB  49.38 MiB/s
C:\Users\Kevin\AppData\Local\Temp\cinehome-hls-new-batman-series-s01e07\seg_0042.ts: 80.54 MiB / 80.54 MiB  45.85 MiB/s
C:\Users\Kevin\AppData\Local\Temp\cinehome-hls-new-batman-series-s01e07\seg_0042.ts: 80.54 MiB / 80.54 MiB  45.85 MiB/s
C:\Users\Kevin\AppData\Local\Temp\cinehome-hls-new-batman-series-s01e07\seg_0043.ts: 82.00 MiB / 82.00 MiB  43.73 MiB/s
C:\Users\Kevin\AppData\Local\Temp\cinehome-hls-new-batman-series-s01e07\seg_0044.ts: 83.00 MiB / 83.00 MiB  44.22 MiB/s
C:\Users\Kevin\AppData\Local\Temp\cinehome-hls-new-batman-series-s01e07\seg_0044.ts: 83.00 MiB / 83.00 MiB  44.10 MiB/s
C:\Users\Kevin\AppData\Local\Temp\cinehome-hls-new-batman-series-s01e07\seg_0044.ts: 83.00 MiB / 83.00 MiB  44.10 MiB/s
C:\Users\Kevin\AppData\Local\Temp\cinehome-hls-new-batman-series-s01e07\seg_0045.ts: 84.07 MiB / 84.07 MiB  43.76 MiB/s
C:\Users\Kevin\AppData\Local\Temp\cinehome-hls-new-batman-series-s01e07\seg_0045.ts: 84.52 MiB / 84.52 MiB  43.62 MiB/s
C:\Users\Kevin\AppData\Local\Temp\cinehome-hls-new-batman-series-s01e07\seg_0047.ts: 85.86 MiB / 85.86 MiB  43.52 MiB/s
C:\Users\Kevin\AppData\Local\Temp\cinehome-hls-new-batman-series-s01e07\seg_0047.ts: 86.74 MiB / 86.74 MiB  43.94 MiB/s
C:\Users\Kevin\AppData\Local\Temp\cinehome-hls-new-batman-series-s01e07\seg_0047.ts: 87.44 MiB / 87.44 MiB  44.28 MiB/s
C:\Users\Kevin\AppData\Local\Temp\cinehome-hls-new-batman-series-s01e07\seg_0047.ts: 88.17 MiB / 88.17 MiB  44.65 MiB/s
C:\Users\Kevin\AppData\Local\Temp\cinehome-hls-new-batman-series-s01e07\seg_0047.ts: 89.40 MiB / 89.40 MiB  45.27 MiB/s
C:\Users\Kevin\AppData\Local\Temp\cinehome-hls-new-batman-series-s01e07\seg_0048.ts: 90.25 MiB / 90.25 MiB  45.69 MiB/s
C:\Users\Kevin\AppData\Local\Temp\cinehome-hls-new-batman-series-s01e07\seg_0053.ts: 91.51 MiB / 91.51 MiB  46.29 MiB/s
C:\Users\Kevin\AppData\Local\Temp\cinehome-hls-new-batman-series-s01e07\seg_0054.ts: 93.18 MiB / 93.18 MiB  47.06 MiB/s
C:\Users\Kevin\AppData\Local\Temp\cinehome-hls-new-batman-series-s01e07\seg_0054.ts: 93.18 MiB / 93.18 MiB  46.41 MiB/s
C:\Users\Kevin\AppData\Local\Temp\cinehome-hls-new-batman-series-s01e07\seg_0054.ts: 93.18 MiB / 93.18 MiB  46.40 MiB/s
C:\Users\Kevin\AppData\Local\Temp\cinehome-hls-new-batman-series-s01e07\seg_0055.ts: 94.61 MiB / 94.61 MiB  46.99 MiB/s
C:\Users\Kevin\AppData\Local\Temp\cinehome-hls-new-batman-series-s01e07\seg_0056.ts: 95.65 MiB / 95.65 MiB  47.45 MiB/s
C:\Users\Kevin\AppData\Local\Temp\cinehome-hls-new-batman-series-s01e07\seg_0057.ts: 96.43 MiB / 96.43 MiB  47.82 MiB/s
C:\Users\Kevin\AppData\Local\Temp\cinehome-hls-new-batman-series-s01e07\seg_0057.ts: 97.50 MiB / 97.50 MiB  48.34 MiB/s
C:\Users\Kevin\AppData\Local\Temp\cinehome-hls-new-batman-series-s01e07\seg_0059.ts: 99.19 MiB / 99.19 MiB  48.89 MiB/s
C:\Users\Kevin\AppData\Local\Temp\cinehome-hls-new-batman-series-s01e07\seg_0060.ts: 101.14 MiB / 101.14 MiB  47.77 MiB/s
C:\Users\Kevin\AppData\Local\Temp\cinehome-hls-new-batman-series-s01e07\seg_0060.ts: 101.14 MiB / 101.14 MiB  47.41 MiB/s
C:\Users\Kevin\AppData\Local\Temp\cinehome-hls-new-batman-series-s01e07\seg_0060.ts: 101.14 MiB / 101.14 MiB  47.41 MiB/s
C:\Users\Kevin\AppData\Local\Temp\cinehome-hls-new-batman-series-s01e07\seg_0061.ts: 101.73 MiB / 101.73 MiB  47.01 MiB/s
C:\Users\Kevin\AppData\Local\Temp\cinehome-hls-new-batman-series-s01e07\seg_0062.ts: 103.28 MiB / 103.28 MiB  47.64 MiB/s
C:\Users\Kevin\AppData\Local\Temp\cinehome-hls-new-batman-series-s01e07\seg_0063.ts: 103.96 MiB / 103.96 MiB  47.90 MiB/s
C:\Users\Kevin\AppData\Local\Temp\cinehome-hls-new-batman-series-s01e07\seg_0064.ts: 104.87 MiB / 104.87 MiB  48.30 MiB/s
C:\Users\Kevin\AppData\Local\Temp\cinehome-hls-new-batman-series-s01e07\seg_0065.ts: 106.66 MiB / 106.66 MiB  49.06 MiB/s
C:\Users\Kevin\AppData\Local\Temp\cinehome-hls-new-batman-series-s01e07\seg_0065.ts: 107.21 MiB / 107.21 MiB  49.30 MiB/s
C:\Users\Kevin\AppData\Local\Temp\cinehome-hls-new-batman-series-s01e07\seg_0067.ts: 108.63 MiB / 108.63 MiB  49.87 MiB/s
C:\Users\Kevin\AppData\Local\Temp\cinehome-hls-new-batman-series-s01e07\seg_0068.ts: 109.51 MiB / 109.51 MiB  49.66 MiB/s
C:\Users\Kevin\AppData\Local\Temp\cinehome-hls-new-batman-series-s01e07\seg_0069.ts: 113.09 MiB / 113.09 MiB  51.20 MiB/s
C:\Users\Kevin\AppData\Local\Temp\cinehome-hls-new-batman-series-s01e07\seg_0069.ts: 113.86 MiB / 113.86 MiB  51.53 MiB/s
C:\Users\Kevin\AppData\Local\Temp\cinehome-hls-new-batman-series-s01e07\seg_0071.ts: 114.68 MiB / 114.68 MiB  51.84 MiB/s
C:\Users\Kevin\AppData\Local\Temp\cinehome-hls-new-batman-series-s01e07\seg_0072.ts: 115.93 MiB / 115.93 MiB  52.19 MiB/s
C:\Users\Kevin\AppData\Local\Temp\cinehome-hls-new-batman-series-s01e07\seg_0072.ts: 115.93 MiB / 115.93 MiB  51.34 MiB/s
C:\Users\Kevin\AppData\Local\Temp\cinehome-hls-new-batman-series-s01e07\seg_0072.ts: 115.93 MiB / 115.93 MiB  51.34 MiB/s
C:\Users\Kevin\AppData\Local\Temp\cinehome-hls-new-batman-series-s01e07\seg_0073.ts: 117.91 MiB / 117.91 MiB  51.76 MiB/s
C:\Users\Kevin\AppData\Local\Temp\cinehome-hls-new-batman-series-s01e07\seg_0074.ts: 118.32 MiB / 118.32 MiB  51.57 MiB/s
C:\Users\Kevin\AppData\Local\Temp\cinehome-hls-new-batman-series-s01e07\seg_0075.ts: 119.55 MiB / 119.55 MiB  51.60 MiB/s
C:\Users\Kevin\AppData\Local\Temp\cinehome-hls-new-batman-series-s01e07\seg_0076.ts: 120.51 MiB / 120.51 MiB  50.91 MiB/s
C:\Users\Kevin\AppData\Local\Temp\cinehome-hls-new-batman-series-s01e07\seg_0076.ts: 120.51 MiB / 120.51 MiB  50.55 MiB/s
C:\Users\Kevin\AppData\Local\Temp\cinehome-hls-new-batman-series-s01e07\seg_0076.ts: 120.51 MiB / 120.51 MiB  50.55 MiB/s
C:\Users\Kevin\AppData\Local\Temp\cinehome-hls-new-batman-series-s01e07\seg_0077.ts: 121.29 MiB / 121.29 MiB  50.45 MiB/s
C:\Users\Kevin\AppData\Local\Temp\cinehome-hls-new-batman-series-s01e07\seg_0077.ts: 121.95 MiB / 121.95 MiB  50.72 MiB/s
C:\Users\Kevin\AppData\Local\Temp\cinehome-hls-new-batman-series-s01e07\seg_0079.ts: 122.56 MiB / 122.56 MiB  50.93 MiB/s
C:\Users\Kevin\AppData\Local\Temp\cinehome-hls-new-batman-series-s01e07\seg_0080.ts: 123.15 MiB / 123.15 MiB  50.97 MiB/s
C:\Users\Kevin\AppData\Local\Temp\cinehome-hls-new-batman-series-s01e07\seg_0081.ts: 124.41 MiB / 124.41 MiB  51.46 MiB/s
C:\Users\Kevin\AppData\Local\Temp\cinehome-hls-new-batman-series-s01e07\seg_0082.ts: 125.85 MiB / 125.85 MiB  51.86 MiB/s
C:\Users\Kevin\AppData\Local\Temp\cinehome-hls-new-batman-series-s01e07\seg_0083.ts: 126.87 MiB / 126.87 MiB  51.94 MiB/s
C:\Users\Kevin\AppData\Local\Temp\cinehome-hls-new-batman-series-s01e07\seg_0083.ts: 127.61 MiB / 127.61 MiB  51.01 MiB/s
C:\Users\Kevin\AppData\Local\Temp\cinehome-hls-new-batman-series-s01e07\seg_0083.ts: 128.63 MiB / 128.63 MiB  51.42 MiB/s
C:\Users\Kevin\AppData\Local\Temp\cinehome-hls-new-batman-series-s01e07\seg_0086.ts: 129.63 MiB / 129.63 MiB  51.80 MiB/s
C:\Users\Kevin\AppData\Local\Temp\cinehome-hls-new-batman-series-s01e07\seg_0086.ts: 130.14 MiB / 130.14 MiB  52.00 MiB/s
C:\Users\Kevin\AppData\Local\Temp\cinehome-hls-new-batman-series-s01e07\seg_0087.ts: 131.04 MiB / 131.04 MiB  52.34 MiB/s
C:\Users\Kevin\AppData\Local\Temp\cinehome-hls-new-batman-series-s01e07\seg_0088.ts: 131.04 MiB / 131.04 MiB  52.22 MiB/s
C:\Users\Kevin\AppData\Local\Temp\cinehome-hls-new-batman-series-s01e07\seg_0088.ts: 131.04 MiB / 131.04 MiB  52.22 MiB/s
C:\Users\Kevin\AppData\Local\Temp\cinehome-hls-new-batman-series-s01e07\seg_0089.ts: 132.99 MiB / 132.99 MiB  51.58 MiB/s
C:\Users\Kevin\AppData\Local\Temp\cinehome-hls-new-batman-series-s01e07\seg_0090.ts: 134.07 MiB / 134.07 MiB  51.80 MiB/s
C:\Users\Kevin\AppData\Local\Temp\cinehome-hls-new-batman-series-s01e07\seg_0091.ts: 134.96 MiB / 134.96 MiB  51.94 MiB/s
C:\Users\Kevin\AppData\Local\Temp\cinehome-hls-new-batman-series-s01e07\seg_0092.ts: 137.09 MiB / 137.09 MiB  52.69 MiB/s
C:\Users\Kevin\AppData\Local\Temp\cinehome-hls-new-batman-series-s01e07\seg_0093.ts: 138.48 MiB / 138.48 MiB  53.18 MiB/s
C:\Users\Kevin\AppData\Local\Temp\cinehome-hls-new-batman-series-s01e07\seg_0094.ts: 141.37 MiB / 141.37 MiB  54.28 MiB/s
C:\Users\Kevin\AppData\Local\Temp\cinehome-hls-new-batman-series-s01e07\seg_0094.ts: 141.37 MiB / 141.37 MiB  53.67 MiB/s
C:\Users\Kevin\AppData\Local\Temp\cinehome-hls-new-batman-series-s01e07\seg_0094.ts: 141.37 MiB / 141.37 MiB  53.67 MiB/s
C:\Users\Kevin\AppData\Local\Temp\cinehome-hls-new-batman-series-s01e07\seg_0095.ts: 141.99 MiB / 141.99 MiB  53.31 MiB/s
C:\Users\Kevin\AppData\Local\Temp\cinehome-hls-new-batman-series-s01e07\seg_0096.ts: 142.60 MiB / 142.60 MiB  53.25 MiB/s
C:\Users\Kevin\AppData\Local\Temp\cinehome-hls-new-batman-series-s01e07\seg_0097.ts: 144.09 MiB / 144.09 MiB  53.64 MiB/s
C:\Users\Kevin\AppData\Local\Temp\cinehome-hls-new-batman-series-s01e07\seg_0098.ts: 145.27 MiB / 145.27 MiB  53.76 MiB/s
C:\Users\Kevin\AppData\Local\Temp\cinehome-hls-new-batman-series-s01e07\seg_0099.ts: 147.62 MiB / 147.62 MiB  54.60 MiB/s
C:\Users\Kevin\AppData\Local\Temp\cinehome-hls-new-batman-series-s01e07\seg_0100.ts: 150.32 MiB / 150.32 MiB  55.46 MiB/s
C:\Users\Kevin\AppData\Local\Temp\cinehome-hls-new-batman-series-s01e07\seg_0100.ts: 153.01 MiB / 153.01 MiB  56.44 MiB/s
C:\Users\Kevin\AppData\Local\Temp\cinehome-hls-new-batman-series-s01e07\seg_0102.ts: 155.75 MiB / 155.75 MiB  56.77 MiB/s
C:\Users\Kevin\AppData\Local\Temp\cinehome-hls-new-batman-series-s01e07\seg_0102.ts: 155.75 MiB / 155.75 MiB  56.43 MiB/s
C:\Users\Kevin\AppData\Local\Temp\cinehome-hls-new-batman-series-s01e07\seg_0102.ts: 155.75 MiB / 155.75 MiB  56.43 MiB/s
C:\Users\Kevin\AppData\Local\Temp\cinehome-hls-new-batman-series-s01e07\seg_0103.ts: 156.97 MiB / 156.97 MiB  56.23 MiB/s
C:\Users\Kevin\AppData\Local\Temp\cinehome-hls-new-batman-series-s01e07\seg_0104.ts: 160.90 MiB / 160.90 MiB  57.38 MiB/s
C:\Users\Kevin\AppData\Local\Temp\cinehome-hls-new-batman-series-s01e07\seg_0105.ts: 162.02 MiB / 162.02 MiB  57.54 MiB/s
C:\Users\Kevin\AppData\Local\Temp\cinehome-hls-new-batman-series-s01e07\seg_0106.ts: 164.11 MiB / 164.11 MiB  57.76 MiB/s
C:\Users\Kevin\AppData\Local\Temp\cinehome-hls-new-batman-series-s01e07\seg_0107.ts: 165.10 MiB / 165.10 MiB  57.25 MiB/s
C:\Users\Kevin\AppData\Local\Temp\cinehome-hls-new-batman-series-s01e07\seg_0107.ts: 165.10 MiB / 165.10 MiB  57.22 MiB/s
C:\Users\Kevin\AppData\Local\Temp\cinehome-hls-new-batman-series-s01e07\seg_0107.ts: 165.10 MiB / 165.10 MiB  57.22 MiB/s
C:\Users\Kevin\AppData\Local\Temp\cinehome-hls-new-batman-series-s01e07\seg_0108.ts: 166.70 MiB / 166.70 MiB  57.47 MiB/s
C:\Users\Kevin\AppData\Local\Temp\cinehome-hls-new-batman-series-s01e07\seg_0109.ts: 167.21 MiB / 167.21 MiB  56.56 MiB/s
C:\Users\Kevin\AppData\Local\Temp\cinehome-hls-new-batman-series-s01e07\seg_0109.ts: 168.36 MiB / 168.36 MiB  56.94 MiB/s
C:\Users\Kevin\AppData\Local\Temp\cinehome-hls-new-batman-series-s01e07\seg_0110.ts: 169.89 MiB / 169.89 MiB  57.45 MiB/s
C:\Users\Kevin\AppData\Local\Temp\cinehome-hls-new-batman-series-s01e07\seg_0112.ts: 171.16 MiB / 171.16 MiB  57.77 MiB/s
C:\Users\Kevin\AppData\Local\Temp\cinehome-hls-new-batman-series-s01e07\seg_0113.ts: 172.28 MiB / 172.28 MiB  57.91 MiB/s
C:\Users\Kevin\AppData\Local\Temp\cinehome-hls-new-batman-series-s01e07\seg_0114.ts: 174.13 MiB / 174.13 MiB  58.18 MiB/s
C:\Users\Kevin\AppData\Local\Temp\cinehome-hls-new-batman-series-s01e07\seg_0114.ts: 174.94 MiB / 174.94 MiB  58.46 MiB/s
C:\Users\Kevin\AppData\Local\Temp\cinehome-hls-new-batman-series-s01e07\seg_0116.ts: 176.18 MiB / 176.18 MiB  58.60 MiB/s
C:\Users\Kevin\AppData\Local\Temp\cinehome-hls-new-batman-series-s01e07\seg_0117.ts: 177.06 MiB / 177.06 MiB  58.84 MiB/s
C:\Users\Kevin\AppData\Local\Temp\cinehome-hls-new-batman-series-s01e07\seg_0117.ts: 177.06 MiB / 177.06 MiB  58.82 MiB/s
C:\Users\Kevin\AppData\Local\Temp\cinehome-hls-new-batman-series-s01e07\seg_0117.ts: 177.06 MiB / 177.06 MiB  58.81 MiB/s
C:\Users\Kevin\AppData\Local\Temp\cinehome-hls-new-batman-series-s01e07\seg_0118.ts: 177.86 MiB / 177.86 MiB  59.07 MiB/s
C:\Users\Kevin\AppData\Local\Temp\cinehome-hls-new-batman-series-s01e07\seg_0119.ts: 179.47 MiB / 179.47 MiB  59.58 MiB/s
C:\Users\Kevin\AppData\Local\Temp\cinehome-hls-new-batman-series-s01e07\seg_0120.ts: 181.38 MiB / 181.38 MiB  60.21 MiB/s
C:\Users\Kevin\AppData\Local\Temp\cinehome-hls-new-batman-series-s01e07\seg_0121.ts: 182.81 MiB / 182.81 MiB  60.65 MiB/s
C:\Users\Kevin\AppData\Local\Temp\cinehome-hls-new-batman-series-s01e07\seg_0122.ts: 183.33 MiB / 183.33 MiB  60.06 MiB/s
C:\Users\Kevin\AppData\Local\Temp\cinehome-hls-new-batman-series-s01e07\seg_0122.ts: 183.33 MiB / 183.33 MiB  58.46 MiB/s
C:\Users\Kevin\AppData\Local\Temp\cinehome-hls-new-batman-series-s01e07\seg_0122.ts: 183.33 MiB / 183.33 MiB  58.46 MiB/s
C:\Users\Kevin\AppData\Local\Temp\cinehome-hls-new-batman-series-s01e07\seg_0123.ts: 185.61 MiB / 185.61 MiB  59.09 MiB/s
C:\Users\Kevin\AppData\Local\Temp\cinehome-hls-new-batman-series-s01e07\seg_0124.ts: 188.54 MiB / 188.54 MiB  60.03 MiB/s
C:\Users\Kevin\AppData\Local\Temp\cinehome-hls-new-batman-series-s01e07\seg_0125.ts: 189.18 MiB / 189.18 MiB  60.22 MiB/s
C:\Users\Kevin\AppData\Local\Temp\cinehome-hls-new-batman-series-s01e07\seg_0126.ts: 190.67 MiB / 190.67 MiB  59.87 MiB/s
C:\Users\Kevin\AppData\Local\Temp\cinehome-hls-new-batman-series-s01e07\seg_0127.ts: 192.10 MiB / 192.10 MiB  60.17 MiB/s
C:\Users\Kevin\AppData\Local\Temp\cinehome-hls-new-batman-series-s01e07\seg_0128.ts: 192.56 MiB / 192.56 MiB  60.31 MiB/s
C:\Users\Kevin\AppData\Local\Temp\cinehome-hls-new-batman-series-s01e07\seg_0129.ts: 194.17 MiB / 194.17 MiB  60.80 MiB/s
C:\Users\Kevin\AppData\Local\Temp\cinehome-hls-new-batman-series-s01e07\seg_0130.ts: 194.98 MiB / 194.98 MiB  61.02 MiB/s
C:\Users\Kevin\AppData\Local\Temp\cinehome-hls-new-batman-series-s01e07\seg_0131.ts: 196.74 MiB / 196.74 MiB  61.17 MiB/s
C:\Users\Kevin\AppData\Local\Temp\cinehome-hls-new-batman-series-s01e07\seg_0132.ts: 197.62 MiB / 197.62 MiB  61.00 MiB/s
C:\Users\Kevin\AppData\Local\Temp\cinehome-hls-new-batman-series-s01e07\seg_0133.ts: 200.76 MiB / 200.76 MiB  61.68 MiB/s
C:\Users\Kevin\AppData\Local\Temp\cinehome-hls-new-batman-series-s01e07\seg_0133.ts: 200.76 MiB / 200.76 MiB  61.55 MiB/s
C:\Users\Kevin\AppData\Local\Temp\cinehome-hls-new-batman-series-s01e07\seg_0133.ts: 200.76 MiB / 200.76 MiB  61.55 MiB/s
C:\Users\Kevin\AppData\Local\Temp\cinehome-hls-new-batman-series-s01e07\seg_0134.ts: 202.03 MiB / 202.03 MiB  61.48 MiB/s
C:\Users\Kevin\AppData\Local\Temp\cinehome-hls-new-batman-series-s01e07\seg_0135.ts: 203.16 MiB / 203.16 MiB  61.77 MiB/s
C:\Users\Kevin\AppData\Local\Temp\cinehome-hls-new-batman-series-s01e07\seg_0136.ts: 204.34 MiB / 204.34 MiB  61.57 MiB/s
C:\Users\Kevin\AppData\Local\Temp\cinehome-hls-new-batman-series-s01e07\seg_0137.ts: 205.34 MiB / 205.34 MiB  61.56 MiB/s
C:\Users\Kevin\AppData\Local\Temp\cinehome-hls-new-batman-series-s01e07\seg_0138.ts: 206.32 MiB / 206.32 MiB  61.65 MiB/s
C:\Users\Kevin\AppData\Local\Temp\cinehome-hls-new-batman-series-s01e07\seg_0138.ts: 207.91 MiB / 207.91 MiB  62.12 MiB/s
C:\Users\Kevin\AppData\Local\Temp\cinehome-hls-new-batman-series-s01e07\seg_0140.ts: 208.67 MiB / 208.67 MiB  61.97 MiB/s
C:\Users\Kevin\AppData\Local\Temp\cinehome-hls-new-batman-series-s01e07\seg_0140.ts: 208.67 MiB / 208.67 MiB  61.60 MiB/s
C:\Users\Kevin\AppData\Local\Temp\cinehome-hls-new-batman-series-s01e07\seg_0140.ts: 208.67 MiB / 208.67 MiB  61.60 MiB/s
C:\Users\Kevin\AppData\Local\Temp\cinehome-hls-new-batman-series-s01e07\seg_0141.ts: 208.99 MiB / 208.99 MiB  61.54 MiB/s
C:\Users\Kevin\AppData\Local\Temp\cinehome-hls-new-batman-series-s01e07\seg_0142.ts: 210.40 MiB / 210.40 MiB  61.72 MiB/s
C:\Users\Kevin\AppData\Local\Temp\cinehome-hls-new-batman-series-s01e07\seg_0143.ts: 210.99 MiB / 210.99 MiB  61.88 MiB/s
C:\Users\Kevin\AppData\Local\Temp\cinehome-hls-new-batman-series-s01e07\seg_0144.ts: 211.77 MiB / 211.77 MiB  61.75 MiB/s
C:\Users\Kevin\AppData\Local\Temp\cinehome-hls-new-batman-series-s01e07\seg_0145.ts: 213.10 MiB / 213.10 MiB  61.73 MiB/s
C:\Users\Kevin\AppData\Local\Temp\cinehome-hls-new-batman-series-s01e07\seg_0146.ts: 213.41 MiB / 213.41 MiB  61.70 MiB/s
C:\Users\Kevin\AppData\Local\Temp\cinehome-hls-new-batman-series-s01e07\seg_0147.ts: 214.33 MiB / 214.33 MiB  61.89 MiB/s
C:\Users\Kevin\AppData\Local\Temp\cinehome-hls-new-batman-series-s01e07\seg_0148.ts: 215.27 MiB / 215.27 MiB  62.10 MiB/s
C:\Users\Kevin\AppData\Local\Temp\cinehome-hls-new-batman-series-s01e07\seg_0149.ts: 215.64 MiB / 215.64 MiB  62.09 MiB/s
C:\Users\Kevin\AppData\Local\Temp\cinehome-hls-new-batman-series-s01e07\seg_0149.ts: 216.63 MiB / 216.63 MiB  62.37 MiB/s
C:\Users\Kevin\AppData\Local\Temp\cinehome-hls-new-batman-series-s01e07\seg_0151.ts: 218.56 MiB / 218.56 MiB  62.54 MiB/s
C:\Users\Kevin\AppData\Local\Temp\cinehome-hls-new-batman-series-s01e07\seg_0152.ts: 219.51 MiB / 219.51 MiB  62.53 MiB/s
C:\Users\Kevin\AppData\Local\Temp\cinehome-hls-new-batman-series-s01e07\seg_0152.ts: 219.51 MiB / 219.51 MiB  62.49 MiB/s
C:\Users\Kevin\AppData\Local\Temp\cinehome-hls-new-batman-series-s01e07\seg_0152.ts: 219.51 MiB / 219.51 MiB  62.48 MiB/s
C:\Users\Kevin\AppData\Local\Temp\cinehome-hls-new-batman-series-s01e07\seg_0153.ts: 219.86 MiB / 219.86 MiB  62.33 MiB/s
C:\Users\Kevin\AppData\Local\Temp\cinehome-hls-new-batman-series-s01e07\seg_0154.ts: 221.22 MiB / 221.22 MiB  62.69 MiB/s
C:\Users\Kevin\AppData\Local\Temp\cinehome-hls-new-batman-series-s01e07\seg_0155.ts: 222.12 MiB / 222.12 MiB  62.29 MiB/s
C:\Users\Kevin\AppData\Local\Temp\cinehome-hls-new-batman-series-s01e07\seg_0156.ts: 224.51 MiB / 224.51 MiB  62.76 MiB/s
C:\Users\Kevin\AppData\Local\Temp\cinehome-hls-new-batman-series-s01e07\seg_0157.ts: 225.67 MiB / 225.67 MiB  63.05 MiB/s
C:\Users\Kevin\AppData\Local\Temp\cinehome-hls-new-batman-series-s01e07\seg_0158.ts: 226.76 MiB / 226.76 MiB  63.31 MiB/s
C:\Users\Kevin\AppData\Local\Temp\cinehome-hls-new-batman-series-s01e07\seg_0159.ts: 228.20 MiB / 228.20 MiB  63.46 MiB/s
C:\Users\Kevin\AppData\Local\Temp\cinehome-hls-new-batman-series-s01e07\seg_0160.ts: 229.49 MiB / 229.49 MiB  63.81 MiB/s
C:\Users\Kevin\AppData\Local\Temp\cinehome-hls-new-batman-series-s01e07\seg_0161.ts: 231.20 MiB / 231.20 MiB  64.23 MiB/s
C:\Users\Kevin\AppData\Local\Temp\cinehome-hls-new-batman-series-s01e07\seg_0161.ts: 232.34 MiB / 232.34 MiB  64.53 MiB/s
C:\Users\Kevin\AppData\Local\Temp\cinehome-hls-new-batman-series-s01e07\seg_0163.ts: 233.86 MiB / 233.86 MiB  64.89 MiB/s
C:\Users\Kevin\AppData\Local\Temp\cinehome-hls-new-batman-series-s01e07\seg_0164.ts: 234.97 MiB / 234.97 MiB  65.06 MiB/s
C:\Users\Kevin\AppData\Local\Temp\cinehome-hls-new-batman-series-s01e07\seg_0165.ts: 236.69 MiB / 236.69 MiB  65.49 MiB/s
C:\Users\Kevin\AppData\Local\Temp\cinehome-hls-new-batman-series-s01e07\seg_0165.ts: 238.86 MiB / 238.86 MiB  66.08 MiB/s
C:\Users\Kevin\AppData\Local\Temp\cinehome-hls-new-batman-series-s01e07\seg_0167.ts: 241.34 MiB / 241.34 MiB  66.62 MiB/s
C:\Users\Kevin\AppData\Local\Temp\cinehome-hls-new-batman-series-s01e07\seg_0167.ts: 241.34 MiB / 241.34 MiB  66.33 MiB/s
C:\Users\Kevin\AppData\Local\Temp\cinehome-hls-new-batman-series-s01e07\seg_0167.ts: 241.34 MiB / 241.34 MiB  66.33 MiB/s
C:\Users\Kevin\AppData\Local\Temp\cinehome-hls-new-batman-series-s01e07\seg_0168.ts: 242.94 MiB / 242.94 MiB  66.32 MiB/s
C:\Users\Kevin\AppData\Local\Temp\cinehome-hls-new-batman-series-s01e07\seg_0169.ts: 244.41 MiB / 244.41 MiB  65.89 MiB/s
C:\Users\Kevin\AppData\Local\Temp\cinehome-hls-new-batman-series-s01e07\seg_0170.ts: 246.64 MiB / 246.64 MiB  66.38 MiB/s
C:\Users\Kevin\AppData\Local\Temp\cinehome-hls-new-batman-series-s01e07\seg_0171.ts: 248.16 MiB / 248.16 MiB  66.73 MiB/s
C:\Users\Kevin\AppData\Local\Temp\cinehome-hls-new-batman-series-s01e07\seg_0172.ts: 250.56 MiB / 250.56 MiB  67.37 MiB/s
C:\Users\Kevin\AppData\Local\Temp\cinehome-hls-new-batman-series-s01e07\seg_0173.ts: 252.71 MiB / 252.71 MiB  67.47 MiB/s
C:\Users\Kevin\AppData\Local\Temp\cinehome-hls-new-batman-series-s01e07\seg_0173.ts: 255.04 MiB / 255.04 MiB  68.09 MiB/s
C:\Users\Kevin\AppData\Local\Temp\cinehome-hls-new-batman-series-s01e07\seg_0174.ts: 255.04 MiB / 255.04 MiB  67.75 MiB/s
C:\Users\Kevin\AppData\Local\Temp\cinehome-hls-new-batman-series-s01e07\seg_0174.ts: 255.04 MiB / 255.04 MiB  67.75 MiB/s
C:\Users\Kevin\AppData\Local\Temp\cinehome-hls-new-batman-series-s01e07\seg_0175.ts: 256.72 MiB / 256.72 MiB  67.69 MiB/s
C:\Users\Kevin\AppData\Local\Temp\cinehome-hls-new-batman-series-s01e07\seg_0176.ts: 257.90 MiB / 257.90 MiB  67.57 MiB/s
C:\Users\Kevin\AppData\Local\Temp\cinehome-hls-new-batman-series-s01e07\seg_0176.ts: 260.26 MiB / 260.26 MiB  68.17 MiB/s
C:\Users\Kevin\AppData\Local\Temp\cinehome-hls-new-batman-series-s01e07\seg_0178.ts: 262.17 MiB / 262.17 MiB  68.66 MiB/s
C:\Users\Kevin\AppData\Local\Temp\cinehome-hls-new-batman-series-s01e07\seg_0179.ts: 264.81 MiB / 264.81 MiB  69.17 MiB/s
C:\Users\Kevin\AppData\Local\Temp\cinehome-hls-new-batman-series-s01e07\seg_0180.ts: 266.61 MiB / 266.61 MiB  69.40 MiB/s
C:\Users\Kevin\AppData\Local\Temp\cinehome-hls-new-batman-series-s01e07\seg_0181.ts: 268.76 MiB / 268.76 MiB  69.79 MiB/s
C:\Users\Kevin\AppData\Local\Temp\cinehome-hls-new-batman-series-s01e07\seg_0181.ts: 268.76 MiB / 268.76 MiB  69.09 MiB/s
C:\Users\Kevin\AppData\Local\Temp\cinehome-hls-new-batman-series-s01e07\seg_0181.ts: 268.76 MiB / 268.76 MiB  69.09 MiB/s
C:\Users\Kevin\AppData\Local\Temp\cinehome-hls-new-batman-series-s01e07\seg_0182.ts: 271.20 MiB / 271.20 MiB  68.30 MiB/s
C:\Users\Kevin\AppData\Local\Temp\cinehome-hls-new-batman-series-s01e07\seg_0183.ts: 273.42 MiB / 273.42 MiB  68.57 MiB/s
C:\Users\Kevin\AppData\Local\Temp\cinehome-hls-new-batman-series-s01e07\seg_0184.ts: 275.23 MiB / 275.23 MiB  68.80 MiB/s
C:\Users\Kevin\AppData\Local\Temp\cinehome-hls-new-batman-series-s01e07\seg_0184.ts: 277.04 MiB / 277.04 MiB  69.25 MiB/s
C:\Users\Kevin\AppData\Local\Temp\cinehome-hls-new-batman-series-s01e07\seg_0185.ts: 277.84 MiB / 277.84 MiB  69.44 MiB/s
C:\Users\Kevin\AppData\Local\Temp\cinehome-hls-new-batman-series-s01e07\seg_0185.ts: 279.63 MiB / 279.63 MiB  69.88 MiB/s
C:\Users\Kevin\AppData\Local\Temp\cinehome-hls-new-batman-series-s01e07\seg_0187.ts: 280.81 MiB / 280.81 MiB  70.16 MiB/s
C:\Users\Kevin\AppData\Local\Temp\cinehome-hls-new-batman-series-s01e07\seg_0188.ts: 282.27 MiB / 282.27 MiB  70.52 MiB/s
C:\Users\Kevin\AppData\Local\Temp\cinehome-hls-new-batman-series-s01e07\seg_0188.ts: 282.68 MiB / 282.68 MiB  70.62 MiB/s
C:\Users\Kevin\AppData\Local\Temp\cinehome-hls-new-batman-series-s01e07\seg_0190.ts: 283.60 MiB / 283.60 MiB  70.84 MiB/s
C:\Users\Kevin\AppData\Local\Temp\cinehome-hls-new-batman-series-s01e07\seg_0191.ts: 284.81 MiB / 284.81 MiB  71.13 MiB/s
C:\Users\Kevin\AppData\Local\Temp\cinehome-hls-new-batman-series-s01e07\seg_0191.ts: 285.79 MiB / 285.79 MiB  71.36 MiB/s
C:\Users\Kevin\AppData\Local\Temp\cinehome-hls-new-batman-series-s01e07\seg_0192.ts: 286.89 MiB / 286.89 MiB  71.63 MiB/s
C:\Users\Kevin\AppData\Local\Temp\cinehome-hls-new-batman-series-s01e07\seg_0192.ts: 287.74 MiB / 287.74 MiB  71.84 MiB/s
C:\Users\Kevin\AppData\Local\Temp\cinehome-hls-new-batman-series-s01e07\seg_0195.ts: 287.74 MiB / 287.74 MiB  71.66 MiB/s
C:\Users\Kevin\AppData\Local\Temp\cinehome-hls-new-batman-series-s01e07\seg_0195.ts: 287.74 MiB / 287.74 MiB  71.66 MiB/s
C:\Users\Kevin\AppData\Local\Temp\cinehome-hls-new-batman-series-s01e07\seg_0195.ts: 287.74 MiB / 287.74 MiB  69.48 MiB/s
C:\Users\Kevin\AppData\Local\Temp\cinehome-hls-new-batman-series-s01e07\seg_0195.ts: 287.74 MiB / 287.74 MiB  69.48 MiB/s
C:\Users\Kevin\AppData\Local\Temp\cinehome-hls-new-batman-series-s01e07\seg_0196.ts: 288.91 MiB / 288.91 MiB  68.19 MiB/s
C:\Users\Kevin\AppData\Local\Temp\cinehome-hls-new-batman-series-s01e07\seg_0197.ts: 290.05 MiB / 290.05 MiB  68.36 MiB/s
C:\Users\Kevin\AppData\Local\Temp\cinehome-hls-new-batman-series-s01e07\seg_0198.ts: 291.51 MiB / 291.51 MiB  68.61 MiB/s
C:\Users\Kevin\AppData\Local\Temp\cinehome-hls-new-batman-series-s01e07\seg_0199.ts: 292.66 MiB / 292.66 MiB  68.73 MiB/s
C:\Users\Kevin\AppData\Local\Temp\cinehome-hls-new-batman-series-s01e07\seg_0199.ts: 292.66 MiB / 292.66 MiB  68.59 MiB/s
C:\Users\Kevin\AppData\Local\Temp\cinehome-hls-new-batman-series-s01e07\seg_0199.ts: 292.66 MiB / 292.66 MiB  68.59 MiB/s
C:\Users\Kevin\AppData\Local\Temp\cinehome-hls-new-batman-series-s01e07\seg_0200.ts: 294.27 MiB / 294.27 MiB  68.83 MiB/s
C:\Users\Kevin\AppData\Local\Temp\cinehome-hls-new-batman-series-s01e07\seg_0201.ts: 297.06 MiB / 297.06 MiB  68.06 MiB/s
C:\Users\Kevin\AppData\Local\Temp\cinehome-hls-new-batman-series-s01e07\seg_0202.ts: 298.72 MiB / 298.72 MiB  68.30 MiB/s
C:\Users\Kevin\AppData\Local\Temp\cinehome-hls-new-batman-series-s01e07\seg_0203.ts: 299.74 MiB / 299.74 MiB  68.27 MiB/s
C:\Users\Kevin\AppData\Local\Temp\cinehome-hls-new-batman-series-s01e07\seg_0203.ts: 299.74 MiB / 299.74 MiB  68.25 MiB/s
C:\Users\Kevin\AppData\Local\Temp\cinehome-hls-new-batman-series-s01e07\seg_0203.ts: 299.74 MiB / 299.74 MiB  68.25 MiB/s
C:\Users\Kevin\AppData\Local\Temp\cinehome-hls-new-batman-series-s01e07\seg_0204.ts: 300.73 MiB / 300.73 MiB  68.31 MiB/s
C:\Users\Kevin\AppData\Local\Temp\cinehome-hls-new-batman-series-s01e07\seg_0205.ts: 301.61 MiB / 301.61 MiB  68.47 MiB/s
C:\Users\Kevin\AppData\Local\Temp\cinehome-hls-new-batman-series-s01e07\seg_0206.ts: 302.87 MiB / 302.87 MiB  68.74 MiB/s
C:\Users\Kevin\AppData\Local\Temp\cinehome-hls-new-batman-series-s01e07\seg_0207.ts: 303.87 MiB / 303.87 MiB  68.96 MiB/s
C:\Users\Kevin\AppData\Local\Temp\cinehome-hls-new-batman-series-s01e07\seg_0207.ts: 305.10 MiB / 305.10 MiB  69.23 MiB/s
C:\Users\Kevin\AppData\Local\Temp\cinehome-hls-new-batman-series-s01e07\seg_0208.ts: 305.58 MiB / 305.58 MiB  69.33 MiB/s
C:\Users\Kevin\AppData\Local\Temp\cinehome-hls-new-batman-series-s01e07\seg_0208.ts: 306.79 MiB / 306.79 MiB  69.61 MiB/s
C:\Users\Kevin\AppData\Local\Temp\cinehome-hls-new-batman-series-s01e07\seg_0211.ts: 307.70 MiB / 307.70 MiB  69.79 MiB/s
C:\Users\Kevin\AppData\Local\Temp\cinehome-hls-new-batman-series-s01e07\seg_0212.ts: 308.27 MiB / 308.27 MiB  69.92 MiB/s
C:\Users\Kevin\AppData\Local\Temp\cinehome-hls-new-batman-series-s01e07\seg_0212.ts: 308.89 MiB / 308.89 MiB  70.05 MiB/s
C:\Users\Kevin\AppData\Local\Temp\cinehome-hls-new-batman-series-s01e07\seg_0212.ts: 310.12 MiB / 310.12 MiB  70.33 MiB/s
C:\Users\Kevin\AppData\Local\Temp\cinehome-hls-new-batman-series-s01e07\seg_0212.ts: 310.75 MiB / 310.75 MiB  70.46 MiB/s
C:\Users\Kevin\AppData\Local\Temp\cinehome-hls-new-batman-series-s01e07\seg_0212.ts: 311.39 MiB / 311.39 MiB  70.60 MiB/s
C:\Users\Kevin\AppData\Local\Temp\cinehome-hls-new-batman-series-s01e07\seg_0212.ts: 313.13 MiB / 313.13 MiB  71.00 MiB/s
C:\Users\Kevin\AppData\Local\Temp\cinehome-hls-new-batman-series-s01e07\seg_0212.ts: 314.32 MiB / 314.32 MiB  71.27 MiB/s
C:\Users\Kevin\AppData\Local\Temp\cinehome-hls-new-batman-series-s01e07\seg_0219.ts: 315.06 MiB / 315.06 MiB  71.43 MiB/s
C:\Users\Kevin\AppData\Local\Temp\cinehome-hls-new-batman-series-s01e07\seg_0220.ts: 318.12 MiB / 318.12 MiB  72.10 MiB/s
C:\Users\Kevin\AppData\Local\Temp\cinehome-hls-new-batman-series-s01e07\seg_0220.ts: 321.98 MiB / 321.98 MiB  72.96 MiB/s
C:\Users\Kevin\AppData\Local\Temp\cinehome-hls-new-batman-series-s01e07\seg_0221.ts: 326.18 MiB / 326.18 MiB  73.87 MiB/s
C:\Users\Kevin\AppData\Local\Temp\cinehome-hls-new-batman-series-s01e07\seg_0222.ts: 326.80 MiB / 326.80 MiB  74.00 MiB/s
C:\Users\Kevin\AppData\Local\Temp\cinehome-hls-new-batman-series-s01e07\seg_0223.ts: 327.64 MiB / 327.64 MiB  74.18 MiB/s
C:\Users\Kevin\AppData\Local\Temp\cinehome-hls-new-batman-series-s01e07\seg_0224.ts: 328.18 MiB / 328.18 MiB  74.29 MiB/s
C:\Users\Kevin\AppData\Local\Temp\cinehome-hls-new-batman-series-s01e07\seg_0226.ts: 328.50 MiB / 328.50 MiB  73.21 MiB/s
C:\Users\Kevin\AppData\Local\Temp\cinehome-hls-new-batman-series-s01e07\seg_0227.ts: 329.76 MiB / 329.76 MiB  73.46 MiB/s
C:\Users\Kevin\AppData\Local\Temp\cinehome-hls-new-batman-series-s01e07\seg_0228.ts: 329.82 MiB / 329.82 MiB  73.41 MiB/s
C:\Users\Kevin\AppData\Local\Temp\cinehome-hls-new-batman-series-s01e07\seg_0228.ts: 329.82 MiB / 329.82 MiB  73.02 MiB/s
C:\Users\Kevin\AppData\Local\Temp\cinehome-hls-new-batman-series-s01e07\seg_0228.ts: 329.82 MiB / 329.82 MiB  73.02 MiB/s
C:\Users\Kevin\AppData\Local\Temp\cinehome-hls-new-batman-series-s01e07\seg_0229.ts: 329.97 MiB / 329.97 MiB  72.07 MiB/s
C:\Users\Kevin\AppData\Local\Temp\cinehome-hls-new-batman-series-s01e07\seg_0230.ts: 330.17 MiB / 330.17 MiB  71.35 MiB/s
C:\Users\Kevin\AppData\Local\Temp\cinehome-hls-new-batman-series-s01e07\seg_0231.ts: 330.22 MiB / 330.22 MiB  71.20 MiB/s
C:\Users\Kevin\AppData\Local\Temp\cinehome-hls-new-batman-series-s01e07\seg_0231.ts: 330.22 MiB / 330.22 MiB  71.12 MiB/s
C:\Users\Kevin\AppData\Local\Temp\cinehome-hls-new-batman-series-s01e07\seg_0231.ts: 330.22 MiB / 330.22 MiB  71.12 MiB/s
C:\Users\Kevin\AppData\Local\Temp\cinehome-hls-new-batman-series-s01e07\seg_0232.ts: 330.36 MiB / 330.36 MiB  71.01 MiB/s
C:\Users\Kevin\AppData\Local\Temp\cinehome-hls-new-batman-series-s01e07\seg_0232.ts: 330.60 MiB / 330.60 MiB  70.97 MiB/s
C:\Users\Kevin\AppData\Local\Temp\cinehome-hls-new-batman-series-s01e07\seg_0232.ts: 330.82 MiB / 330.82 MiB  71.02 MiB/s
C:\Users\Kevin\AppData\Local\Temp\cinehome-hls-new-batman-series-s01e07\seg_0233.ts: 330.97 MiB / 330.97 MiB  71.05 MiB/s
C:\Users\Kevin\AppData\Local\Temp\cinehome-hls-new-batman-series-s01e07\seg_0234.ts: 331.18 MiB / 331.18 MiB  71.09 MiB/s
C:\Users\Kevin\AppData\Local\Temp\cinehome-hls-new-batman-series-s01e07\seg_0236.ts: 331.33 MiB / 331.33 MiB  71.11 MiB/s
C:\Users\Kevin\AppData\Local\Temp\cinehome-hls-new-batman-series-s01e07\seg_0237.ts: 331.33 MiB / 331.33 MiB  69.48 MiB/s
C:\Users\Kevin\AppData\Local\Temp\cinehome-hls-new-batman-series-s01e07\seg_0237.ts: 331.33 MiB / 331.33 MiB  69.48 MiB/s
C:\Users\Kevin\AppData\Local\Temp\cinehome-hls-new-batman-series-s01e07\seg_0238.ts: 331.53 MiB / 331.53 MiB  69.27 MiB/s
C:\Users\Kevin\AppData\Local\Temp\cinehome-hls-new-batman-series-s01e07\seg_0239.ts: 331.73 MiB / 331.73 MiB  69.15 MiB/s
C:\Users\Kevin\AppData\Local\Temp\cinehome-hls-new-batman-series-s01e07\seg_0240.ts: 331.89 MiB / 331.89 MiB  68.85 MiB/s
C:\Users\Kevin\AppData\Local\Temp\cinehome-hls-new-batman-series-s01e07\seg_0241.ts: 332.06 MiB / 332.06 MiB  68.85 MiB/s
C:\Users\Kevin\AppData\Local\Temp\cinehome-hls-new-batman-series-s01e07\seg_0242.ts: 332.13 MiB / 332.13 MiB  68.86 MiB/s
C:\Users\Kevin\AppData\Local\Temp\cinehome-hls-new-batman-series-s01e07\seg_0243.ts: 332.13 MiB / 332.13 MiB  67.88 MiB/s 4s

 0 B / ? 
 0 B / ? 
 7.90 KiB / 7.90 KiB  296.47 KiB/s
 7.95 KiB / 7.95 KiB  298.67 KiB/s
C:\Users\Kevin\AppData\Local\Temp\cinehome-hls-new-batman-series-s01e08\master.m3u8: 8.04 KiB / 8.04 KiB  295.83 KiB/s
C:\Users\Kevin\AppData\Local\Temp\cinehome-hls-new-batman-series-s01e08\master.m3u8: 8.18 KiB / 8.18 KiB  300.76 KiB/s
C:\Users\Kevin\AppData\Local\Temp\cinehome-hls-new-batman-series-s01e08\master.m3u8: 8.24 KiB / 8.24 KiB  296.43 KiB/s
C:\Users\Kevin\AppData\Local\Temp\cinehome-hls-new-batman-series-s01e08\master10.vtt: 8.24 KiB / 8.24 KiB  296.67 KiB/s
C:\Users\Kevin\AppData\Local\Temp\cinehome-hls-new-batman-series-s01e08\master100.vtt: 8.41 KiB / 8.41 KiB  290.43 KiB/s
C:\Users\Kevin\AppData\Local\Temp\cinehome-hls-new-batman-series-s01e08\master101.vtt: 8.60 KiB / 8.60 KiB  291.63 KiB/s
C:\Users\Kevin\AppData\Local\Temp\cinehome-hls-new-batman-series-s01e08\master102.vtt: 8.83 KiB / 8.83 KiB  293.20 KiB/s
C:\Users\Kevin\AppData\Local\Temp\cinehome-hls-new-batman-series-s01e08\master102.vtt: 8.89 KiB / 8.89 KiB  289.92 KiB/s
C:\Users\Kevin\AppData\Local\Temp\cinehome-hls-new-batman-series-s01e08\master104.vtt: 8.95 KiB / 8.95 KiB  286.07 KiB/s
C:\Users\Kevin\AppData\Local\Temp\cinehome-hls-new-batman-series-s01e08\master105.vtt: 9.09 KiB / 9.09 KiB  285.62 KiB/s
C:\Users\Kevin\AppData\Local\Temp\cinehome-hls-new-batman-series-s01e08\master107.vtt: 9.10 KiB / 9.10 KiB  285.83 KiB/s
C:\Users\Kevin\AppData\Local\Temp\cinehome-hls-new-batman-series-s01e08\master108.vtt: 9.15 KiB / 9.15 KiB  145.71 KiB/s
C:\Users\Kevin\AppData\Local\Temp\cinehome-hls-new-batman-series-s01e08\master109.vtt: 9.19 KiB / 9.19 KiB  123.99 KiB/s
C:\Users\Kevin\AppData\Local\Temp\cinehome-hls-new-batman-series-s01e08\master109.vtt: 9.20 KiB / 9.20 KiB  123.24 KiB/s
C:\Users\Kevin\AppData\Local\Temp\cinehome-hls-new-batman-series-s01e08\master110.vtt: 9.24 KiB / 9.24 KiB  122.88 KiB/s
C:\Users\Kevin\AppData\Local\Temp\cinehome-hls-new-batman-series-s01e08\master110.vtt: 9.29 KiB / 9.29 KiB  122.66 KiB/s
C:\Users\Kevin\AppData\Local\Temp\cinehome-hls-new-batman-series-s01e08\master112.vtt: 9.33 KiB / 9.33 KiB  122.32 KiB/s
C:\Users\Kevin\AppData\Local\Temp\cinehome-hls-new-batman-series-s01e08\master113.vtt: 9.37 KiB / 9.37 KiB  121.84 KiB/s
C:\Users\Kevin\AppData\Local\Temp\cinehome-hls-new-batman-series-s01e08\master114.vtt: 9.47 KiB / 9.47 KiB  122.23 KiB/s
C:\Users\Kevin\AppData\Local\Temp\cinehome-hls-new-batman-series-s01e08\master114.vtt: 9.53 KiB / 9.53 KiB  122.07 KiB/s
C:\Users\Kevin\AppData\Local\Temp\cinehome-hls-new-batman-series-s01e08\master114.vtt: 9.73 KiB / 9.73 KiB  124.62 KiB/s
C:\Users\Kevin\AppData\Local\Temp\cinehome-hls-new-batman-series-s01e08\master117.vtt: 9.80 KiB / 9.80 KiB  124.70 KiB/s
C:\Users\Kevin\AppData\Local\Temp\cinehome-hls-new-batman-series-s01e08\master117.vtt: 9.95 KiB / 9.95 KiB  125.60 KiB/s
C:\Users\Kevin\AppData\Local\Temp\cinehome-hls-new-batman-series-s01e08\master119.vtt: 10.03 KiB / 10.03 KiB  113.09 KiB/s
C:\Users\Kevin\AppData\Local\Temp\cinehome-hls-new-batman-series-s01e08\master12.vtt: 10.08 KiB / 10.08 KiB  100.43 KiB/s
C:\Users\Kevin\AppData\Local\Temp\cinehome-hls-new-batman-series-s01e08\master120.vtt: 10.17 KiB / 10.17 KiB  90.72 KiB/s
C:\Users\Kevin\AppData\Local\Temp\cinehome-hls-new-batman-series-s01e08\master121.vtt: 10.17 KiB / 10.17 KiB  89.16 KiB/s
C:\Users\Kevin\AppData\Local\Temp\cinehome-hls-new-batman-series-s01e08\master122.vtt: 10.18 KiB / 10.18 KiB  84.96 KiB/s
C:\Users\Kevin\AppData\Local\Temp\cinehome-hls-new-batman-series-s01e08\master123.vtt: 10.40 KiB / 10.40 KiB  86.44 KiB/s
C:\Users\Kevin\AppData\Local\Temp\cinehome-hls-new-batman-series-s01e08\master124.vtt: 10.45 KiB / 10.45 KiB  86.05 KiB/s
C:\Users\Kevin\AppData\Local\Temp\cinehome-hls-new-batman-series-s01e08\master125.vtt: 10.46 KiB / 10.46 KiB  84.00 KiB/s
C:\Users\Kevin\AppData\Local\Temp\cinehome-hls-new-batman-series-s01e08\master125.vtt: 10.46 KiB / 10.46 KiB  83.30 KiB/s
C:\Users\Kevin\AppData\Local\Temp\cinehome-hls-new-batman-series-s01e08\master125.vtt: 10.46 KiB / 10.46 KiB  83.30 KiB/s
C:\Users\Kevin\AppData\Local\Temp\cinehome-hls-new-batman-series-s01e08\master126.vtt: 10.61 KiB / 10.61 KiB  83.51 KiB/s
C:\Users\Kevin\AppData\Local\Temp\cinehome-hls-new-batman-series-s01e08\master127.vtt: 10.74 KiB / 10.74 KiB  82.57 KiB/s
C:\Users\Kevin\AppData\Local\Temp\cinehome-hls-new-batman-series-s01e08\master128.vtt: 10.90 KiB / 10.90 KiB  82.74 KiB/s
C:\Users\Kevin\AppData\Local\Temp\cinehome-hls-new-batman-series-s01e08\master129.vtt: 10.91 KiB / 10.91 KiB  79.08 KiB/s
C:\Users\Kevin\AppData\Local\Temp\cinehome-hls-new-batman-series-s01e08\master13.vtt: 11.03 KiB / 11.03 KiB  79.33 KiB/s
C:\Users\Kevin\AppData\Local\Temp\cinehome-hls-new-batman-series-s01e08\master130.vtt: 11.14 KiB / 11.14 KiB  79.52 KiB/s
C:\Users\Kevin\AppData\Local\Temp\cinehome-hls-new-batman-series-s01e08\master130.vtt: 11.25 KiB / 11.25 KiB  73.67 KiB/s
C:\Users\Kevin\AppData\Local\Temp\cinehome-hls-new-batman-series-s01e08\master130.vtt: 11.49 KiB / 11.49 KiB  75.22 KiB/s
C:\Users\Kevin\AppData\Local\Temp\cinehome-hls-new-batman-series-s01e08\master133.vtt: 11.63 KiB / 11.63 KiB  74.64 KiB/s
C:\Users\Kevin\AppData\Local\Temp\cinehome-hls-new-batman-series-s01e08\master134.vtt: 11.69 KiB / 11.69 KiB  74.79 KiB/s
C:\Users\Kevin\AppData\Local\Temp\cinehome-hls-new-batman-series-s01e08\master135.vtt: 11.83 KiB / 11.83 KiB  75.14 KiB/s
C:\Users\Kevin\AppData\Local\Temp\cinehome-hls-new-batman-series-s01e08\master136.vtt: 11.95 KiB / 11.95 KiB  72.71 KiB/s
C:\Users\Kevin\AppData\Local\Temp\cinehome-hls-new-batman-series-s01e08\master136.vtt: 12.04 KiB / 12.04 KiB  73.28 KiB/s
C:\Users\Kevin\AppData\Local\Temp\cinehome-hls-new-batman-series-s01e08\master138.vtt: 12.14 KiB / 12.14 KiB  73.18 KiB/s
C:\Users\Kevin\AppData\Local\Temp\cinehome-hls-new-batman-series-s01e08\master139.vtt: 12.29 KiB / 12.29 KiB  72.00 KiB/s
C:\Users\Kevin\AppData\Local\Temp\cinehome-hls-new-batman-series-s01e08\master14.vtt: 12.35 KiB / 12.35 KiB  71.49 KiB/s
C:\Users\Kevin\AppData\Local\Temp\cinehome-hls-new-batman-series-s01e08\master140.vtt: 12.48 KiB / 12.48 KiB  68.60 KiB/s
C:\Users\Kevin\AppData\Local\Temp\cinehome-hls-new-batman-series-s01e08\master141.vtt: 12.60 KiB / 12.60 KiB  69.03 KiB/s
C:\Users\Kevin\AppData\Local\Temp\cinehome-hls-new-batman-series-s01e08\master142.vtt: 12.70 KiB / 12.70 KiB  65.75 KiB/s
C:\Users\Kevin\AppData\Local\Temp\cinehome-hls-new-batman-series-s01e08\master142.vtt: 12.76 KiB / 12.76 KiB  65.88 KiB/s
C:\Users\Kevin\AppData\Local\Temp\cinehome-hls-new-batman-series-s01e08\master144.vtt: 12.76 KiB / 12.76 KiB  64.39 KiB/s
C:\Users\Kevin\AppData\Local\Temp\cinehome-hls-new-batman-series-s01e08\master145.vtt: 12.92 KiB / 12.92 KiB  65.18 KiB/s
C:\Users\Kevin\AppData\Local\Temp\cinehome-hls-new-batman-series-s01e08\master146.vtt: 13.07 KiB / 13.07 KiB  63.75 KiB/s
C:\Users\Kevin\AppData\Local\Temp\cinehome-hls-new-batman-series-s01e08\master147.vtt: 13.12 KiB / 13.12 KiB  63.86 KiB/s
C:\Users\Kevin\AppData\Local\Temp\cinehome-hls-new-batman-series-s01e08\master148.vtt: 13.25 KiB / 13.25 KiB  63.97 KiB/s
C:\Users\Kevin\AppData\Local\Temp\cinehome-hls-new-batman-series-s01e08\master149.vtt: 13.30 KiB / 13.30 KiB  63.87 KiB/s
C:\Users\Kevin\AppData\Local\Temp\cinehome-hls-new-batman-series-s01e08\master149.vtt: 13.45 KiB / 13.45 KiB  64.60 KiB/s
C:\Users\Kevin\AppData\Local\Temp\cinehome-hls-new-batman-series-s01e08\master150.vtt: 13.61 KiB / 13.61 KiB  63.03 KiB/s
C:\Users\Kevin\AppData\Local\Temp\cinehome-hls-new-batman-series-s01e08\master151.vtt: 13.67 KiB / 13.67 KiB  62.43 KiB/s
C:\Users\Kevin\AppData\Local\Temp\cinehome-hls-new-batman-series-s01e08\master152.vtt: 13.81 KiB / 13.81 KiB  60.28 KiB/s
C:\Users\Kevin\AppData\Local\Temp\cinehome-hls-new-batman-series-s01e08\master153.vtt: 14.07 KiB / 14.07 KiB  60.73 KiB/s
C:\Users\Kevin\AppData\Local\Temp\cinehome-hls-new-batman-series-s01e08\master154.vtt: 14.15 KiB / 14.15 KiB  60.92 KiB/s
C:\Users\Kevin\AppData\Local\Temp\cinehome-hls-new-batman-series-s01e08\master155.vtt: 14.28 KiB / 14.28 KiB  60.80 KiB/s
C:\Users\Kevin\AppData\Local\Temp\cinehome-hls-new-batman-series-s01e08\master156.vtt: 14.39 KiB / 14.39 KiB  61.14 KiB/s
C:\Users\Kevin\AppData\Local\Temp\cinehome-hls-new-batman-series-s01e08\master157.vtt: 14.52 KiB / 14.52 KiB  59.68 KiB/s
C:\Users\Kevin\AppData\Local\Temp\cinehome-hls-new-batman-series-s01e08\master158.vtt: 14.53 KiB / 14.53 KiB  59.40 KiB/s
C:\Users\Kevin\AppData\Local\Temp\cinehome-hls-new-batman-series-s01e08\master159.vtt: 14.58 KiB / 14.58 KiB  59.51 KiB/s
C:\Users\Kevin\AppData\Local\Temp\cinehome-hls-new-batman-series-s01e08\master16.vtt: 14.68 KiB / 14.68 KiB  59.80 KiB/s
C:\Users\Kevin\AppData\Local\Temp\cinehome-hls-new-batman-series-s01e08\master160.vtt: 14.83 KiB / 14.83 KiB  59.66 KiB/s
C:\Users\Kevin\AppData\Local\Temp\cinehome-hls-new-batman-series-s01e08\master160.vtt: 14.83 KiB / 14.83 KiB  59.17 KiB/s
C:\Users\Kevin\AppData\Local\Temp\cinehome-hls-new-batman-series-s01e08\master160.vtt: 14.83 KiB / 14.83 KiB  59.17 KiB/s
C:\Users\Kevin\AppData\Local\Temp\cinehome-hls-new-batman-series-s01e08\master161.vtt: 15.07 KiB / 15.07 KiB  59.71 KiB/s
C:\Users\Kevin\AppData\Local\Temp\cinehome-hls-new-batman-series-s01e08\master162.vtt: 15.12 KiB / 15.12 KiB  57.65 KiB/s
C:\Users\Kevin\AppData\Local\Temp\cinehome-hls-new-batman-series-s01e08\master163.vtt: 15.26 KiB / 15.26 KiB  57.73 KiB/s
C:\Users\Kevin\AppData\Local\Temp\cinehome-hls-new-batman-series-s01e08\master164.vtt: 15.32 KiB / 15.32 KiB  55.72 KiB/s
C:\Users\Kevin\AppData\Local\Temp\cinehome-hls-new-batman-series-s01e08\master165.vtt: 15.52 KiB / 15.52 KiB  56.25 KiB/s
C:\Users\Kevin\AppData\Local\Temp\cinehome-hls-new-batman-series-s01e08\master165.vtt: 15.60 KiB / 15.60 KiB  56.52 KiB/s
C:\Users\Kevin\AppData\Local\Temp\cinehome-hls-new-batman-series-s01e08\master165.vtt: 15.66 KiB / 15.66 KiB  56.64 KiB/s
C:\Users\Kevin\AppData\Local\Temp\cinehome-hls-new-batman-series-s01e08\master168.vtt: 15.89 KiB / 15.89 KiB  56.64 KiB/s
C:\Users\Kevin\AppData\Local\Temp\cinehome-hls-new-batman-series-s01e08\master169.vtt: 15.90 KiB / 15.90 KiB  54.89 KiB/s
C:\Users\Kevin\AppData\Local\Temp\cinehome-hls-new-batman-series-s01e08\master17.vtt: 15.90 KiB / 15.90 KiB  54.71 KiB/s
C:\Users\Kevin\AppData\Local\Temp\cinehome-hls-new-batman-series-s01e08\master170.vtt: 15.91 KiB / 15.91 KiB  54.34 KiB/s
C:\Users\Kevin\AppData\Local\Temp\cinehome-hls-new-batman-series-s01e08\master170.vtt: 15.92 KiB / 15.92 KiB  54.37 KiB/s
C:\Users\Kevin\AppData\Local\Temp\cinehome-hls-new-batman-series-s01e08\master172.vtt: 16.02 KiB / 16.02 KiB  54.61 KiB/s
C:\Users\Kevin\AppData\Local\Temp\cinehome-hls-new-batman-series-s01e08\master173.vtt: 16.20 KiB / 16.20 KiB  53.31 KiB/s
C:\Users\Kevin\AppData\Local\Temp\cinehome-hls-new-batman-series-s01e08\master174.vtt: 16.38 KiB / 16.38 KiB  53.81 KiB/s
C:\Users\Kevin\AppData\Local\Temp\cinehome-hls-new-batman-series-s01e08\master175.vtt: 16.42 KiB / 16.42 KiB  53.86 KiB/s
C:\Users\Kevin\AppData\Local\Temp\cinehome-hls-new-batman-series-s01e08\master176.vtt: 16.52 KiB / 16.52 KiB  52.24 KiB/s
C:\Users\Kevin\AppData\Local\Temp\cinehome-hls-new-batman-series-s01e08\master177.vtt: 16.64 KiB / 16.64 KiB  52.54 KiB/s
C:\Users\Kevin\AppData\Local\Temp\cinehome-hls-new-batman-series-s01e08\master178.vtt: 16.85 KiB / 16.85 KiB  51.58 KiB/s
C:\Users\Kevin\AppData\Local\Temp\cinehome-hls-new-batman-series-s01e08\master179.vtt: 16.86 KiB / 16.86 KiB  51.51 KiB/s
C:\Users\Kevin\AppData\Local\Temp\cinehome-hls-new-batman-series-s01e08\master18.vtt: 17.04 KiB / 17.04 KiB  51.76 KiB/s
C:\Users\Kevin\AppData\Local\Temp\cinehome-hls-new-batman-series-s01e08\master180.vtt: 17.05 KiB / 17.05 KiB  51.44 KiB/s
C:\Users\Kevin\AppData\Local\Temp\cinehome-hls-new-batman-series-s01e08\master181.vtt: 17.15 KiB / 17.15 KiB  51.41 KiB/s
C:\Users\Kevin\AppData\Local\Temp\cinehome-hls-new-batman-series-s01e08\master182.vtt: 17.15 KiB / 17.15 KiB  51.10 KiB/s
C:\Users\Kevin\AppData\Local\Temp\cinehome-hls-new-batman-series-s01e08\master183.vtt: 17.28 KiB / 17.28 KiB  51.41 KiB/s
C:\Users\Kevin\AppData\Local\Temp\cinehome-hls-new-batman-series-s01e08\master184.vtt: 17.29 KiB / 17.29 KiB  50.87 KiB/s
C:\Users\Kevin\AppData\Local\Temp\cinehome-hls-new-batman-series-s01e08\master185.vtt: 17.47 KiB / 17.47 KiB  51.33 KiB/s
C:\Users\Kevin\AppData\Local\Temp\cinehome-hls-new-batman-series-s01e08\master186.vtt: 17.48 KiB / 17.48 KiB  49.24 KiB/s
C:\Users\Kevin\AppData\Local\Temp\cinehome-hls-new-batman-series-s01e08\master186.vtt: 17.49 KiB / 17.49 KiB  49.18 KiB/s
C:\Users\Kevin\AppData\Local\Temp\cinehome-hls-new-batman-series-s01e08\master188.vtt: 17.49 KiB / 17.49 KiB  49.12 KiB/s
C:\Users\Kevin\AppData\Local\Temp\cinehome-hls-new-batman-series-s01e08\master189.vtt: 17.50 KiB / 17.50 KiB  49.07 KiB/s
C:\Users\Kevin\AppData\Local\Temp\cinehome-hls-new-batman-series-s01e08\master19.vtt: 17.59 KiB / 17.59 KiB  49.24 KiB/s
C:\Users\Kevin\AppData\Local\Temp\cinehome-hls-new-batman-series-s01e08\master19.vtt: 17.63 KiB / 17.63 KiB  49.36 KiB/s
C:\Users\Kevin\AppData\Local\Temp\cinehome-hls-new-batman-series-s01e08\master19.vtt: 17.63 KiB / 17.63 KiB  49.31 KiB/s
C:\Users\Kevin\AppData\Local\Temp\cinehome-hls-new-batman-series-s01e08\master192.vtt: 17.70 KiB / 17.70 KiB  48.58 KiB/s
C:\Users\Kevin\AppData\Local\Temp\cinehome-hls-new-batman-series-s01e08\master193.vtt: 17.76 KiB / 17.76 KiB  47.91 KiB/s
C:\Users\Kevin\AppData\Local\Temp\cinehome-hls-new-batman-series-s01e08\master194.vtt: 17.77 KiB / 17.77 KiB  47.71 KiB/s
C:\Users\Kevin\AppData\Local\Temp\cinehome-hls-new-batman-series-s01e08\master194.vtt: 17.81 KiB / 17.81 KiB  47.82 KiB/s
C:\Users\Kevin\AppData\Local\Temp\cinehome-hls-new-batman-series-s01e08\master194.vtt: 17.89 KiB / 17.89 KiB  48.04 KiB/s
C:\Users\Kevin\AppData\Local\Temp\cinehome-hls-new-batman-series-s01e08\master196.vtt: 17.89 KiB / 17.89 KiB  47.57 KiB/s
C:\Users\Kevin\AppData\Local\Temp\cinehome-hls-new-batman-series-s01e08\master196.vtt: 17.89 KiB / 17.89 KiB  47.57 KiB/s
C:\Users\Kevin\AppData\Local\Temp\cinehome-hls-new-batman-series-s01e08\master197.vtt: 17.93 KiB / 17.93 KiB  46.53 KiB/s
C:\Users\Kevin\AppData\Local\Temp\cinehome-hls-new-batman-series-s01e08\master197.vtt: 18.04 KiB / 18.04 KiB  44.89 KiB/s
C:\Users\Kevin\AppData\Local\Temp\cinehome-hls-new-batman-series-s01e08\master197.vtt: 18.09 KiB / 18.09 KiB  45.02 KiB/s
C:\Users\Kevin\AppData\Local\Temp\cinehome-hls-new-batman-series-s01e08\master2.vtt: 18.10 KiB / 18.10 KiB  44.74 KiB/s
C:\Users\Kevin\AppData\Local\Temp\cinehome-hls-new-batman-series-s01e08\master20.vtt: 18.20 KiB / 18.20 KiB  44.44 KiB/s
C:\Users\Kevin\AppData\Local\Temp\cinehome-hls-new-batman-series-s01e08\master20.vtt: 18.29 KiB / 18.29 KiB  44.59 KiB/s
C:\Users\Kevin\AppData\Local\Temp\cinehome-hls-new-batman-series-s01e08\master200.vtt: 18.39 KiB / 18.39 KiB  44.84 KiB/s
C:\Users\Kevin\AppData\Local\Temp\cinehome-hls-new-batman-series-s01e08\master200.vtt: 18.48 KiB / 18.48 KiB  45.01 KiB/s
C:\Users\Kevin\AppData\Local\Temp\cinehome-hls-new-batman-series-s01e08\master203.vtt: 18.53 KiB / 18.53 KiB  43.63 KiB/s
C:\Users\Kevin\AppData\Local\Temp\cinehome-hls-new-batman-series-s01e08\master203.vtt: 18.54 KiB / 18.54 KiB  43.58 KiB/s
C:\Users\Kevin\AppData\Local\Temp\cinehome-hls-new-batman-series-s01e08\master203.vtt: 18.70 KiB / 18.70 KiB  43.89 KiB/s
C:\Users\Kevin\AppData\Local\Temp\cinehome-hls-new-batman-series-s01e08\master203.vtt: 18.75 KiB / 18.75 KiB  44.00 KiB/s
C:\Users\Kevin\AppData\Local\Temp\cinehome-hls-new-batman-series-s01e08\master203.vtt: 18.85 KiB / 18.85 KiB  44.18 KiB/s
C:\Users\Kevin\AppData\Local\Temp\cinehome-hls-new-batman-series-s01e08\master203.vtt: 18.90 KiB / 18.90 KiB  44.31 KiB/s
C:\Users\Kevin\AppData\Local\Temp\cinehome-hls-new-batman-series-s01e08\master208.vtt: 18.96 KiB / 18.96 KiB  44.38 KiB/s
C:\Users\Kevin\AppData\Local\Temp\cinehome-hls-new-batman-series-s01e08\master206.vtt: 19.08 KiB / 19.08 KiB  44.67 KiB/s
C:\Users\Kevin\AppData\Local\Temp\cinehome-hls-new-batman-series-s01e08\master21.vtt: 19.21 KiB / 19.21 KiB  44.90 KiB/s
C:\Users\Kevin\AppData\Local\Temp\cinehome-hls-new-batman-series-s01e08\master211.vtt: 19.25 KiB / 19.25 KiB  42.09 KiB/s
C:\Users\Kevin\AppData\Local\Temp\cinehome-hls-new-batman-series-s01e08\master212.vtt: 19.35 KiB / 19.35 KiB  42.05 KiB/s
C:\Users\Kevin\AppData\Local\Temp\cinehome-hls-new-batman-series-s01e08\master212.vtt: 19.35 KiB / 19.35 KiB  42.07 KiB/s
C:\Users\Kevin\AppData\Local\Temp\cinehome-hls-new-batman-series-s01e08\master214.vtt: 19.36 KiB / 19.36 KiB  41.99 KiB/s
C:\Users\Kevin\AppData\Local\Temp\cinehome-hls-new-batman-series-s01e08\master215.vtt: 19.48 KiB / 19.48 KiB  42.16 KiB/s
C:\Users\Kevin\AppData\Local\Temp\cinehome-hls-new-batman-series-s01e08\master216.vtt: 19.57 KiB / 19.57 KiB  42.30 KiB/s
C:\Users\Kevin\AppData\Local\Temp\cinehome-hls-new-batman-series-s01e08\master217.vtt: 19.66 KiB / 19.66 KiB  42.49 KiB/s
C:\Users\Kevin\AppData\Local\Temp\cinehome-hls-new-batman-series-s01e08\master218.vtt: 19.72 KiB / 19.72 KiB  42.57 KiB/s
C:\Users\Kevin\AppData\Local\Temp\cinehome-hls-new-batman-series-s01e08\master219.vtt: 19.77 KiB / 19.77 KiB  42.64 KiB/s
C:\Users\Kevin\AppData\Local\Temp\cinehome-hls-new-batman-series-s01e08\master22.vtt: 19.78 KiB / 19.78 KiB  42.53 KiB/s
C:\Users\Kevin\AppData\Local\Temp\cinehome-hls-new-batman-series-s01e08\master220.vtt: 19.79 KiB / 19.79 KiB  42.21 KiB/s
C:\Users\Kevin\AppData\Local\Temp\cinehome-hls-new-batman-series-s01e08\master221.vtt: 19.87 KiB / 19.87 KiB  41.95 KiB/s
C:\Users\Kevin\AppData\Local\Temp\cinehome-hls-new-batman-series-s01e08\master222.vtt: 19.94 KiB / 19.94 KiB  40.34 KiB/s
C:\Users\Kevin\AppData\Local\Temp\cinehome-hls-new-batman-series-s01e08\master223.vtt: 20.05 KiB / 20.05 KiB  40.47 KiB/s
C:\Users\Kevin\AppData\Local\Temp\cinehome-hls-new-batman-series-s01e08\master223.vtt: 20.33 KiB / 20.33 KiB  41.03 KiB/s
C:\Users\Kevin\AppData\Local\Temp\cinehome-hls-new-batman-series-s01e08\master223.vtt: 20.56 KiB / 20.56 KiB  41.45 KiB/s
C:\Users\Kevin\AppData\Local\Temp\cinehome-hls-new-batman-series-s01e08\master223.vtt: 20.57 KiB / 20.57 KiB  41.42 KiB/s
C:\Users\Kevin\AppData\Local\Temp\cinehome-hls-new-batman-series-s01e08\master225.vtt: 20.65 KiB / 20.65 KiB  41.59 KiB/s
C:\Users\Kevin\AppData\Local\Temp\cinehome-hls-new-batman-series-s01e08\master225.vtt: 20.73 KiB / 20.73 KiB  41.71 KiB/s
C:\Users\Kevin\AppData\Local\Temp\cinehome-hls-new-batman-series-s01e08\master226.vtt: 20.79 KiB / 20.79 KiB  41.82 KiB/s
C:\Users\Kevin\AppData\Local\Temp\cinehome-hls-new-batman-series-s01e08\master227.vtt: 20.89 KiB / 20.89 KiB  41.99 KiB/s
C:\Users\Kevin\AppData\Local\Temp\cinehome-hls-new-batman-series-s01e08\master23.vtt: 20.95 KiB / 20.95 KiB  42.04 KiB/s
C:\Users\Kevin\AppData\Local\Temp\cinehome-hls-new-batman-series-s01e08\master230.vtt: 21.02 KiB / 21.02 KiB  42.14 KiB/s
C:\Users\Kevin\AppData\Local\Temp\cinehome-hls-new-batman-series-s01e08\master231.vtt: 21.17 KiB / 21.17 KiB  42.40 KiB/s
C:\Users\Kevin\AppData\Local\Temp\cinehome-hls-new-batman-series-s01e08\master232.vtt: 21.17 KiB / 21.17 KiB  42.22 KiB/s
C:\Users\Kevin\AppData\Local\Temp\cinehome-hls-new-batman-series-s01e08\master232.vtt: 21.17 KiB / 21.17 KiB  42.22 KiB/s
C:\Users\Kevin\AppData\Local\Temp\cinehome-hls-new-batman-series-s01e08\master233.vtt: 21.30 KiB / 21.30 KiB  40.50 KiB/s
C:\Users\Kevin\AppData\Local\Temp\cinehome-hls-new-batman-series-s01e08\master234.vtt: 21.43 KiB / 21.43 KiB  40.08 KiB/s
C:\Users\Kevin\AppData\Local\Temp\cinehome-hls-new-batman-series-s01e08\master235.vtt: 21.50 KiB / 21.50 KiB  40.17 KiB/s
C:\Users\Kevin\AppData\Local\Temp\cinehome-hls-new-batman-series-s01e08\master235.vtt: 21.75 KiB / 21.75 KiB  40.58 KiB/s
C:\Users\Kevin\AppData\Local\Temp\cinehome-hls-new-batman-series-s01e08\master237.vtt: 21.81 KiB / 21.81 KiB  40.65 KiB/s
C:\Users\Kevin\AppData\Local\Temp\cinehome-hls-new-batman-series-s01e08\master237.vtt: 21.82 KiB / 21.82 KiB  40.67 KiB/s
C:\Users\Kevin\AppData\Local\Temp\cinehome-hls-new-batman-series-s01e08\master237.vtt: 21.82 KiB / 21.82 KiB  40.68 KiB/s
C:\Users\Kevin\AppData\Local\Temp\cinehome-hls-new-batman-series-s01e08\master24.vtt: 21.91 KiB / 21.91 KiB  40.79 KiB/s
C:\Users\Kevin\AppData\Local\Temp\cinehome-hls-new-batman-series-s01e08\master24.vtt: 21.96 KiB / 21.96 KiB  40.84 KiB/s
C:\Users\Kevin\AppData\Local\Temp\cinehome-hls-new-batman-series-s01e08\master24.vtt: 21.96 KiB / 21.96 KiB  40.81 KiB/s
C:\Users\Kevin\AppData\Local\Temp\cinehome-hls-new-batman-series-s01e08\master24.vtt: 22.02 KiB / 22.02 KiB  40.92 KiB/s
C:\Users\Kevin\AppData\Local\Temp\cinehome-hls-new-batman-series-s01e08\master24.vtt: 22.03 KiB / 22.03 KiB  40.93 KiB/s
C:\Users\Kevin\AppData\Local\Temp\cinehome-hls-new-batman-series-s01e08\master244.vtt: 22.03 KiB / 22.03 KiB  40.32 KiB/s
C:\Users\Kevin\AppData\Local\Temp\cinehome-hls-new-batman-series-s01e08\master245.vtt: 22.04 KiB / 22.04 KiB  38.44 KiB/s
C:\Users\Kevin\AppData\Local\Temp\cinehome-hls-new-batman-series-s01e08\master246.vtt: 22.05 KiB / 22.05 KiB  38.40 KiB/s
C:\Users\Kevin\AppData\Local\Temp\cinehome-hls-new-batman-series-s01e08\master246.vtt: 22.05 KiB / 22.05 KiB  38.41 KiB/s
C:\Users\Kevin\AppData\Local\Temp\cinehome-hls-new-batman-series-s01e08\master248.vtt: 22.06 KiB / 22.06 KiB  38.38 KiB/s
C:\Users\Kevin\AppData\Local\Temp\cinehome-hls-new-batman-series-s01e08\master248.vtt: 22.18 KiB / 22.18 KiB  38.56 KiB/s
C:\Users\Kevin\AppData\Local\Temp\cinehome-hls-new-batman-series-s01e08\master249.vtt: 22.19 KiB / 22.19 KiB  38.57 KiB/s
C:\Users\Kevin\AppData\Local\Temp\cinehome-hls-new-batman-series-s01e08\master249.vtt: 22.20 KiB / 22.20 KiB  38.54 KiB/s
C:\Users\Kevin\AppData\Local\Temp\cinehome-hls-new-batman-series-s01e08\master25.vtt: 22.20 KiB / 22.20 KiB  38.55 KiB/s
C:\Users\Kevin\AppData\Local\Temp\cinehome-hls-new-batman-series-s01e08\master251.vtt: 22.21 KiB / 22.21 KiB  38.53 KiB/s
C:\Users\Kevin\AppData\Local\Temp\cinehome-hls-new-batman-series-s01e08\master252.vtt: 22.22 KiB / 22.22 KiB  38.28 KiB/s
C:\Users\Kevin\AppData\Local\Temp\cinehome-hls-new-batman-series-s01e08\master253.vtt: 22.22 KiB / 22.22 KiB  38.25 KiB/s
C:\Users\Kevin\AppData\Local\Temp\cinehome-hls-new-batman-series-s01e08\master254.vtt: 22.23 KiB / 22.23 KiB  38.23 KiB/s
C:\Users\Kevin\AppData\Local\Temp\cinehome-hls-new-batman-series-s01e08\master256.vtt: 22.24 KiB / 22.24 KiB  36.36 KiB/s
C:\Users\Kevin\AppData\Local\Temp\cinehome-hls-new-batman-series-s01e08\master257.vtt: 22.24 KiB / 22.24 KiB  36.31 KiB/s
C:\Users\Kevin\AppData\Local\Temp\cinehome-hls-new-batman-series-s01e08\master258.vtt: 22.25 KiB / 22.25 KiB  36.25 KiB/s
C:\Users\Kevin\AppData\Local\Temp\cinehome-hls-new-batman-series-s01e08\master259.vtt: 22.39 KiB / 22.39 KiB  36.31 KiB/s
C:\Users\Kevin\AppData\Local\Temp\cinehome-hls-new-batman-series-s01e08\master26.vtt: 22.40 KiB / 22.40 KiB  36.26 KiB/s
C:\Users\Kevin\AppData\Local\Temp\cinehome-hls-new-batman-series-s01e08\master260.vtt: 22.41 KiB / 22.41 KiB  36.20 KiB/s
C:\Users\Kevin\AppData\Local\Temp\cinehome-hls-new-batman-series-s01e08\master261.vtt: 22.41 KiB / 22.41 KiB  36.18 KiB/s
C:\Users\Kevin\AppData\Local\Temp\cinehome-hls-new-batman-series-s01e08\master261.vtt: 22.42 KiB / 22.42 KiB  36.19 KiB/s
C:\Users\Kevin\AppData\Local\Temp\cinehome-hls-new-batman-series-s01e08\master262.vtt: 22.43 KiB / 22.43 KiB  36.17 KiB/s
C:\Users\Kevin\AppData\Local\Temp\cinehome-hls-new-batman-series-s01e08\master263.vtt: 22.79 KiB / 22.79 KiB  36.75 KiB/s
C:\Users\Kevin\AppData\Local\Temp\cinehome-hls-new-batman-series-s01e08\master27.vtt: 22.79 KiB / 22.79 KiB  36.70 KiB/s
C:\Users\Kevin\AppData\Local\Temp\cinehome-hls-new-batman-series-s01e08\master28.vtt: 22.96 KiB / 22.96 KiB  36.94 KiB/s
C:\Users\Kevin\AppData\Local\Temp\cinehome-hls-new-batman-series-s01e08\master28.vtt: 22.96 KiB / 22.96 KiB  36.64 KiB/s
C:\Users\Kevin\AppData\Local\Temp\cinehome-hls-new-batman-series-s01e08\master28.vtt: 22.96 KiB / 22.96 KiB  36.64 KiB/s
C:\Users\Kevin\AppData\Local\Temp\cinehome-hls-new-batman-series-s01e08\master29.vtt: 23.13 KiB / 23.13 KiB  36.03 KiB/s
C:\Users\Kevin\AppData\Local\Temp\cinehome-hls-new-batman-series-s01e08\master3.vtt: 23.19 KiB / 23.19 KiB  35.74 KiB/s
C:\Users\Kevin\AppData\Local\Temp\cinehome-hls-new-batman-series-s01e08\master30.vtt: 23.36 KiB / 23.36 KiB  35.87 KiB/s
C:\Users\Kevin\AppData\Local\Temp\cinehome-hls-new-batman-series-s01e08\master31.vtt: 23.52 KiB / 23.52 KiB  35.80 KiB/s
C:\Users\Kevin\AppData\Local\Temp\cinehome-hls-new-batman-series-s01e08\master31.vtt: 23.75 KiB / 23.75 KiB  36.15 KiB/s
C:\Users\Kevin\AppData\Local\Temp\cinehome-hls-new-batman-series-s01e08\master33.vtt: 24.06 KiB / 24.06 KiB  36.59 KiB/s
C:\Users\Kevin\AppData\Local\Temp\cinehome-hls-new-batman-series-s01e08\master33.vtt: 24.13 KiB / 24.13 KiB  36.65 KiB/s
C:\Users\Kevin\AppData\Local\Temp\cinehome-hls-new-batman-series-s01e08\master34.vtt: 24.26 KiB / 24.26 KiB  36.64 KiB/s
C:\Users\Kevin\AppData\Local\Temp\cinehome-hls-new-batman-series-s01e08\master34.vtt: 24.54 KiB / 24.54 KiB  37.06 KiB/s
C:\Users\Kevin\AppData\Local\Temp\cinehome-hls-new-batman-series-s01e08\master34.vtt: 24.65 KiB / 24.65 KiB  37.23 KiB/s
C:\Users\Kevin\AppData\Local\Temp\cinehome-hls-new-batman-series-s01e08\master38.vtt: 24.79 KiB / 24.79 KiB  37.40 KiB/s
C:\Users\Kevin\AppData\Local\Temp\cinehome-hls-new-batman-series-s01e08\master38.vtt: 24.88 KiB / 24.88 KiB  37.50 KiB/s
C:\Users\Kevin\AppData\Local\Temp\cinehome-hls-new-batman-series-s01e08\master39.vtt: 25.00 KiB / 25.00 KiB  37.65 KiB/s
C:\Users\Kevin\AppData\Local\Temp\cinehome-hls-new-batman-series-s01e08\master4.vtt: 25.00 KiB / 25.00 KiB  37.51 KiB/s
C:\Users\Kevin\AppData\Local\Temp\cinehome-hls-new-batman-series-s01e08\master4.vtt: 25.09 KiB / 25.09 KiB  37.53 KiB/s
C:\Users\Kevin\AppData\Local\Temp\cinehome-hls-new-batman-series-s01e08\master42.vtt: 25.15 KiB / 25.15 KiB  37.59 KiB/s
C:\Users\Kevin\AppData\Local\Temp\cinehome-hls-new-batman-series-s01e08\master43.vtt: 25.21 KiB / 25.21 KiB  37.34 KiB/s
C:\Users\Kevin\AppData\Local\Temp\cinehome-hls-new-batman-series-s01e08\master44.vtt: 25.21 KiB / 25.21 KiB  37.23 KiB/s
C:\Users\Kevin\AppData\Local\Temp\cinehome-hls-new-batman-series-s01e08\master45.vtt: 25.38 KiB / 25.38 KiB  37.08 KiB/s
C:\Users\Kevin\AppData\Local\Temp\cinehome-hls-new-batman-series-s01e08\master46.vtt: 25.39 KiB / 25.39 KiB  36.98 KiB/s
C:\Users\Kevin\AppData\Local\Temp\cinehome-hls-new-batman-series-s01e08\master46.vtt: 25.58 KiB / 25.58 KiB  37.27 KiB/s
C:\Users\Kevin\AppData\Local\Temp\cinehome-hls-new-batman-series-s01e08\master48.vtt: 25.64 KiB / 25.64 KiB  37.06 KiB/s
C:\Users\Kevin\AppData\Local\Temp\cinehome-hls-new-batman-series-s01e08\master49.vtt: 25.74 KiB / 25.74 KiB  36.91 KiB/s
C:\Users\Kevin\AppData\Local\Temp\cinehome-hls-new-batman-series-s01e08\master49.vtt: 25.85 KiB / 25.85 KiB  37.08 KiB/s
C:\Users\Kevin\AppData\Local\Temp\cinehome-hls-new-batman-series-s01e08\master50.vtt: 26.02 KiB / 26.02 KiB  36.98 KiB/s
C:\Users\Kevin\AppData\Local\Temp\cinehome-hls-new-batman-series-s01e08\master51.vtt: 26.19 KiB / 26.19 KiB  37.19 KiB/s
C:\Users\Kevin\AppData\Local\Temp\cinehome-hls-new-batman-series-s01e08\master51.vtt: 26.25 KiB / 26.25 KiB  37.26 KiB/s
C:\Users\Kevin\AppData\Local\Temp\cinehome-hls-new-batman-series-s01e08\master53.vtt: 26.31 KiB / 26.31 KiB  37.31 KiB/s
C:\Users\Kevin\AppData\Local\Temp\cinehome-hls-new-batman-series-s01e08\master54.vtt: 26.42 KiB / 26.42 KiB  37.04 KiB/s
C:\Users\Kevin\AppData\Local\Temp\cinehome-hls-new-batman-series-s01e08\master55.vtt: 26.54 KiB / 26.54 KiB  36.33 KiB/s
C:\Users\Kevin\AppData\Local\Temp\cinehome-hls-new-batman-series-s01e08\master56.vtt: 26.55 KiB / 26.55 KiB  36.20 KiB/s
C:\Users\Kevin\AppData\Local\Temp\cinehome-hls-new-batman-series-s01e08\master57.vtt: 26.61 KiB / 26.61 KiB  36.20 KiB/s
C:\Users\Kevin\AppData\Local\Temp\cinehome-hls-new-batman-series-s01e08\master57.vtt: 26.61 KiB / 26.61 KiB  36.21 KiB/s
C:\Users\Kevin\AppData\Local\Temp\cinehome-hls-new-batman-series-s01e08\master59.vtt: 26.81 KiB / 26.81 KiB  36.06 KiB/s
C:\Users\Kevin\AppData\Local\Temp\cinehome-hls-new-batman-series-s01e08\master6.vtt: 26.95 KiB / 26.95 KiB  36.21 KiB/s
C:\Users\Kevin\AppData\Local\Temp\cinehome-hls-new-batman-series-s01e08\master6.vtt: 27.06 KiB / 27.06 KiB  36.36 KiB/s
C:\Users\Kevin\AppData\Local\Temp\cinehome-hls-new-batman-series-s01e08\master60.vtt: 27.15 KiB / 27.15 KiB  36.45 KiB/s
C:\Users\Kevin\AppData\Local\Temp\cinehome-hls-new-batman-series-s01e08\master61.vtt: 27.16 KiB / 27.16 KiB  36.46 KiB/s
C:\Users\Kevin\AppData\Local\Temp\cinehome-hls-new-batman-series-s01e08\master62.vtt: 27.23 KiB / 27.23 KiB  36.53 KiB/s
C:\Users\Kevin\AppData\Local\Temp\cinehome-hls-new-batman-series-s01e08\master64.vtt: 27.24 KiB / 27.24 KiB  36.26 KiB/s
C:\Users\Kevin\AppData\Local\Temp\cinehome-hls-new-batman-series-s01e08\master64.vtt: 27.24 KiB / 27.24 KiB  36.21 KiB/s
C:\Users\Kevin\AppData\Local\Temp\cinehome-hls-new-batman-series-s01e08\master64.vtt: 27.24 KiB / 27.24 KiB  36.21 KiB/s
C:\Users\Kevin\AppData\Local\Temp\cinehome-hls-new-batman-series-s01e08\master65.vtt: 27.28 KiB / 27.28 KiB  36.25 KiB/s
C:\Users\Kevin\AppData\Local\Temp\cinehome-hls-new-batman-series-s01e08\master66.vtt: 27.43 KiB / 27.43 KiB  36.10 KiB/s
C:\Users\Kevin\AppData\Local\Temp\cinehome-hls-new-batman-series-s01e08\master67.vtt: 27.60 KiB / 27.60 KiB  36.12 KiB/s
C:\Users\Kevin\AppData\Local\Temp\cinehome-hls-new-batman-series-s01e08\master68.vtt: 27.60 KiB / 27.60 KiB  35.92 KiB/s
C:\Users\Kevin\AppData\Local\Temp\cinehome-hls-new-batman-series-s01e08\master69.vtt: 27.83 KiB / 27.83 KiB  36.08 KiB/s
C:\Users\Kevin\AppData\Local\Temp\cinehome-hls-new-batman-series-s01e08\master7.vtt: 28.01 KiB / 28.01 KiB  36.20 KiB/s
C:\Users\Kevin\AppData\Local\Temp\cinehome-hls-new-batman-series-s01e08\master7.vtt: 28.25 KiB / 28.25 KiB  36.37 KiB/s
C:\Users\Kevin\AppData\Local\Temp\cinehome-hls-new-batman-series-s01e08\master70.vtt: 28.26 KiB / 28.26 KiB  36.38 KiB/s
C:\Users\Kevin\AppData\Local\Temp\cinehome-hls-new-batman-series-s01e08\master70.vtt: 28.30 KiB / 28.30 KiB  36.40 KiB/s
C:\Users\Kevin\AppData\Local\Temp\cinehome-hls-new-batman-series-s01e08\master70.vtt: 28.31 KiB / 28.31 KiB  36.41 KiB/s
C:\Users\Kevin\AppData\Local\Temp\cinehome-hls-new-batman-series-s01e08\master72.vtt: 28.40 KiB / 28.40 KiB  36.53 KiB/s
C:\Users\Kevin\AppData\Local\Temp\cinehome-hls-new-batman-series-s01e08\master75.vtt: 28.50 KiB / 28.50 KiB  36.35 KiB/s
C:\Users\Kevin\AppData\Local\Temp\cinehome-hls-new-batman-series-s01e08\master76.vtt: 28.64 KiB / 28.64 KiB  35.96 KiB/s
C:\Users\Kevin\AppData\Local\Temp\cinehome-hls-new-batman-series-s01e08\master77.vtt: 28.71 KiB / 28.71 KiB  35.95 KiB/s
C:\Users\Kevin\AppData\Local\Temp\cinehome-hls-new-batman-series-s01e08\master77.vtt: 28.77 KiB / 28.77 KiB  36.03 KiB/s
C:\Users\Kevin\AppData\Local\Temp\cinehome-hls-new-batman-series-s01e08\master79.vtt: 28.91 KiB / 28.91 KiB  36.06 KiB/s
C:\Users\Kevin\AppData\Local\Temp\cinehome-hls-new-batman-series-s01e08\master8.vtt: 28.96 KiB / 28.96 KiB  35.74 KiB/s
C:\Users\Kevin\AppData\Local\Temp\cinehome-hls-new-batman-series-s01e08\master80.vtt: 29.05 KiB / 29.05 KiB  35.80 KiB/s
C:\Users\Kevin\AppData\Local\Temp\cinehome-hls-new-batman-series-s01e08\master81.vtt: 29.23 KiB / 29.23 KiB  35.97 KiB/s
C:\Users\Kevin\AppData\Local\Temp\cinehome-hls-new-batman-series-s01e08\master82.vtt: 29.29 KiB / 29.29 KiB  36.02 KiB/s
C:\Users\Kevin\AppData\Local\Temp\cinehome-hls-new-batman-series-s01e08\master83.vtt: 29.35 KiB / 29.35 KiB  35.96 KiB/s
C:\Users\Kevin\AppData\Local\Temp\cinehome-hls-new-batman-series-s01e08\master84.vtt: 29.54 KiB / 29.54 KiB  36.03 KiB/s
C:\Users\Kevin\AppData\Local\Temp\cinehome-hls-new-batman-series-s01e08\master85.vtt: 29.55 KiB / 29.55 KiB  35.88 KiB/s
C:\Users\Kevin\AppData\Local\Temp\cinehome-hls-new-batman-series-s01e08\master86.vtt: 29.86 KiB / 29.86 KiB  36.00 KiB/s
C:\Users\Kevin\AppData\Local\Temp\cinehome-hls-new-batman-series-s01e08\master86.vtt: 30.11 KiB / 30.11 KiB  36.30 KiB/s
C:\Users\Kevin\AppData\Local\Temp\cinehome-hls-new-batman-series-s01e08\master88.vtt: 30.17 KiB / 30.17 KiB  36.21 KiB/s
C:\Users\Kevin\AppData\Local\Temp\cinehome-hls-new-batman-series-s01e08\master89.vtt: 30.17 KiB / 30.17 KiB  36.09 KiB/s
C:\Users\Kevin\AppData\Local\Temp\cinehome-hls-new-batman-series-s01e08\master9.vtt: 30.29 KiB / 30.29 KiB  36.16 KiB/s
C:\Users\Kevin\AppData\Local\Temp\cinehome-hls-new-batman-series-s01e08\master90.vtt: 30.35 KiB / 30.35 KiB  36.22 KiB/s
C:\Users\Kevin\AppData\Local\Temp\cinehome-hls-new-batman-series-s01e08\master91.vtt: 30.41 KiB / 30.41 KiB  36.25 KiB/s
C:\Users\Kevin\AppData\Local\Temp\cinehome-hls-new-batman-series-s01e08\master92.vtt: 30.45 KiB / 30.45 KiB  35.61 KiB/s
C:\Users\Kevin\AppData\Local\Temp\cinehome-hls-new-batman-series-s01e08\master93.vtt: 30.46 KiB / 30.46 KiB  35.52 KiB/s
C:\Users\Kevin\AppData\Local\Temp\cinehome-hls-new-batman-series-s01e08\master94.vtt: 30.53 KiB / 30.53 KiB  35.16 KiB/s
C:\Users\Kevin\AppData\Local\Temp\cinehome-hls-new-batman-series-s01e08\master94.vtt: 30.74 KiB / 30.74 KiB  35.37 KiB/s
C:\Users\Kevin\AppData\Local\Temp\cinehome-hls-new-batman-series-s01e08\master94.vtt: 30.81 KiB / 30.81 KiB  35.46 KiB/s
C:\Users\Kevin\AppData\Local\Temp\cinehome-hls-new-batman-series-s01e08\master97.vtt: 30.98 KiB / 30.98 KiB  35.63 KiB/s
C:\Users\Kevin\AppData\Local\Temp\cinehome-hls-new-batman-series-s01e08\master98.vtt: 31.16 KiB / 31.16 KiB  35.80 KiB/s
C:\Users\Kevin\AppData\Local\Temp\cinehome-hls-new-batman-series-s01e08\master99.vtt: 39.44 KiB / 39.44 KiB  45.15 KiB/s
C:\Users\Kevin\AppData\Local\Temp\cinehome-hls-new-batman-series-s01e08\master_vtt.m3u8: 1.20 MiB / 1.20 MiB  1.37 MiB/s
C:\Users\Kevin\AppData\Local\Temp\cinehome-hls-new-batman-series-s01e08\master_vtt.m3u8: 1.20 MiB / 1.20 MiB  1.37 MiB/s
C:\Users\Kevin\AppData\Local\Temp\cinehome-hls-new-batman-series-s01e08\master_vtt.m3u8: 1.20 MiB / 1.20 MiB  1.37 MiB/s
C:\Users\Kevin\AppData\Local\Temp\cinehome-hls-new-batman-series-s01e08\seg_0000.ts: 3.24 MiB / 3.24 MiB  3.68 MiB/s
C:\Users\Kevin\AppData\Local\Temp\cinehome-hls-new-batman-series-s01e08\seg_0001.ts: 4.14 MiB / 4.14 MiB  4.70 MiB/s
C:\Users\Kevin\AppData\Local\Temp\cinehome-hls-new-batman-series-s01e08\seg_0001.ts: 6.37 MiB / 6.37 MiB  7.23 MiB/s
C:\Users\Kevin\AppData\Local\Temp\cinehome-hls-new-batman-series-s01e08\seg_0003.ts: 8.28 MiB / 8.28 MiB  9.37 MiB/s
C:\Users\Kevin\AppData\Local\Temp\cinehome-hls-new-batman-series-s01e08\seg_0004.ts: 10.52 MiB / 10.52 MiB  11.90 MiB/s
C:\Users\Kevin\AppData\Local\Temp\cinehome-hls-new-batman-series-s01e08\seg_0005.ts: 11.37 MiB / 11.37 MiB  12.56 MiB/s
C:\Users\Kevin\AppData\Local\Temp\cinehome-hls-new-batman-series-s01e08\seg_0006.ts: 12.95 MiB / 12.95 MiB  14.26 MiB/s
C:\Users\Kevin\AppData\Local\Temp\cinehome-hls-new-batman-series-s01e08\seg_0006.ts: 13.49 MiB / 13.49 MiB  14.86 MiB/s
C:\Users\Kevin\AppData\Local\Temp\cinehome-hls-new-batman-series-s01e08\seg_0008.ts: 13.96 MiB / 13.96 MiB  15.36 MiB/s
C:\Users\Kevin\AppData\Local\Temp\cinehome-hls-new-batman-series-s01e08\seg_0008.ts: 15.70 MiB / 15.70 MiB  17.27 MiB/s
C:\Users\Kevin\AppData\Local\Temp\cinehome-hls-new-batman-series-s01e08\seg_0010.ts: 16.15 MiB / 16.15 MiB  17.74 MiB/s
C:\Users\Kevin\AppData\Local\Temp\cinehome-hls-new-batman-series-s01e08\seg_0011.ts: 18.50 MiB / 18.50 MiB  20.08 MiB/s
C:\Users\Kevin\AppData\Local\Temp\cinehome-hls-new-batman-series-s01e08\seg_0012.ts: 19.11 MiB / 19.11 MiB  20.30 MiB/s
C:\Users\Kevin\AppData\Local\Temp\cinehome-hls-new-batman-series-s01e08\seg_0013.ts: 20.35 MiB / 20.35 MiB  21.08 MiB/s
C:\Users\Kevin\AppData\Local\Temp\cinehome-hls-new-batman-series-s01e08\seg_0014.ts: 21.62 MiB / 21.62 MiB  22.29 MiB/s
C:\Users\Kevin\AppData\Local\Temp\cinehome-hls-new-batman-series-s01e08\seg_0014.ts: 21.62 MiB / 21.62 MiB  21.57 MiB/s
C:\Users\Kevin\AppData\Local\Temp\cinehome-hls-new-batman-series-s01e08\seg_0014.ts: 21.62 MiB / 21.62 MiB  21.57 MiB/s
C:\Users\Kevin\AppData\Local\Temp\cinehome-hls-new-batman-series-s01e08\seg_0015.ts: 29.67 MiB / 29.67 MiB  29.55 MiB/s
C:\Users\Kevin\AppData\Local\Temp\cinehome-hls-new-batman-series-s01e08\seg_0016.ts: 37.36 MiB / 37.36 MiB  37.16 MiB/s
C:\Users\Kevin\AppData\Local\Temp\cinehome-hls-new-batman-series-s01e08\seg_0016.ts: 37.36 MiB / 37.36 MiB  33.13 MiB/s
C:\Users\Kevin\AppData\Local\Temp\cinehome-hls-new-batman-series-s01e08\seg_0016.ts: 37.36 MiB / 37.36 MiB  33.13 MiB/s
C:\Users\Kevin\AppData\Local\Temp\cinehome-hls-new-batman-series-s01e08\seg_0017.ts: 39.14 MiB / 39.14 MiB  34.26 MiB/s
C:\Users\Kevin\AppData\Local\Temp\cinehome-hls-new-batman-series-s01e08\seg_0018.ts: 53.32 MiB / 53.32 MiB  46.56 MiB/s
C:\Users\Kevin\AppData\Local\Temp\cinehome-hls-new-batman-series-s01e08\seg_0019.ts: 59.51 MiB / 59.51 MiB  51.69 MiB/s
C:\Users\Kevin\AppData\Local\Temp\cinehome-hls-new-batman-series-s01e08\seg_0020.ts: 60.48 MiB / 60.48 MiB  48.53 MiB/s
C:\Users\Kevin\AppData\Local\Temp\cinehome-hls-new-batman-series-s01e08\seg_0021.ts: 61.73 MiB / 61.73 MiB  49.41 MiB/s
C:\Users\Kevin\AppData\Local\Temp\cinehome-hls-new-batman-series-s01e08\seg_0021.ts: 62.72 MiB / 62.72 MiB  50.20 MiB/s
C:\Users\Kevin\AppData\Local\Temp\cinehome-hls-new-batman-series-s01e08\seg_0023.ts: 64.34 MiB / 64.34 MiB  51.39 MiB/s
C:\Users\Kevin\AppData\Local\Temp\cinehome-hls-new-batman-series-s01e08\seg_0024.ts: 66.45 MiB / 66.45 MiB  53.05 MiB/s
C:\Users\Kevin\AppData\Local\Temp\cinehome-hls-new-batman-series-s01e08\seg_0024.ts: 66.45 MiB / 66.45 MiB  53.03 MiB/s
C:\Users\Kevin\AppData\Local\Temp\cinehome-hls-new-batman-series-s01e08\seg_0024.ts: 66.45 MiB / 66.45 MiB  53.03 MiB/s
C:\Users\Kevin\AppData\Local\Temp\cinehome-hls-new-batman-series-s01e08\seg_0025.ts: 67.87 MiB / 67.87 MiB  54.17 MiB/s
C:\Users\Kevin\AppData\Local\Temp\cinehome-hls-new-batman-series-s01e08\seg_0025.ts: 69.52 MiB / 69.52 MiB  55.41 MiB/s
C:\Users\Kevin\AppData\Local\Temp\cinehome-hls-new-batman-series-s01e08\seg_0027.ts: 69.80 MiB / 69.80 MiB  55.56 MiB/s
C:\Users\Kevin\AppData\Local\Temp\cinehome-hls-new-batman-series-s01e08\seg_0028.ts: 72.80 MiB / 72.80 MiB  57.95 MiB/s
C:\Users\Kevin\AppData\Local\Temp\cinehome-hls-new-batman-series-s01e08\seg_0028.ts: 73.16 MiB / 73.16 MiB  57.96 MiB/s
C:\Users\Kevin\AppData\Local\Temp\cinehome-hls-new-batman-series-s01e08\seg_0030.ts: 75.43 MiB / 75.43 MiB  55.16 MiB/s
C:\Users\Kevin\AppData\Local\Temp\cinehome-hls-new-batman-series-s01e08\seg_0031.ts: 76.30 MiB / 76.30 MiB  55.66 MiB/s
C:\Users\Kevin\AppData\Local\Temp\cinehome-hls-new-batman-series-s01e08\seg_0031.ts: 76.30 MiB / 76.30 MiB  55.35 MiB/s
C:\Users\Kevin\AppData\Local\Temp\cinehome-hls-new-batman-series-s01e08\seg_0031.ts: 76.30 MiB / 76.30 MiB  55.35 MiB/s
C:\Users\Kevin\AppData\Local\Temp\cinehome-hls-new-batman-series-s01e08\seg_0032.ts: 77.94 MiB / 77.94 MiB  54.87 MiB/s
C:\Users\Kevin\AppData\Local\Temp\cinehome-hls-new-batman-series-s01e08\seg_0033.ts: 79.36 MiB / 79.36 MiB  55.63 MiB/s
C:\Users\Kevin\AppData\Local\Temp\cinehome-hls-new-batman-series-s01e08\seg_0033.ts: 79.36 MiB / 79.36 MiB  52.77 MiB/s
C:\Users\Kevin\AppData\Local\Temp\cinehome-hls-new-batman-series-s01e08\seg_0033.ts: 79.36 MiB / 79.36 MiB  52.77 MiB/s
C:\Users\Kevin\AppData\Local\Temp\cinehome-hls-new-batman-series-s01e08\seg_0033.ts: 79.36 MiB / 79.36 MiB  48.71 MiB/s
C:\Users\Kevin\AppData\Local\Temp\cinehome-hls-new-batman-series-s01e08\seg_0033.ts: 79.36 MiB / 79.36 MiB  48.71 MiB/s
C:\Users\Kevin\AppData\Local\Temp\cinehome-hls-new-batman-series-s01e08\seg_0034.ts: 80.11 MiB / 80.11 MiB  47.48 MiB/s
C:\Users\Kevin\AppData\Local\Temp\cinehome-hls-new-batman-series-s01e08\seg_0035.ts: 81.24 MiB / 81.24 MiB  47.96 MiB/s
C:\Users\Kevin\AppData\Local\Temp\cinehome-hls-new-batman-series-s01e08\seg_0036.ts: 83.65 MiB / 83.65 MiB  49.35 MiB/s
C:\Users\Kevin\AppData\Local\Temp\cinehome-hls-new-batman-series-s01e08\seg_0037.ts: 85.28 MiB / 85.28 MiB  49.44 MiB/s
C:\Users\Kevin\AppData\Local\Temp\cinehome-hls-new-batman-series-s01e08\seg_0037.ts: 85.28 MiB / 85.28 MiB  48.59 MiB/s
C:\Users\Kevin\AppData\Local\Temp\cinehome-hls-new-batman-series-s01e08\seg_0037.ts: 85.28 MiB / 85.28 MiB  48.59 MiB/s
C:\Users\Kevin\AppData\Local\Temp\cinehome-hls-new-batman-series-s01e08\seg_0038.ts: 86.24 MiB / 86.24 MiB  48.65 MiB/s
C:\Users\Kevin\AppData\Local\Temp\cinehome-hls-new-batman-series-s01e08\seg_0039.ts: 86.95 MiB / 86.95 MiB  48.92 MiB/s
C:\Users\Kevin\AppData\Local\Temp\cinehome-hls-new-batman-series-s01e08\seg_0040.ts: 87.26 MiB / 87.26 MiB  49.06 MiB/s
C:\Users\Kevin\AppData\Local\Temp\cinehome-hls-new-batman-series-s01e08\seg_0040.ts: 87.83 MiB / 87.83 MiB  49.36 MiB/s
C:\Users\Kevin\AppData\Local\Temp\cinehome-hls-new-batman-series-s01e08\seg_0042.ts: 88.63 MiB / 88.63 MiB  49.80 MiB/s
C:\Users\Kevin\AppData\Local\Temp\cinehome-hls-new-batman-series-s01e08\seg_0042.ts: 89.39 MiB / 89.39 MiB  50.21 MiB/s
C:\Users\Kevin\AppData\Local\Temp\cinehome-hls-new-batman-series-s01e08\seg_0042.ts: 90.43 MiB / 90.43 MiB  50.79 MiB/s
C:\Users\Kevin\AppData\Local\Temp\cinehome-hls-new-batman-series-s01e08\seg_0045.ts: 92.61 MiB / 92.61 MiB  51.92 MiB/s
C:\Users\Kevin\AppData\Local\Temp\cinehome-hls-new-batman-series-s01e08\seg_0046.ts: 93.14 MiB / 93.14 MiB  52.11 MiB/s
C:\Users\Kevin\AppData\Local\Temp\cinehome-hls-new-batman-series-s01e08\seg_0047.ts: 94.78 MiB / 94.78 MiB  52.98 MiB/s
C:\Users\Kevin\AppData\Local\Temp\cinehome-hls-new-batman-series-s01e08\seg_0048.ts: 95.09 MiB / 95.09 MiB  53.14 MiB/s
C:\Users\Kevin\AppData\Local\Temp\cinehome-hls-new-batman-series-s01e08\seg_0049.ts: 96.38 MiB / 96.38 MiB  53.85 MiB/s
C:\Users\Kevin\AppData\Local\Temp\cinehome-hls-new-batman-series-s01e08\seg_0050.ts: 97.76 MiB / 97.76 MiB  52.36 MiB/s
C:\Users\Kevin\AppData\Local\Temp\cinehome-hls-new-batman-series-s01e08\seg_0050.ts: 97.76 MiB / 97.76 MiB  51.97 MiB/s
C:\Users\Kevin\AppData\Local\Temp\cinehome-hls-new-batman-series-s01e08\seg_0050.ts: 97.76 MiB / 97.76 MiB  51.97 MiB/s
C:\Users\Kevin\AppData\Local\Temp\cinehome-hls-new-batman-series-s01e08\seg_0051.ts: 99.51 MiB / 99.51 MiB  51.89 MiB/s
C:\Users\Kevin\AppData\Local\Temp\cinehome-hls-new-batman-series-s01e08\seg_0051.ts: 100.68 MiB / 100.68 MiB  52.35 MiB/s
C:\Users\Kevin\AppData\Local\Temp\cinehome-hls-new-batman-series-s01e08\seg_0053.ts: 101.09 MiB / 101.09 MiB  52.49 MiB/s
C:\Users\Kevin\AppData\Local\Temp\cinehome-hls-new-batman-series-s01e08\seg_0054.ts: 102.33 MiB / 102.33 MiB  53.07 MiB/s
C:\Users\Kevin\AppData\Local\Temp\cinehome-hls-new-batman-series-s01e08\seg_0055.ts: 104.38 MiB / 104.38 MiB  53.94 MiB/s
C:\Users\Kevin\AppData\Local\Temp\cinehome-hls-new-batman-series-s01e08\seg_0056.ts: 105.25 MiB / 105.25 MiB  53.32 MiB/s
C:\Users\Kevin\AppData\Local\Temp\cinehome-hls-new-batman-series-s01e08\seg_0057.ts: 108.55 MiB / 108.55 MiB  54.16 MiB/s
C:\Users\Kevin\AppData\Local\Temp\cinehome-hls-new-batman-series-s01e08\seg_0058.ts: 112.61 MiB / 112.61 MiB  56.17 MiB/s
C:\Users\Kevin\AppData\Local\Temp\cinehome-hls-new-batman-series-s01e08\seg_0058.ts: 112.61 MiB / 112.61 MiB  56.13 MiB/s
C:\Users\Kevin\AppData\Local\Temp\cinehome-hls-new-batman-series-s01e08\seg_0058.ts: 112.61 MiB / 112.61 MiB  56.13 MiB/s
C:\Users\Kevin\AppData\Local\Temp\cinehome-hls-new-batman-series-s01e08\seg_0059.ts: 115.98 MiB / 115.98 MiB  57.56 MiB/s
C:\Users\Kevin\AppData\Local\Temp\cinehome-hls-new-batman-series-s01e08\seg_0060.ts: 118.91 MiB / 118.91 MiB  58.65 MiB/s
C:\Users\Kevin\AppData\Local\Temp\cinehome-hls-new-batman-series-s01e08\seg_0061.ts: 119.57 MiB / 119.57 MiB  58.97 MiB/s
C:\Users\Kevin\AppData\Local\Temp\cinehome-hls-new-batman-series-s01e08\seg_0061.ts: 120.69 MiB / 120.69 MiB  59.50 MiB/s
C:\Users\Kevin\AppData\Local\Temp\cinehome-hls-new-batman-series-s01e08\seg_0063.ts: 122.95 MiB / 122.95 MiB  59.75 MiB/s
C:\Users\Kevin\AppData\Local\Temp\cinehome-hls-new-batman-series-s01e08\seg_0064.ts: 123.90 MiB / 123.90 MiB  60.20 MiB/s
C:\Users\Kevin\AppData\Local\Temp\cinehome-hls-new-batman-series-s01e08\seg_0064.ts: 125.42 MiB / 125.42 MiB  60.92 MiB/s
C:\Users\Kevin\AppData\Local\Temp\cinehome-hls-new-batman-series-s01e08\seg_0066.ts: 126.79 MiB / 126.79 MiB  61.44 MiB/s
C:\Users\Kevin\AppData\Local\Temp\cinehome-hls-new-batman-series-s01e08\seg_0067.ts: 127.42 MiB / 127.42 MiB  61.69 MiB/s
C:\Users\Kevin\AppData\Local\Temp\cinehome-hls-new-batman-series-s01e08\seg_0068.ts: 128.04 MiB / 128.04 MiB  61.98 MiB/s
C:\Users\Kevin\AppData\Local\Temp\cinehome-hls-new-batman-series-s01e08\seg_0069.ts: 129.36 MiB / 129.36 MiB  62.59 MiB/s
C:\Users\Kevin\AppData\Local\Temp\cinehome-hls-new-batman-series-s01e08\seg_0070.ts: 131.80 MiB / 131.80 MiB  63.09 MiB/s
C:\Users\Kevin\AppData\Local\Temp\cinehome-hls-new-batman-series-s01e08\seg_0070.ts: 131.80 MiB / 131.80 MiB  61.81 MiB/s
C:\Users\Kevin\AppData\Local\Temp\cinehome-hls-new-batman-series-s01e08\seg_0070.ts: 131.80 MiB / 131.80 MiB  61.81 MiB/s
C:\Users\Kevin\AppData\Local\Temp\cinehome-hls-new-batman-series-s01e08\seg_0070.ts: 131.80 MiB / 131.80 MiB  58.37 MiB/s
C:\Users\Kevin\AppData\Local\Temp\cinehome-hls-new-batman-series-s01e08\seg_0070.ts: 131.80 MiB / 131.80 MiB  58.37 MiB/s
C:\Users\Kevin\AppData\Local\Temp\cinehome-hls-new-batman-series-s01e08\seg_0071.ts: 132.15 MiB / 132.15 MiB  57.98 MiB/s
C:\Users\Kevin\AppData\Local\Temp\cinehome-hls-new-batman-series-s01e08\seg_0072.ts: 134.59 MiB / 134.59 MiB  58.21 MiB/s
C:\Users\Kevin\AppData\Local\Temp\cinehome-hls-new-batman-series-s01e08\seg_0073.ts: 136.26 MiB / 136.26 MiB  58.36 MiB/s
C:\Users\Kevin\AppData\Local\Temp\cinehome-hls-new-batman-series-s01e08\seg_0074.ts: 137.15 MiB / 137.15 MiB  58.72 MiB/s
C:\Users\Kevin\AppData\Local\Temp\cinehome-hls-new-batman-series-s01e08\seg_0075.ts: 138.56 MiB / 138.56 MiB  59.24 MiB/s
C:\Users\Kevin\AppData\Local\Temp\cinehome-hls-new-batman-series-s01e08\seg_0076.ts: 139.98 MiB / 139.98 MiB  59.82 MiB/s
C:\Users\Kevin\AppData\Local\Temp\cinehome-hls-new-batman-series-s01e08\seg_0077.ts: 141.86 MiB / 141.86 MiB  60.55 MiB/s
C:\Users\Kevin\AppData\Local\Temp\cinehome-hls-new-batman-series-s01e08\seg_0078.ts: 143.18 MiB / 143.18 MiB  61.00 MiB/s
C:\Users\Kevin\AppData\Local\Temp\cinehome-hls-new-batman-series-s01e08\seg_0079.ts: 143.18 MiB / 144.39 MiB  60.98 MiB/s
C:\Users\Kevin\AppData\Local\Temp\cinehome-hls-new-batman-series-s01e08\seg_0080.ts: 144.47 MiB / 144.47 MiB  61.51 MiB/s
C:\Users\Kevin\AppData\Local\Temp\cinehome-hls-new-batman-series-s01e08\seg_0081.ts: 145.76 MiB / 145.76 MiB  62.03 MiB/s
C:\Users\Kevin\AppData\Local\Temp\cinehome-hls-new-batman-series-s01e08\seg_0081.ts: 147.13 MiB / 147.13 MiB  62.60 MiB/s
C:\Users\Kevin\AppData\Local\Temp\cinehome-hls-new-batman-series-s01e08\seg_0083.ts: 147.97 MiB / 147.97 MiB  62.88 MiB/s
C:\Users\Kevin\AppData\Local\Temp\cinehome-hls-new-batman-series-s01e08\seg_0084.ts: 151.00 MiB / 151.00 MiB  64.15 MiB/s
C:\Users\Kevin\AppData\Local\Temp\cinehome-hls-new-batman-series-s01e08\seg_0084.ts: 151.00 MiB / 151.00 MiB  63.35 MiB/s
C:\Users\Kevin\AppData\Local\Temp\cinehome-hls-new-batman-series-s01e08\seg_0084.ts: 151.00 MiB / 151.00 MiB  63.34 MiB/s
C:\Users\Kevin\AppData\Local\Temp\cinehome-hls-new-batman-series-s01e08\seg_0085.ts: 151.52 MiB / 151.52 MiB  62.28 MiB/s
C:\Users\Kevin\AppData\Local\Temp\cinehome-hls-new-batman-series-s01e08\seg_0086.ts: 152.98 MiB / 152.98 MiB  62.72 MiB/s
C:\Users\Kevin\AppData\Local\Temp\cinehome-hls-new-batman-series-s01e08\seg_0087.ts: 154.56 MiB / 154.56 MiB  63.34 MiB/s
C:\Users\Kevin\AppData\Local\Temp\cinehome-hls-new-batman-series-s01e08\seg_0087.ts: 154.56 MiB / 154.56 MiB  61.59 MiB/s
C:\Users\Kevin\AppData\Local\Temp\cinehome-hls-new-batman-series-s01e08\seg_0087.ts: 154.56 MiB / 154.56 MiB  61.59 MiB/s
C:\Users\Kevin\AppData\Local\Temp\cinehome-hls-new-batman-series-s01e08\seg_0088.ts: 155.14 MiB / 155.14 MiB  60.38 MiB/s
C:\Users\Kevin\AppData\Local\Temp\cinehome-hls-new-batman-series-s01e08\seg_0088.ts: 155.14 MiB / 155.14 MiB  58.87 MiB/s
C:\Users\Kevin\AppData\Local\Temp\cinehome-hls-new-batman-series-s01e08\seg_0088.ts: 155.14 MiB / 155.14 MiB  58.87 MiB/s
C:\Users\Kevin\AppData\Local\Temp\cinehome-hls-new-batman-series-s01e08\seg_0089.ts: 156.42 MiB / 156.42 MiB  59.33 MiB/s
C:\Users\Kevin\AppData\Local\Temp\cinehome-hls-new-batman-series-s01e08\seg_0090.ts: 157.20 MiB / 157.20 MiB  59.58 MiB/s
C:\Users\Kevin\AppData\Local\Temp\cinehome-hls-new-batman-series-s01e08\seg_0091.ts: 158.08 MiB / 158.08 MiB  59.91 MiB/s
C:\Users\Kevin\AppData\Local\Temp\cinehome-hls-new-batman-series-s01e08\seg_0092.ts: 159.90 MiB / 159.90 MiB  60.58 MiB/s
C:\Users\Kevin\AppData\Local\Temp\cinehome-hls-new-batman-series-s01e08\seg_0092.ts: 160.51 MiB / 160.51 MiB  60.81 MiB/s
C:\Users\Kevin\AppData\Local\Temp\cinehome-hls-new-batman-series-s01e08\seg_0094.ts: 161.34 MiB / 161.34 MiB  61.08 MiB/s
C:\Users\Kevin\AppData\Local\Temp\cinehome-hls-new-batman-series-s01e08\seg_0095.ts: 163.52 MiB / 163.52 MiB  61.58 MiB/s
C:\Users\Kevin\AppData\Local\Temp\cinehome-hls-new-batman-series-s01e08\seg_0096.ts: 163.94 MiB / 163.94 MiB  61.58 MiB/s
C:\Users\Kevin\AppData\Local\Temp\cinehome-hls-new-batman-series-s01e08\seg_0097.ts: 164.85 MiB / 164.85 MiB  61.89 MiB/s
C:\Users\Kevin\AppData\Local\Temp\cinehome-hls-new-batman-series-s01e08\seg_0098.ts: 166.68 MiB / 166.68 MiB  62.47 MiB/s
C:\Users\Kevin\AppData\Local\Temp\cinehome-hls-new-batman-series-s01e08\seg_0099.ts: 168.67 MiB / 168.67 MiB  63.19 MiB/s
C:\Users\Kevin\AppData\Local\Temp\cinehome-hls-new-batman-series-s01e08\seg_0100.ts: 169.23 MiB / 169.23 MiB  63.40 MiB/s
C:\Users\Kevin\AppData\Local\Temp\cinehome-hls-new-batman-series-s01e08\seg_0101.ts: 170.44 MiB / 170.44 MiB  63.75 MiB/s
C:\Users\Kevin\AppData\Local\Temp\cinehome-hls-new-batman-series-s01e08\seg_0102.ts: 171.44 MiB / 171.44 MiB  62.95 MiB/s
C:\Users\Kevin\AppData\Local\Temp\cinehome-hls-new-batman-series-s01e08\seg_0103.ts: 172.70 MiB / 172.70 MiB  62.95 MiB/s
C:\Users\Kevin\AppData\Local\Temp\cinehome-hls-new-batman-series-s01e08\seg_0104.ts: 173.48 MiB / 173.48 MiB  63.17 MiB/s
C:\Users\Kevin\AppData\Local\Temp\cinehome-hls-new-batman-series-s01e08\seg_0105.ts: 174.07 MiB / 174.07 MiB  63.37 MiB/s
C:\Users\Kevin\AppData\Local\Temp\cinehome-hls-new-batman-series-s01e08\seg_0106.ts: 175.81 MiB / 175.81 MiB  63.90 MiB/s
C:\Users\Kevin\AppData\Local\Temp\cinehome-hls-new-batman-series-s01e08\seg_0106.ts: 176.90 MiB / 176.90 MiB  64.30 MiB/s
C:\Users\Kevin\AppData\Local\Temp\cinehome-hls-new-batman-series-s01e08\seg_0108.ts: 178.85 MiB / 178.85 MiB  64.89 MiB/s
C:\Users\Kevin\AppData\Local\Temp\cinehome-hls-new-batman-series-s01e08\seg_0108.ts: 178.85 MiB / 178.85 MiB  64.77 MiB/s
C:\Users\Kevin\AppData\Local\Temp\cinehome-hls-new-batman-series-s01e08\seg_0108.ts: 178.85 MiB / 178.85 MiB  64.77 MiB/s
C:\Users\Kevin\AppData\Local\Temp\cinehome-hls-new-batman-series-s01e08\seg_0108.ts: 178.85 MiB / 178.85 MiB  61.94 MiB/s
C:\Users\Kevin\AppData\Local\Temp\cinehome-hls-new-batman-series-s01e08\seg_0108.ts: 178.85 MiB / 178.85 MiB  61.94 MiB/s
C:\Users\Kevin\AppData\Local\Temp\cinehome-hls-new-batman-series-s01e08\seg_0108.ts: 180.53 MiB / 180.53 MiB  62.53 MiB/s
C:\Users\Kevin\AppData\Local\Temp\cinehome-hls-new-batman-series-s01e08\seg_0110.ts: 182.21 MiB / 182.21 MiB  63.00 MiB/s
C:\Users\Kevin\AppData\Local\Temp\cinehome-hls-new-batman-series-s01e08\seg_0111.ts: 184.24 MiB / 184.24 MiB  63.67 MiB/s
C:\Users\Kevin\AppData\Local\Temp\cinehome-hls-new-batman-series-s01e08\seg_0112.ts: 185.61 MiB / 185.61 MiB  64.14 MiB/s
C:\Users\Kevin\AppData\Local\Temp\cinehome-hls-new-batman-series-s01e08\seg_0113.ts: 187.42 MiB / 187.42 MiB  64.65 MiB/s
C:\Users\Kevin\AppData\Local\Temp\cinehome-hls-new-batman-series-s01e08\seg_0114.ts: 190.17 MiB / 190.17 MiB  65.51 MiB/s
C:\Users\Kevin\AppData\Local\Temp\cinehome-hls-new-batman-series-s01e08\seg_0114.ts: 191.39 MiB / 191.39 MiB  65.93 MiB/s
C:\Users\Kevin\AppData\Local\Temp\cinehome-hls-new-batman-series-s01e08\seg_0116.ts: 192.99 MiB / 192.99 MiB  66.42 MiB/s
C:\Users\Kevin\AppData\Local\Temp\cinehome-hls-new-batman-series-s01e08\seg_0117.ts: 194.54 MiB / 194.54 MiB  66.90 MiB/s
C:\Users\Kevin\AppData\Local\Temp\cinehome-hls-new-batman-series-s01e08\seg_0117.ts: 195.52 MiB / 195.52 MiB  67.23 MiB/s
C:\Users\Kevin\AppData\Local\Temp\cinehome-hls-new-batman-series-s01e08\seg_0119.ts: 198.40 MiB / 198.40 MiB  68.18 MiB/s
C:\Users\Kevin\AppData\Local\Temp\cinehome-hls-new-batman-series-s01e08\seg_0120.ts: 201.72 MiB / 201.72 MiB  69.15 MiB/s
C:\Users\Kevin\AppData\Local\Temp\cinehome-hls-new-batman-series-s01e08\seg_0121.ts: 204.32 MiB / 204.32 MiB  69.54 MiB/s
C:\Users\Kevin\AppData\Local\Temp\cinehome-hls-new-batman-series-s01e08\seg_0122.ts: 205.43 MiB / 205.43 MiB  68.88 MiB/s
C:\Users\Kevin\AppData\Local\Temp\cinehome-hls-new-batman-series-s01e08\seg_0123.ts: 206.57 MiB / 206.57 MiB  69.19 MiB/s
C:\Users\Kevin\AppData\Local\Temp\cinehome-hls-new-batman-series-s01e08\seg_0123.ts: 206.57 MiB / 206.57 MiB  68.56 MiB/s
C:\Users\Kevin\AppData\Local\Temp\cinehome-hls-new-batman-series-s01e08\seg_0123.ts: 206.57 MiB / 206.57 MiB  68.56 MiB/s
C:\Users\Kevin\AppData\Local\Temp\cinehome-hls-new-batman-series-s01e08\seg_0124.ts: 207.33 MiB / 207.33 MiB  68.31 MiB/s
C:\Users\Kevin\AppData\Local\Temp\cinehome-hls-new-batman-series-s01e08\seg_0124.ts: 207.33 MiB / 207.33 MiB  66.05 MiB/s
C:\Users\Kevin\AppData\Local\Temp\cinehome-hls-new-batman-series-s01e08\seg_0124.ts: 207.33 MiB / 207.33 MiB  66.05 MiB/s
C:\Users\Kevin\AppData\Local\Temp\cinehome-hls-new-batman-series-s01e08\seg_0125.ts: 208.98 MiB / 208.98 MiB  64.19 MiB/s
C:\Users\Kevin\AppData\Local\Temp\cinehome-hls-new-batman-series-s01e08\seg_0126.ts: 210.89 MiB / 210.89 MiB  64.73 MiB/s
C:\Users\Kevin\AppData\Local\Temp\cinehome-hls-new-batman-series-s01e08\seg_0127.ts: 211.88 MiB / 211.88 MiB  64.99 MiB/s
C:\Users\Kevin\AppData\Local\Temp\cinehome-hls-new-batman-series-s01e08\seg_0128.ts: 212.84 MiB / 212.84 MiB  65.25 MiB/s
C:\Users\Kevin\AppData\Local\Temp\cinehome-hls-new-batman-series-s01e08\seg_0128.ts: 212.84 MiB / 212.84 MiB  65.20 MiB/s
C:\Users\Kevin\AppData\Local\Temp\cinehome-hls-new-batman-series-s01e08\seg_0128.ts: 212.84 MiB / 212.84 MiB  65.20 MiB/s
C:\Users\Kevin\AppData\Local\Temp\cinehome-hls-new-batman-series-s01e08\seg_0129.ts: 214.82 MiB / 214.82 MiB  65.64 MiB/s
C:\Users\Kevin\AppData\Local\Temp\cinehome-hls-new-batman-series-s01e08\seg_0130.ts: 215.95 MiB / 215.95 MiB  65.75 MiB/s
C:\Users\Kevin\AppData\Local\Temp\cinehome-hls-new-batman-series-s01e08\seg_0131.ts: 217.37 MiB / 217.37 MiB  66.00 MiB/s
C:\Users\Kevin\AppData\Local\Temp\cinehome-hls-new-batman-series-s01e08\seg_0132.ts: 218.88 MiB / 218.88 MiB  66.45 MiB/s
C:\Users\Kevin\AppData\Local\Temp\cinehome-hls-new-batman-series-s01e08\seg_0132.ts: 219.76 MiB / 219.76 MiB  66.72 MiB/s
C:\Users\Kevin\AppData\Local\Temp\cinehome-hls-new-batman-series-s01e08\seg_0133.ts: 220.47 MiB / 220.47 MiB  66.92 MiB/s
C:\Users\Kevin\AppData\Local\Temp\cinehome-hls-new-batman-series-s01e08\seg_0135.ts: 221.52 MiB / 221.52 MiB  67.09 MiB/s
C:\Users\Kevin\AppData\Local\Temp\cinehome-hls-new-batman-series-s01e08\seg_0135.ts: 223.70 MiB / 223.70 MiB  67.72 MiB/s
C:\Users\Kevin\AppData\Local\Temp\cinehome-hls-new-batman-series-s01e08\seg_0137.ts: 224.72 MiB / 224.72 MiB  67.16 MiB/s
C:\Users\Kevin\AppData\Local\Temp\cinehome-hls-new-batman-series-s01e08\seg_0138.ts: 226.00 MiB / 226.00 MiB  67.41 MiB/s
C:\Users\Kevin\AppData\Local\Temp\cinehome-hls-new-batman-series-s01e08\seg_0139.ts: 227.12 MiB / 227.12 MiB  67.69 MiB/s
C:\Users\Kevin\AppData\Local\Temp\cinehome-hls-new-batman-series-s01e08\seg_0140.ts: 229.79 MiB / 229.79 MiB  68.44 MiB/s
C:\Users\Kevin\AppData\Local\Temp\cinehome-hls-new-batman-series-s01e08\seg_0141.ts: 230.70 MiB / 230.70 MiB  68.65 MiB/s
C:\Users\Kevin\AppData\Local\Temp\cinehome-hls-new-batman-series-s01e08\seg_0141.ts: 230.70 MiB / 230.70 MiB  68.05 MiB/s
C:\Users\Kevin\AppData\Local\Temp\cinehome-hls-new-batman-series-s01e08\seg_0141.ts: 230.70 MiB / 230.70 MiB  68.05 MiB/s
C:\Users\Kevin\AppData\Local\Temp\cinehome-hls-new-batman-series-s01e08\seg_0142.ts: 231.59 MiB / 231.59 MiB  66.21 MiB/s
C:\Users\Kevin\AppData\Local\Temp\cinehome-hls-new-batman-series-s01e08\seg_0143.ts: 232.91 MiB / 232.91 MiB  66.28 MiB/s
C:\Users\Kevin\AppData\Local\Temp\cinehome-hls-new-batman-series-s01e08\seg_0143.ts: 232.91 MiB / 232.91 MiB  66.26 MiB/s
C:\Users\Kevin\AppData\Local\Temp\cinehome-hls-new-batman-series-s01e08\seg_0143.ts: 232.91 MiB / 232.91 MiB  66.26 MiB/s
C:\Users\Kevin\AppData\Local\Temp\cinehome-hls-new-batman-series-s01e08\seg_0144.ts: 233.81 MiB / 233.81 MiB  66.37 MiB/s
C:\Users\Kevin\AppData\Local\Temp\cinehome-hls-new-batman-series-s01e08\seg_0145.ts: 234.76 MiB / 234.76 MiB  66.45 MiB/s
C:\Users\Kevin\AppData\Local\Temp\cinehome-hls-new-batman-series-s01e08\seg_0145.ts: 237.13 MiB / 237.13 MiB  67.11 MiB/s
C:\Users\Kevin\AppData\Local\Temp\cinehome-hls-new-batman-series-s01e08\seg_0147.ts: 237.88 MiB / 237.88 MiB  67.29 MiB/s
C:\Users\Kevin\AppData\Local\Temp\cinehome-hls-new-batman-series-s01e08\seg_0148.ts: 238.80 MiB / 238.80 MiB  67.02 MiB/s
C:\Users\Kevin\AppData\Local\Temp\cinehome-hls-new-batman-series-s01e08\seg_0149.ts: 240.37 MiB / 240.37 MiB  66.87 MiB/s
C:\Users\Kevin\AppData\Local\Temp\cinehome-hls-new-batman-series-s01e08\seg_0150.ts: 241.33 MiB / 241.33 MiB  66.98 MiB/s
C:\Users\Kevin\AppData\Local\Temp\cinehome-hls-new-batman-series-s01e08\seg_0151.ts: 241.96 MiB / 241.96 MiB  67.06 MiB/s
C:\Users\Kevin\AppData\Local\Temp\cinehome-hls-new-batman-series-s01e08\seg_0152.ts: 243.18 MiB / 243.18 MiB  67.38 MiB/s
C:\Users\Kevin\AppData\Local\Temp\cinehome-hls-new-batman-series-s01e08\seg_0153.ts: 244.78 MiB / 244.78 MiB  67.81 MiB/s
C:\Users\Kevin\AppData\Local\Temp\cinehome-hls-new-batman-series-s01e08\seg_0154.ts: 245.19 MiB / 245.19 MiB  67.46 MiB/s
C:\Users\Kevin\AppData\Local\Temp\cinehome-hls-new-batman-series-s01e08\seg_0154.ts: 245.19 MiB / 245.19 MiB  67.35 MiB/s
C:\Users\Kevin\AppData\Local\Temp\cinehome-hls-new-batman-series-s01e08\seg_0154.ts: 245.19 MiB / 245.19 MiB  67.35 MiB/s
C:\Users\Kevin\AppData\Local\Temp\cinehome-hls-new-batman-series-s01e08\seg_0155.ts: 245.97 MiB / 245.97 MiB  67.53 MiB/s
C:\Users\Kevin\AppData\Local\Temp\cinehome-hls-new-batman-series-s01e08\seg_0156.ts: 246.91 MiB / 246.91 MiB  67.68 MiB/s
C:\Users\Kevin\AppData\Local\Temp\cinehome-hls-new-batman-series-s01e08\seg_0157.ts: 248.66 MiB / 248.66 MiB  67.78 MiB/s
C:\Users\Kevin\AppData\Local\Temp\cinehome-hls-new-batman-series-s01e08\seg_0158.ts: 249.85 MiB / 249.85 MiB  68.05 MiB/s
C:\Users\Kevin\AppData\Local\Temp\cinehome-hls-new-batman-series-s01e08\seg_0159.ts: 251.57 MiB / 251.57 MiB  68.40 MiB/s
C:\Users\Kevin\AppData\Local\Temp\cinehome-hls-new-batman-series-s01e08\seg_0160.ts: 252.53 MiB / 252.53 MiB  68.48 MiB/s
C:\Users\Kevin\AppData\Local\Temp\cinehome-hls-new-batman-series-s01e08\seg_0161.ts: 253.92 MiB / 253.92 MiB  68.25 MiB/s
C:\Users\Kevin\AppData\Local\Temp\cinehome-hls-new-batman-series-s01e08\seg_0162.ts: 255.66 MiB / 255.66 MiB  68.43 MiB/s
C:\Users\Kevin\AppData\Local\Temp\cinehome-hls-new-batman-series-s01e08\seg_0163.ts: 257.98 MiB / 257.98 MiB  69.03 MiB/s
C:\Users\Kevin\AppData\Local\Temp\cinehome-hls-new-batman-series-s01e08\seg_0163.ts: 258.37 MiB / 258.37 MiB  69.13 MiB/s
C:\Users\Kevin\AppData\Local\Temp\cinehome-hls-new-batman-series-s01e08\seg_0164.ts: 259.52 MiB / 259.52 MiB  69.20 MiB/s
C:\Users\Kevin\AppData\Local\Temp\cinehome-hls-new-batman-series-s01e08\seg_0165.ts: 259.52 MiB / 259.52 MiB  68.91 MiB/s
C:\Users\Kevin\AppData\Local\Temp\cinehome-hls-new-batman-series-s01e08\seg_0165.ts: 259.52 MiB / 259.52 MiB  68.90 MiB/s
C:\Users\Kevin\AppData\Local\Temp\cinehome-hls-new-batman-series-s01e08\seg_0166.ts: 260.16 MiB / 260.16 MiB  68.90 MiB/s
C:\Users\Kevin\AppData\Local\Temp\cinehome-hls-new-batman-series-s01e08\seg_0167.ts: 260.77 MiB / 260.77 MiB  68.81 MiB/s
C:\Users\Kevin\AppData\Local\Temp\cinehome-hls-new-batman-series-s01e08\seg_0168.ts: 262.62 MiB / 262.62 MiB  68.67 MiB/s
C:\Users\Kevin\AppData\Local\Temp\cinehome-hls-new-batman-series-s01e08\seg_0169.ts: 262.89 MiB / 262.89 MiB  68.66 MiB/s
C:\Users\Kevin\AppData\Local\Temp\cinehome-hls-new-batman-series-s01e08\seg_0170.ts: 263.56 MiB / 263.56 MiB  68.61 MiB/s
C:\Users\Kevin\AppData\Local\Temp\cinehome-hls-new-batman-series-s01e08\seg_0170.ts: 265.19 MiB / 265.19 MiB  69.03 MiB/s
C:\Users\Kevin\AppData\Local\Temp\cinehome-hls-new-batman-series-s01e08\seg_0172.ts: 266.52 MiB / 266.52 MiB  68.89 MiB/s
C:\Users\Kevin\AppData\Local\Temp\cinehome-hls-new-batman-series-s01e08\seg_0173.ts: 267.41 MiB / 267.41 MiB  69.10 MiB/s
C:\Users\Kevin\AppData\Local\Temp\cinehome-hls-new-batman-series-s01e08\seg_0174.ts: 268.48 MiB / 268.48 MiB  69.09 MiB/s
C:\Users\Kevin\AppData\Local\Temp\cinehome-hls-new-batman-series-s01e08\seg_0174.ts: 268.48 MiB / 268.48 MiB  68.98 MiB/s
C:\Users\Kevin\AppData\Local\Temp\cinehome-hls-new-batman-series-s01e08\seg_0174.ts: 268.48 MiB / 268.48 MiB  68.98 MiB/s
C:\Users\Kevin\AppData\Local\Temp\cinehome-hls-new-batman-series-s01e08\seg_0175.ts: 269.72 MiB / 269.72 MiB  69.29 MiB/s
C:\Users\Kevin\AppData\Local\Temp\cinehome-hls-new-batman-series-s01e08\seg_0176.ts: 271.19 MiB / 271.19 MiB  69.27 MiB/s
C:\Users\Kevin\AppData\Local\Temp\cinehome-hls-new-batman-series-s01e08\seg_0177.ts: 272.67 MiB / 272.67 MiB  69.39 MiB/s
C:\Users\Kevin\AppData\Local\Temp\cinehome-hls-new-batman-series-s01e08\seg_0178.ts: 274.23 MiB / 274.23 MiB  69.58 MiB/s
C:\Users\Kevin\AppData\Local\Temp\cinehome-hls-new-batman-series-s01e08\seg_0179.ts: 275.35 MiB / 275.35 MiB  69.62 MiB/s
C:\Users\Kevin\AppData\Local\Temp\cinehome-hls-new-batman-series-s01e08\seg_0180.ts: 275.85 MiB / 275.85 MiB  69.61 MiB/s
C:\Users\Kevin\AppData\Local\Temp\cinehome-hls-new-batman-series-s01e08\seg_0181.ts: 278.47 MiB / 278.47 MiB  70.17 MiB/s
C:\Users\Kevin\AppData\Local\Temp\cinehome-hls-new-batman-series-s01e08\seg_0181.ts: 278.91 MiB / 278.91 MiB  70.28 MiB/s
C:\Users\Kevin\AppData\Local\Temp\cinehome-hls-new-batman-series-s01e08\seg_0183.ts: 280.99 MiB / 280.99 MiB  70.24 MiB/s
C:\Users\Kevin\AppData\Local\Temp\cinehome-hls-new-batman-series-s01e08\seg_0184.ts: 282.83 MiB / 282.83 MiB  70.70 MiB/s
C:\Users\Kevin\AppData\Local\Temp\cinehome-hls-new-batman-series-s01e08\seg_0184.ts: 285.83 MiB / 285.83 MiB  71.44 MiB/s
C:\Users\Kevin\AppData\Local\Temp\cinehome-hls-new-batman-series-s01e08\seg_0185.ts: 286.14 MiB / 286.14 MiB  71.51 MiB/s
C:\Users\Kevin\AppData\Local\Temp\cinehome-hls-new-batman-series-s01e08\seg_0185.ts: 286.45 MiB / 286.45 MiB  71.57 MiB/s
C:\Users\Kevin\AppData\Local\Temp\cinehome-hls-new-batman-series-s01e08\seg_0185.ts: 289.17 MiB / 289.17 MiB  72.25 MiB/s
C:\Users\Kevin\AppData\Local\Temp\cinehome-hls-new-batman-series-s01e08\seg_0185.ts: 291.39 MiB / 291.39 MiB  72.80 MiB/s
C:\Users\Kevin\AppData\Local\Temp\cinehome-hls-new-batman-series-s01e08\seg_0185.ts: 293.85 MiB / 293.85 MiB  73.41 MiB/s
C:\Users\Kevin\AppData\Local\Temp\cinehome-hls-new-batman-series-s01e08\seg_0185.ts: 294.37 MiB / 294.37 MiB  73.54 MiB/s
C:\Users\Kevin\AppData\Local\Temp\cinehome-hls-new-batman-series-s01e08\seg_0188.ts: 296.35 MiB / 296.35 MiB  74.03 MiB/s
C:\Users\Kevin\AppData\Local\Temp\cinehome-hls-new-batman-series-s01e08\seg_0193.ts: 297.26 MiB / 297.26 MiB  74.25 MiB/s
C:\Users\Kevin\AppData\Local\Temp\cinehome-hls-new-batman-series-s01e08\seg_0192.ts: 298.52 MiB / 298.52 MiB  74.56 MiB/s
C:\Users\Kevin\AppData\Local\Temp\cinehome-hls-new-batman-series-s01e08\seg_0195.ts: 300.07 MiB / 300.07 MiB  74.92 MiB/s
C:\Users\Kevin\AppData\Local\Temp\cinehome-hls-new-batman-series-s01e08\seg_0195.ts: 300.07 MiB / 300.07 MiB  74.69 MiB/s
C:\Users\Kevin\AppData\Local\Temp\cinehome-hls-new-batman-series-s01e08\seg_0195.ts: 300.07 MiB / 300.07 MiB  74.69 MiB/s
C:\Users\Kevin\AppData\Local\Temp\cinehome-hls-new-batman-series-s01e08\seg_0196.ts: 302.06 MiB / 302.06 MiB  74.91 MiB/s
C:\Users\Kevin\AppData\Local\Temp\cinehome-hls-new-batman-series-s01e08\seg_0197.ts: 304.49 MiB / 304.49 MiB  74.89 MiB/s
C:\Users\Kevin\AppData\Local\Temp\cinehome-hls-new-batman-series-s01e08\seg_0198.ts: 306.85 MiB / 306.85 MiB  75.36 MiB/s
C:\Users\Kevin\AppData\Local\Temp\cinehome-hls-new-batman-series-s01e08\seg_0199.ts: 307.97 MiB / 307.97 MiB  75.12 MiB/s
C:\Users\Kevin\AppData\Local\Temp\cinehome-hls-new-batman-series-s01e08\seg_0200.ts: 309.35 MiB / 309.35 MiB  75.31 MiB/s
C:\Users\Kevin\AppData\Local\Temp\cinehome-hls-new-batman-series-s01e08\seg_0201.ts: 311.85 MiB / 311.85 MiB  75.88 MiB/s
C:\Users\Kevin\AppData\Local\Temp\cinehome-hls-new-batman-series-s01e08\seg_0202.ts: 313.96 MiB / 313.96 MiB  76.21 MiB/s
C:\Users\Kevin\AppData\Local\Temp\cinehome-hls-new-batman-series-s01e08\seg_0203.ts: 317.60 MiB / 317.60 MiB  77.02 MiB/s
C:\Users\Kevin\AppData\Local\Temp\cinehome-hls-new-batman-series-s01e08\seg_0204.ts: 319.69 MiB / 319.69 MiB  77.50 MiB/s
C:\Users\Kevin\AppData\Local\Temp\cinehome-hls-new-batman-series-s01e08\seg_0205.ts: 320.88 MiB / 320.88 MiB  77.76 MiB/s
C:\Users\Kevin\AppData\Local\Temp\cinehome-hls-new-batman-series-s01e08\seg_0206.ts: 321.64 MiB / 321.64 MiB  77.89 MiB/s
C:\Users\Kevin\AppData\Local\Temp\cinehome-hls-new-batman-series-s01e08\seg_0206.ts: 323.64 MiB / 323.64 MiB  78.36 MiB/s
C:\Users\Kevin\AppData\Local\Temp\cinehome-hls-new-batman-series-s01e08\seg_0206.ts: 324.98 MiB / 324.98 MiB  78.69 MiB/s
C:\Users\Kevin\AppData\Local\Temp\cinehome-hls-new-batman-series-s01e08\seg_0209.ts: 326.13 MiB / 326.13 MiB  78.93 MiB/s
C:\Users\Kevin\AppData\Local\Temp\cinehome-hls-new-batman-series-s01e08\seg_0210.ts: 326.99 MiB / 326.99 MiB  79.13 MiB/s
C:\Users\Kevin\AppData\Local\Temp\cinehome-hls-new-batman-series-s01e08\seg_0211.ts: 327.97 MiB / 327.97 MiB  79.36 MiB/s
C:\Users\Kevin\AppData\Local\Temp\cinehome-hls-new-batman-series-s01e08\seg_0211.ts: 327.97 MiB / 327.97 MiB  79.16 MiB/s
C:\Users\Kevin\AppData\Local\Temp\cinehome-hls-new-batman-series-s01e08\seg_0211.ts: 327.97 MiB / 327.97 MiB  79.16 MiB/s
C:\Users\Kevin\AppData\Local\Temp\cinehome-hls-new-batman-series-s01e08\seg_0212.ts: 329.97 MiB / 329.97 MiB  78.89 MiB/s
C:\Users\Kevin\AppData\Local\Temp\cinehome-hls-new-batman-series-s01e08\seg_0212.ts: 331.15 MiB / 331.15 MiB  79.16 MiB/s
C:\Users\Kevin\AppData\Local\Temp\cinehome-hls-new-batman-series-s01e08\seg_0214.ts: 332.94 MiB / 332.94 MiB  78.82 MiB/s
C:\Users\Kevin\AppData\Local\Temp\cinehome-hls-new-batman-series-s01e08\seg_0215.ts: 334.31 MiB / 334.31 MiB  79.13 MiB/s
C:\Users\Kevin\AppData\Local\Temp\cinehome-hls-new-batman-series-s01e08\seg_0215.ts: 334.31 MiB / 334.31 MiB  78.32 MiB/s
C:\Users\Kevin\AppData\Local\Temp\cinehome-hls-new-batman-series-s01e08\seg_0215.ts: 334.31 MiB / 334.31 MiB  78.32 MiB/s
C:\Users\Kevin\AppData\Local\Temp\cinehome-hls-new-batman-series-s01e08\seg_0216.ts: 335.48 MiB / 335.48 MiB  78.12 MiB/s
C:\Users\Kevin\AppData\Local\Temp\cinehome-hls-new-batman-series-s01e08\seg_0217.ts: 337.43 MiB / 337.43 MiB  78.55 MiB/s
C:\Users\Kevin\AppData\Local\Temp\cinehome-hls-new-batman-series-s01e08\seg_0218.ts: 339.22 MiB / 339.22 MiB  77.88 MiB/s
C:\Users\Kevin\AppData\Local\Temp\cinehome-hls-new-batman-series-s01e08\seg_0218.ts: 339.22 MiB / 339.22 MiB  77.20 MiB/s
C:\Users\Kevin\AppData\Local\Temp\cinehome-hls-new-batman-series-s01e08\seg_0218.ts: 339.22 MiB / 339.22 MiB  77.20 MiB/s
C:\Users\Kevin\AppData\Local\Temp\cinehome-hls-new-batman-series-s01e08\seg_0219.ts: 340.29 MiB / 340.29 MiB  76.29 MiB/s
C:\Users\Kevin\AppData\Local\Temp\cinehome-hls-new-batman-series-s01e08\seg_0220.ts: 342.04 MiB / 342.04 MiB  76.63 MiB/s
C:\Users\Kevin\AppData\Local\Temp\cinehome-hls-new-batman-series-s01e08\seg_0221.ts: 343.13 MiB / 343.13 MiB  76.57 MiB/s
C:\Users\Kevin\AppData\Local\Temp\cinehome-hls-new-batman-series-s01e08\seg_0222.ts: 344.11 MiB / 344.11 MiB  76.66 MiB/s
C:\Users\Kevin\AppData\Local\Temp\cinehome-hls-new-batman-series-s01e08\seg_0222.ts: 344.11 MiB / 344.11 MiB  76.15 MiB/s
C:\Users\Kevin\AppData\Local\Temp\cinehome-hls-new-batman-series-s01e08\seg_0222.ts: 344.11 MiB / 344.11 MiB  76.15 MiB/s
C:\Users\Kevin\AppData\Local\Temp\cinehome-hls-new-batman-series-s01e08\seg_0222.ts: 344.11 MiB / 344.11 MiB  74.08 MiB/s
C:\Users\Kevin\AppData\Local\Temp\cinehome-hls-new-batman-series-s01e08\seg_0222.ts: 344.11 MiB / 344.11 MiB  74.08 MiB/s
C:\Users\Kevin\AppData\Local\Temp\cinehome-hls-new-batman-series-s01e08\seg_0223.ts: 345.09 MiB / 345.09 MiB  72.75 MiB/s
C:\Users\Kevin\AppData\Local\Temp\cinehome-hls-new-batman-series-s01e08\seg_0224.ts: 347.28 MiB / 347.28 MiB  73.09 MiB/s
C:\Users\Kevin\AppData\Local\Temp\cinehome-hls-new-batman-series-s01e08\seg_0225.ts: 348.25 MiB / 348.25 MiB  73.26 MiB/s
C:\Users\Kevin\AppData\Local\Temp\cinehome-hls-new-batman-series-s01e08\seg_0225.ts: 348.25 MiB / 348.25 MiB  72.99 MiB/s
C:\Users\Kevin\AppData\Local\Temp\cinehome-hls-new-batman-series-s01e08\seg_0225.ts: 348.25 MiB / 348.25 MiB  72.99 MiB/s
C:\Users\Kevin\AppData\Local\Temp\cinehome-hls-new-batman-series-s01e08\seg_0226.ts: 348.75 MiB / 348.75 MiB  73.02 MiB/s
C:\Users\Kevin\AppData\Local\Temp\cinehome-hls-new-batman-series-s01e08\seg_0227.ts: 349.33 MiB / 349.33 MiB  72.89 MiB/s
C:\Users\Kevin\AppData\Local\Temp\cinehome-hls-new-batman-series-s01e08\seg_0228.ts: 349.97 MiB / 349.97 MiB  72.91 MiB/s
C:\Users\Kevin\AppData\Local\Temp\cinehome-hls-new-batman-series-s01e08\seg_0229.ts: 351.85 MiB / 351.85 MiB  72.61 MiB/s
C:\Users\Kevin\AppData\Local\Temp\cinehome-hls-new-batman-series-s01e08\seg_0230.ts: 352.44 MiB / 352.44 MiB  72.17 MiB/s
C:\Users\Kevin\AppData\Local\Temp\cinehome-hls-new-batman-series-s01e08\seg_0231.ts: 353.49 MiB / 353.49 MiB  72.36 MiB/s
C:\Users\Kevin\AppData\Local\Temp\cinehome-hls-new-batman-series-s01e08\seg_0232.ts: 354.54 MiB / 354.54 MiB  72.48 MiB/s
C:\Users\Kevin\AppData\Local\Temp\cinehome-hls-new-batman-series-s01e08\seg_0233.ts: 355.38 MiB / 355.38 MiB  72.64 MiB/s
C:\Users\Kevin\AppData\Local\Temp\cinehome-hls-new-batman-series-s01e08\seg_0234.ts: 357.19 MiB / 357.19 MiB  73.00 MiB/s
C:\Users\Kevin\AppData\Local\Temp\cinehome-hls-new-batman-series-s01e08\seg_0234.ts: 358.50 MiB / 358.50 MiB  73.26 MiB/s
C:\Users\Kevin\AppData\Local\Temp\cinehome-hls-new-batman-series-s01e08\seg_0235.ts: 358.50 MiB / 358.50 MiB  73.22 MiB/s
C:\Users\Kevin\AppData\Local\Temp\cinehome-hls-new-batman-series-s01e08\seg_0235.ts: 358.50 MiB / 358.50 MiB  73.22 MiB/s
C:\Users\Kevin\AppData\Local\Temp\cinehome-hls-new-batman-series-s01e08\seg_0236.ts: 361.51 MiB / 361.51 MiB  73.83 MiB/s
C:\Users\Kevin\AppData\Local\Temp\cinehome-hls-new-batman-series-s01e08\seg_0237.ts: 362.31 MiB / 362.31 MiB  73.99 MiB/s
C:\Users\Kevin\AppData\Local\Temp\cinehome-hls-new-batman-series-s01e08\seg_0238.ts: 363.36 MiB / 363.36 MiB  74.18 MiB/s
C:\Users\Kevin\AppData\Local\Temp\cinehome-hls-new-batman-series-s01e08\seg_0239.ts: 365.27 MiB / 365.27 MiB  74.56 MiB/s
C:\Users\Kevin\AppData\Local\Temp\cinehome-hls-new-batman-series-s01e08\seg_0240.ts: 366.42 MiB / 366.42 MiB  74.73 MiB/s
C:\Users\Kevin\AppData\Local\Temp\cinehome-hls-new-batman-series-s01e08\seg_0241.ts: 366.80 MiB / 366.80 MiB  74.78 MiB/s
C:\Users\Kevin\AppData\Local\Temp\cinehome-hls-new-batman-series-s01e08\seg_0242.ts: 369.86 MiB / 369.86 MiB  75.30 MiB/s
C:\Users\Kevin\AppData\Local\Temp\cinehome-hls-new-batman-series-s01e08\seg_0243.ts: 370.95 MiB / 370.95 MiB  75.51 MiB/s
C:\Users\Kevin\AppData\Local\Temp\cinehome-hls-new-batman-series-s01e08\seg_0244.ts: 372.08 MiB / 372.08 MiB  75.68 MiB/s
C:\Users\Kevin\AppData\Local\Temp\cinehome-hls-new-batman-series-s01e08\seg_0245.ts: 373.37 MiB / 373.37 MiB  75.94 MiB/s
C:\Users\Kevin\AppData\Local\Temp\cinehome-hls-new-batman-series-s01e08\seg_0246.ts: 373.72 MiB / 373.72 MiB  76.01 MiB/s
C:\Users\Kevin\AppData\Local\Temp\cinehome-hls-new-batman-series-s01e08\seg_0247.ts: 374.55 MiB / 374.55 MiB  76.17 MiB/s
C:\Users\Kevin\AppData\Local\Temp\cinehome-hls-new-batman-series-s01e08\seg_0247.ts: 375.09 MiB / 375.09 MiB  76.27 MiB/s
C:\Users\Kevin\AppData\Local\Temp\cinehome-hls-new-batman-series-s01e08\seg_0247.ts: 376.57 MiB / 376.57 MiB  76.57 MiB/s
C:\Users\Kevin\AppData\Local\Temp\cinehome-hls-new-batman-series-s01e08\seg_0250.ts: 376.64 MiB / 376.64 MiB  76.58 MiB/s
C:\Users\Kevin\AppData\Local\Temp\cinehome-hls-new-batman-series-s01e08\seg_0251.ts: 376.86 MiB / 376.86 MiB  76.61 MiB/s
C:\Users\Kevin\AppData\Local\Temp\cinehome-hls-new-batman-series-s01e08\seg_0251.ts: 376.99 MiB / 376.99 MiB  76.63 MiB/s
C:\Users\Kevin\AppData\Local\Temp\cinehome-hls-new-batman-series-s01e08\seg_0253.ts: 377.19 MiB / 377.19 MiB  76.65 MiB/s
C:\Users\Kevin\AppData\Local\Temp\cinehome-hls-new-batman-series-s01e08\seg_0254.ts: 377.39 MiB / 377.39 MiB  76.60 MiB/s
C:\Users\Kevin\AppData\Local\Temp\cinehome-hls-new-batman-series-s01e08\seg_0254.ts: 377.65 MiB / 377.65 MiB  75.87 MiB/s
C:\Users\Kevin\AppData\Local\Temp\cinehome-hls-new-batman-series-s01e08\seg_0255.ts: 377.65 MiB / 377.65 MiB  75.20 MiB/s
C:\Users\Kevin\AppData\Local\Temp\cinehome-hls-new-batman-series-s01e08\seg_0255.ts: 377.65 MiB / 377.65 MiB  75.20 MiB/s
C:\Users\Kevin\AppData\Local\Temp\cinehome-hls-new-batman-series-s01e08\seg_0255.ts: 377.65 MiB / 377.65 MiB  73.36 MiB/s
C:\Users\Kevin\AppData\Local\Temp\cinehome-hls-new-batman-series-s01e08\seg_0255.ts: 377.65 MiB / 377.65 MiB  73.36 MiB/s
C:\Users\Kevin\AppData\Local\Temp\cinehome-hls-new-batman-series-s01e08\seg_0256.ts: 377.79 MiB / 377.79 MiB  72.30 MiB/s
C:\Users\Kevin\AppData\Local\Temp\cinehome-hls-new-batman-series-s01e08\seg_0257.ts: 378.01 MiB / 378.01 MiB  72.32 MiB/s
C:\Users\Kevin\AppData\Local\Temp\cinehome-hls-new-batman-series-s01e08\seg_0258.ts: 378.17 MiB / 378.17 MiB  72.13 MiB/s
C:\Users\Kevin\AppData\Local\Temp\cinehome-hls-new-batman-series-s01e08\seg_0259.ts: 378.45 MiB / 378.45 MiB  72.04 MiB/s
C:\Users\Kevin\AppData\Local\Temp\cinehome-hls-new-batman-series-s01e08\seg_0259.ts: 378.59 MiB / 378.59 MiB  72.07 MiB/s
C:\Users\Kevin\AppData\Local\Temp\cinehome-hls-new-batman-series-s01e08\seg_0260.ts: 378.59 MiB / 378.59 MiB  71.80 MiB/s
C:\Users\Kevin\AppData\Local\Temp\cinehome-hls-new-batman-series-s01e08\seg_0260.ts: 378.59 MiB / 378.59 MiB  71.80 MiB/s
C:\Users\Kevin\AppData\Local\Temp\cinehome-hls-new-batman-series-s01e08\seg_0261.ts: 378.75 MiB / 378.75 MiB  70.90 MiB/s
C:\Users\Kevin\AppData\Local\Temp\cinehome-hls-new-batman-series-s01e08\seg_0262.ts: 378.92 MiB / 378.92 MiB  70.81 MiB/s
C:\Users\Kevin\AppData\Local\Temp\cinehome-hls-new-batman-series-s01e08\seg_0263.ts: 379.00 MiB / 379.00 MiB  70.70 MiB/s
C:\Users\Kevin\AppData\Local\Temp\cinehome-hls-new-batman-series-s01e08\seg_0264.ts: 379.00 MiB / 379.00 MiB  70.20 MiB/s
C:\Users\Kevin\AppData\Local\Temp\cinehome-hls-new-batman-series-s01e08\seg_0264.ts: 379.00 MiB / 379.00 MiB  70.20 MiB/s
C:\Users\Kevin\AppData\Local\Temp\cinehome-hls-new-batman-series-s01e08\seg_0264.ts: 379.00 MiB / 379.00 MiB  69.55 MiB/s 5s

 0 B / ? 
 0 B / ? 
 7.45 KiB / 7.45 KiB  281.62 KiB/s
 7.71 KiB / 7.71 KiB  291.43 KiB/s
C:\Users\Kevin\AppData\Local\Temp\cinehome-hls-new-batman-series-s01e09\master.m3u8: 7.76 KiB / 7.76 KiB  287.34 KiB/s
C:\Users\Kevin\AppData\Local\Temp\cinehome-hls-new-batman-series-s01e09\master.m3u8: 7.86 KiB / 7.86 KiB  280.31 KiB/s
C:\Users\Kevin\AppData\Local\Temp\cinehome-hls-new-batman-series-s01e09\master1.vtt: 7.94 KiB / 7.94 KiB  282.69 KiB/s
C:\Users\Kevin\AppData\Local\Temp\cinehome-hls-new-batman-series-s01e09\master1.vtt: 8.08 KiB / 8.08 KiB  282.25 KiB/s
C:\Users\Kevin\AppData\Local\Temp\cinehome-hls-new-batman-series-s01e09\master100.vtt: 8.15 KiB / 8.15 KiB  279.57 KiB/s
C:\Users\Kevin\AppData\Local\Temp\cinehome-hls-new-batman-series-s01e09\master101.vtt: 8.20 KiB / 8.20 KiB  281.12 KiB/s
C:\Users\Kevin\AppData\Local\Temp\cinehome-hls-new-batman-series-s01e09\master102.vtt: 8.39 KiB / 8.39 KiB  282.64 KiB/s
C:\Users\Kevin\AppData\Local\Temp\cinehome-hls-new-batman-series-s01e09\master102.vtt: 8.43 KiB / 8.43 KiB  283.89 KiB/s
C:\Users\Kevin\AppData\Local\Temp\cinehome-hls-new-batman-series-s01e09\master104.vtt: 8.44 KiB / 8.44 KiB  279.21 KiB/s
C:\Users\Kevin\AppData\Local\Temp\cinehome-hls-new-batman-series-s01e09\master105.vtt: 8.50 KiB / 8.50 KiB  275.54 KiB/s
C:\Users\Kevin\AppData\Local\Temp\cinehome-hls-new-batman-series-s01e09\master106.vtt: 8.66 KiB / 8.66 KiB  275.04 KiB/s
C:\Users\Kevin\AppData\Local\Temp\cinehome-hls-new-batman-series-s01e09\master108.vtt: 8.75 KiB / 8.75 KiB  224.87 KiB/s
C:\Users\Kevin\AppData\Local\Temp\cinehome-hls-new-batman-series-s01e09\master109.vtt: 8.89 KiB / 8.89 KiB  164.57 KiB/s
C:\Users\Kevin\AppData\Local\Temp\cinehome-hls-new-batman-series-s01e09\master109.vtt: 9.06 KiB / 9.06 KiB  167.71 KiB/s
C:\Users\Kevin\AppData\Local\Temp\cinehome-hls-new-batman-series-s01e09\master110.vtt: 9.18 KiB / 9.18 KiB  156.12 KiB/s
C:\Users\Kevin\AppData\Local\Temp\cinehome-hls-new-batman-series-s01e09\master111.vtt: 9.32 KiB / 9.32 KiB  158.47 KiB/s
C:\Users\Kevin\AppData\Local\Temp\cinehome-hls-new-batman-series-s01e09\master112.vtt: 9.42 KiB / 9.42 KiB  132.98 KiB/s
C:\Users\Kevin\AppData\Local\Temp\cinehome-hls-new-batman-series-s01e09\master113.vtt: 9.52 KiB / 9.52 KiB  129.57 KiB/s
C:\Users\Kevin\AppData\Local\Temp\cinehome-hls-new-batman-series-s01e09\master114.vtt: 9.67 KiB / 9.67 KiB  99.12 KiB/s
C:\Users\Kevin\AppData\Local\Temp\cinehome-hls-new-batman-series-s01e09\master115.vtt: 9.79 KiB / 9.79 KiB  99.01 KiB/s
C:\Users\Kevin\AppData\Local\Temp\cinehome-hls-new-batman-series-s01e09\master116.vtt: 9.89 KiB / 9.89 KiB  99.51 KiB/s
C:\Users\Kevin\AppData\Local\Temp\cinehome-hls-new-batman-series-s01e09\master117.vtt: 10.01 KiB / 10.01 KiB  100.21 KiB/s
C:\Users\Kevin\AppData\Local\Temp\cinehome-hls-new-batman-series-s01e09\master118.vtt: 10.05 KiB / 10.05 KiB  100.08 KiB/s
C:\Users\Kevin\AppData\Local\Temp\cinehome-hls-new-batman-series-s01e09\master118.vtt: 10.35 KiB / 10.35 KiB  103.06 KiB/s
C:\Users\Kevin\AppData\Local\Temp\cinehome-hls-new-batman-series-s01e09\master12.vtt: 10.47 KiB / 10.47 KiB  100.06 KiB/s
C:\Users\Kevin\AppData\Local\Temp\cinehome-hls-new-batman-series-s01e09\master120.vtt: 10.64 KiB / 10.64 KiB  101.17 KiB/s
C:\Users\Kevin\AppData\Local\Temp\cinehome-hls-new-batman-series-s01e09\master121.vtt: 10.70 KiB / 10.70 KiB  99.77 KiB/s
C:\Users\Kevin\AppData\Local\Temp\cinehome-hls-new-batman-series-s01e09\master122.vtt: 10.96 KiB / 10.96 KiB  97.24 KiB/s
C:\Users\Kevin\AppData\Local\Temp\cinehome-hls-new-batman-series-s01e09\master123.vtt: 11.19 KiB / 11.19 KiB  97.51 KiB/s
C:\Users\Kevin\AppData\Local\Temp\cinehome-hls-new-batman-series-s01e09\master124.vtt: 11.23 KiB / 11.23 KiB  95.21 KiB/s
C:\Users\Kevin\AppData\Local\Temp\cinehome-hls-new-batman-series-s01e09\master124.vtt: 11.23 KiB / 11.23 KiB  88.26 KiB/s
C:\Users\Kevin\AppData\Local\Temp\cinehome-hls-new-batman-series-s01e09\master124.vtt: 11.23 KiB / 11.23 KiB  88.26 KiB/s
C:\Users\Kevin\AppData\Local\Temp\cinehome-hls-new-batman-series-s01e09\master125.vtt: 11.35 KiB / 11.35 KiB  87.30 KiB/s
C:\Users\Kevin\AppData\Local\Temp\cinehome-hls-new-batman-series-s01e09\master126.vtt: 11.36 KiB / 11.36 KiB  82.48 KiB/s
C:\Users\Kevin\AppData\Local\Temp\cinehome-hls-new-batman-series-s01e09\master127.vtt: 11.46 KiB / 11.46 KiB  78.58 KiB/s
C:\Users\Kevin\AppData\Local\Temp\cinehome-hls-new-batman-series-s01e09\master128.vtt: 11.90 KiB / 11.90 KiB  81.27 KiB/s
C:\Users\Kevin\AppData\Local\Temp\cinehome-hls-new-batman-series-s01e09\master128.vtt: 11.99 KiB / 11.99 KiB  78.78 KiB/s
C:\Users\Kevin\AppData\Local\Temp\cinehome-hls-new-batman-series-s01e09\master129.vtt: 12.15 KiB / 12.15 KiB  79.49 KiB/s
C:\Users\Kevin\AppData\Local\Temp\cinehome-hls-new-batman-series-s01e09\master129.vtt: 12.35 KiB / 12.35 KiB  80.80 KiB/s
C:\Users\Kevin\AppData\Local\Temp\cinehome-hls-new-batman-series-s01e09\master130.vtt: 12.45 KiB / 12.45 KiB  81.13 KiB/s
C:\Users\Kevin\AppData\Local\Temp\cinehome-hls-new-batman-series-s01e09\master130.vtt: 12.46 KiB / 12.46 KiB  80.86 KiB/s
C:\Users\Kevin\AppData\Local\Temp\cinehome-hls-new-batman-series-s01e09\master130.vtt: 12.59 KiB / 12.59 KiB  81.71 KiB/s
C:\Users\Kevin\AppData\Local\Temp\cinehome-hls-new-batman-series-s01e09\master130.vtt: 12.64 KiB / 12.64 KiB  81.81 KiB/s
C:\Users\Kevin\AppData\Local\Temp\cinehome-hls-new-batman-series-s01e09\master133.vtt: 12.75 KiB / 12.75 KiB  82.39 KiB/s
C:\Users\Kevin\AppData\Local\Temp\cinehome-hls-new-batman-series-s01e09\master133.vtt: 12.88 KiB / 12.88 KiB  82.94 KiB/s
C:\Users\Kevin\AppData\Local\Temp\cinehome-hls-new-batman-series-s01e09\master136.vtt: 13.14 KiB / 13.14 KiB  84.26 KiB/s
C:\Users\Kevin\AppData\Local\Temp\cinehome-hls-new-batman-series-s01e09\master137.vtt: 13.21 KiB / 13.21 KiB  72.30 KiB/s
C:\Users\Kevin\AppData\Local\Temp\cinehome-hls-new-batman-series-s01e09\master137.vtt: 13.39 KiB / 13.39 KiB  73.27 KiB/s
C:\Users\Kevin\AppData\Local\Temp\cinehome-hls-new-batman-series-s01e09\master14.vtt: 13.47 KiB / 13.47 KiB  72.08 KiB/s
C:\Users\Kevin\AppData\Local\Temp\cinehome-hls-new-batman-series-s01e09\master140.vtt: 13.52 KiB / 13.52 KiB  72.03 KiB/s
C:\Users\Kevin\AppData\Local\Temp\cinehome-hls-new-batman-series-s01e09\master141.vtt: 13.62 KiB / 13.62 KiB  70.30 KiB/s
C:\Users\Kevin\AppData\Local\Temp\cinehome-hls-new-batman-series-s01e09\master142.vtt: 13.63 KiB / 13.63 KiB  69.85 KiB/s
C:\Users\Kevin\AppData\Local\Temp\cinehome-hls-new-batman-series-s01e09\master143.vtt: 13.68 KiB / 13.68 KiB  69.92 KiB/s
C:\Users\Kevin\AppData\Local\Temp\cinehome-hls-new-batman-series-s01e09\master143.vtt: 13.82 KiB / 13.82 KiB  70.67 KiB/s
C:\Users\Kevin\AppData\Local\Temp\cinehome-hls-new-batman-series-s01e09\master144.vtt: 13.98 KiB / 13.98 KiB  71.25 KiB/s
C:\Users\Kevin\AppData\Local\Temp\cinehome-hls-new-batman-series-s01e09\master144.vtt: 14.25 KiB / 14.25 KiB  72.44 KiB/s
C:\Users\Kevin\AppData\Local\Temp\cinehome-hls-new-batman-series-s01e09\master147.vtt: 14.30 KiB / 14.30 KiB  71.85 KiB/s
C:\Users\Kevin\AppData\Local\Temp\cinehome-hls-new-batman-series-s01e09\master148.vtt: 14.45 KiB / 14.45 KiB  72.20 KiB/s
C:\Users\Kevin\AppData\Local\Temp\cinehome-hls-new-batman-series-s01e09\master149.vtt: 14.51 KiB / 14.51 KiB  67.34 KiB/s
C:\Users\Kevin\AppData\Local\Temp\cinehome-hls-new-batman-series-s01e09\master15.vtt: 14.61 KiB / 14.61 KiB  67.61 KiB/s
C:\Users\Kevin\AppData\Local\Temp\cinehome-hls-new-batman-series-s01e09\master150.vtt: 14.70 KiB / 14.70 KiB  67.68 KiB/s
C:\Users\Kevin\AppData\Local\Temp\cinehome-hls-new-batman-series-s01e09\master151.vtt: 14.71 KiB / 14.71 KiB  64.28 KiB/s
C:\Users\Kevin\AppData\Local\Temp\cinehome-hls-new-batman-series-s01e09\master152.vtt: 14.75 KiB / 14.75 KiB  63.62 KiB/s
C:\Users\Kevin\AppData\Local\Temp\cinehome-hls-new-batman-series-s01e09\master153.vtt: 14.84 KiB / 14.84 KiB  62.84 KiB/s
C:\Users\Kevin\AppData\Local\Temp\cinehome-hls-new-batman-series-s01e09\master154.vtt: 14.95 KiB / 14.95 KiB  62.48 KiB/s
C:\Users\Kevin\AppData\Local\Temp\cinehome-hls-new-batman-series-s01e09\master155.vtt: 15.08 KiB / 15.08 KiB  62.55 KiB/s
C:\Users\Kevin\AppData\Local\Temp\cinehome-hls-new-batman-series-s01e09\master156.vtt: 15.20 KiB / 15.20 KiB  62.72 KiB/s
C:\Users\Kevin\AppData\Local\Temp\cinehome-hls-new-batman-series-s01e09\master156.vtt: 15.41 KiB / 15.41 KiB  63.56 KiB/s
C:\Users\Kevin\AppData\Local\Temp\cinehome-hls-new-batman-series-s01e09\master156.vtt: 15.49 KiB / 15.49 KiB  63.88 KiB/s
C:\Users\Kevin\AppData\Local\Temp\cinehome-hls-new-batman-series-s01e09\master156.vtt: 15.53 KiB / 15.53 KiB  63.90 KiB/s
C:\Users\Kevin\AppData\Local\Temp\cinehome-hls-new-batman-series-s01e09\master159.vtt: 15.72 KiB / 15.72 KiB  64.72 KiB/s
C:\Users\Kevin\AppData\Local\Temp\cinehome-hls-new-batman-series-s01e09\master160.vtt: 15.91 KiB / 15.91 KiB  64.83 KiB/s
C:\Users\Kevin\AppData\Local\Temp\cinehome-hls-new-batman-series-s01e09\master160.vtt: 15.91 KiB / 15.91 KiB  62.90 KiB/s
C:\Users\Kevin\AppData\Local\Temp\cinehome-hls-new-batman-series-s01e09\master160.vtt: 15.91 KiB / 15.91 KiB  62.90 KiB/s
C:\Users\Kevin\AppData\Local\Temp\cinehome-hls-new-batman-series-s01e09\master161.vtt: 16.00 KiB / 16.00 KiB  61.31 KiB/s
C:\Users\Kevin\AppData\Local\Temp\cinehome-hls-new-batman-series-s01e09\master162.vtt: 16.09 KiB / 16.09 KiB  59.79 KiB/s
C:\Users\Kevin\AppData\Local\Temp\cinehome-hls-new-batman-series-s01e09\master162.vtt: 16.22 KiB / 16.22 KiB  60.27 KiB/s
C:\Users\Kevin\AppData\Local\Temp\cinehome-hls-new-batman-series-s01e09\master164.vtt: 16.29 KiB / 16.29 KiB  57.93 KiB/s
C:\Users\Kevin\AppData\Local\Temp\cinehome-hls-new-batman-series-s01e09\master165.vtt: 16.47 KiB / 16.47 KiB  57.80 KiB/s
C:\Users\Kevin\AppData\Local\Temp\cinehome-hls-new-batman-series-s01e09\master165.vtt: 16.53 KiB / 16.53 KiB  58.01 KiB/s
C:\Users\Kevin\AppData\Local\Temp\cinehome-hls-new-batman-series-s01e09\master167.vtt: 16.67 KiB / 16.67 KiB  58.06 KiB/s
C:\Users\Kevin\AppData\Local\Temp\cinehome-hls-new-batman-series-s01e09\master168.vtt: 16.77 KiB / 16.77 KiB  57.47 KiB/s
C:\Users\Kevin\AppData\Local\Temp\cinehome-hls-new-batman-series-s01e09\master168.vtt: 16.86 KiB / 16.86 KiB  57.81 KiB/s
C:\Users\Kevin\AppData\Local\Temp\cinehome-hls-new-batman-series-s01e09\master169.vtt: 16.99 KiB / 16.99 KiB  58.22 KiB/s
C:\Users\Kevin\AppData\Local\Temp\cinehome-hls-new-batman-series-s01e09\master169.vtt: 17.15 KiB / 17.15 KiB  58.67 KiB/s
C:\Users\Kevin\AppData\Local\Temp\cinehome-hls-new-batman-series-s01e09\master169.vtt: 17.24 KiB / 17.24 KiB  58.98 KiB/s
C:\Users\Kevin\AppData\Local\Temp\cinehome-hls-new-batman-series-s01e09\master172.vtt: 17.42 KiB / 17.42 KiB  59.27 KiB/s
C:\Users\Kevin\AppData\Local\Temp\cinehome-hls-new-batman-series-s01e09\master173.vtt: 17.53 KiB / 17.53 KiB  59.52 KiB/s
C:\Users\Kevin\AppData\Local\Temp\cinehome-hls-new-batman-series-s01e09\master174.vtt: 17.54 KiB / 17.54 KiB  59.08 KiB/s
C:\Users\Kevin\AppData\Local\Temp\cinehome-hls-new-batman-series-s01e09\master175.vtt: 17.66 KiB / 17.66 KiB  56.62 KiB/s
C:\Users\Kevin\AppData\Local\Temp\cinehome-hls-new-batman-series-s01e09\master176.vtt: 17.72 KiB / 17.72 KiB  53.67 KiB/s
C:\Users\Kevin\AppData\Local\Temp\cinehome-hls-new-batman-series-s01e09\master176.vtt: 17.76 KiB / 17.76 KiB  53.70 KiB/s
C:\Users\Kevin\AppData\Local\Temp\cinehome-hls-new-batman-series-s01e09\master177.vtt: 17.81 KiB / 17.81 KiB  53.65 KiB/s
C:\Users\Kevin\AppData\Local\Temp\cinehome-hls-new-batman-series-s01e09\master177.vtt: 17.86 KiB / 17.86 KiB  53.79 KiB/s
C:\Users\Kevin\AppData\Local\Temp\cinehome-hls-new-batman-series-s01e09\master177.vtt: 18.02 KiB / 18.02 KiB  54.17 KiB/s
C:\Users\Kevin\AppData\Local\Temp\cinehome-hls-new-batman-series-s01e09\master177.vtt: 18.22 KiB / 18.22 KiB  54.79 KiB/s
C:\Users\Kevin\AppData\Local\Temp\cinehome-hls-new-batman-series-s01e09\master177.vtt: 18.33 KiB / 18.33 KiB  55.12 KiB/s
C:\Users\Kevin\AppData\Local\Temp\cinehome-hls-new-batman-series-s01e09\master177.vtt: 18.47 KiB / 18.47 KiB  55.53 KiB/s
C:\Users\Kevin\AppData\Local\Temp\cinehome-hls-new-batman-series-s01e09\master177.vtt: 18.48 KiB / 18.48 KiB  55.55 KiB/s
C:\Users\Kevin\AppData\Local\Temp\cinehome-hls-new-batman-series-s01e09\master177.vtt: 18.65 KiB / 18.65 KiB  55.99 KiB/s
C:\Users\Kevin\AppData\Local\Temp\cinehome-hls-new-batman-series-s01e09\master18.vtt: 18.78 KiB / 18.78 KiB  56.38 KiB/s
C:\Users\Kevin\AppData\Local\Temp\cinehome-hls-new-batman-series-s01e09\master18.vtt: 18.83 KiB / 18.83 KiB  56.43 KiB/s
C:\Users\Kevin\AppData\Local\Temp\cinehome-hls-new-batman-series-s01e09\master187.vtt: 19.02 KiB / 19.02 KiB  54.91 KiB/s
C:\Users\Kevin\AppData\Local\Temp\cinehome-hls-new-batman-series-s01e09\master187.vtt: 19.10 KiB / 19.10 KiB  55.15 KiB/s
C:\Users\Kevin\AppData\Local\Temp\cinehome-hls-new-batman-series-s01e09\master189.vtt: 19.11 KiB / 19.11 KiB  54.82 KiB/s
C:\Users\Kevin\AppData\Local\Temp\cinehome-hls-new-batman-series-s01e09\master19.vtt: 19.34 KiB / 19.34 KiB  54.90 KiB/s
C:\Users\Kevin\AppData\Local\Temp\cinehome-hls-new-batman-series-s01e09\master190.vtt: 19.35 KiB / 19.35 KiB  53.65 KiB/s
C:\Users\Kevin\AppData\Local\Temp\cinehome-hls-new-batman-series-s01e09\master190.vtt: 19.40 KiB / 19.40 KiB  53.79 KiB/s
C:\Users\Kevin\AppData\Local\Temp\cinehome-hls-new-batman-series-s01e09\master192.vtt: 19.45 KiB / 19.45 KiB  53.86 KiB/s
C:\Users\Kevin\AppData\Local\Temp\cinehome-hls-new-batman-series-s01e09\master193.vtt: 19.52 KiB / 19.52 KiB  52.50 KiB/s
C:\Users\Kevin\AppData\Local\Temp\cinehome-hls-new-batman-series-s01e09\master194.vtt: 19.58 KiB / 19.58 KiB  52.10 KiB/s
C:\Users\Kevin\AppData\Local\Temp\cinehome-hls-new-batman-series-s01e09\master194.vtt: 19.58 KiB / 19.58 KiB  51.68 KiB/s
C:\Users\Kevin\AppData\Local\Temp\cinehome-hls-new-batman-series-s01e09\master194.vtt: 19.58 KiB / 19.58 KiB  51.68 KiB/s
C:\Users\Kevin\AppData\Local\Temp\cinehome-hls-new-batman-series-s01e09\master195.vtt: 19.62 KiB / 19.62 KiB  51.03 KiB/s
C:\Users\Kevin\AppData\Local\Temp\cinehome-hls-new-batman-series-s01e09\master196.vtt: 19.68 KiB / 19.68 KiB  51.12 KiB/s
C:\Users\Kevin\AppData\Local\Temp\cinehome-hls-new-batman-series-s01e09\master197.vtt: 19.73 KiB / 19.73 KiB  49.84 KiB/s
C:\Users\Kevin\AppData\Local\Temp\cinehome-hls-new-batman-series-s01e09\master198.vtt: 19.84 KiB / 19.84 KiB  49.35 KiB/s
C:\Users\Kevin\AppData\Local\Temp\cinehome-hls-new-batman-series-s01e09\master199.vtt: 19.91 KiB / 19.91 KiB  49.41 KiB/s
C:\Users\Kevin\AppData\Local\Temp\cinehome-hls-new-batman-series-s01e09\master2.vtt: 19.91 KiB / 19.91 KiB  49.37 KiB/s
C:\Users\Kevin\AppData\Local\Temp\cinehome-hls-new-batman-series-s01e09\master20.vtt: 19.96 KiB / 19.96 KiB  49.42 KiB/s
C:\Users\Kevin\AppData\Local\Temp\cinehome-hls-new-batman-series-s01e09\master20.vtt: 19.97 KiB / 19.97 KiB  49.29 KiB/s
C:\Users\Kevin\AppData\Local\Temp\cinehome-hls-new-batman-series-s01e09\master201.vtt: 20.08 KiB / 20.08 KiB  49.58 KiB/s
C:\Users\Kevin\AppData\Local\Temp\cinehome-hls-new-batman-series-s01e09\master201.vtt: 20.27 KiB / 20.27 KiB  49.98 KiB/s
C:\Users\Kevin\AppData\Local\Temp\cinehome-hls-new-batman-series-s01e09\master203.vtt: 20.41 KiB / 20.41 KiB  49.61 KiB/s
C:\Users\Kevin\AppData\Local\Temp\cinehome-hls-new-batman-series-s01e09\master203.vtt: 20.53 KiB / 20.53 KiB  49.89 KiB/s
C:\Users\Kevin\AppData\Local\Temp\cinehome-hls-new-batman-series-s01e09\master203.vtt: 20.59 KiB / 20.59 KiB  50.05 KiB/s
C:\Users\Kevin\AppData\Local\Temp\cinehome-hls-new-batman-series-s01e09\master203.vtt: 20.69 KiB / 20.69 KiB  50.21 KiB/s
C:\Users\Kevin\AppData\Local\Temp\cinehome-hls-new-batman-series-s01e09\master207.vtt: 20.89 KiB / 20.89 KiB  48.23 KiB/s
C:\Users\Kevin\AppData\Local\Temp\cinehome-hls-new-batman-series-s01e09\master208.vtt: 21.01 KiB / 21.01 KiB  47.58 KiB/s
C:\Users\Kevin\AppData\Local\Temp\cinehome-hls-new-batman-series-s01e09\master209.vtt: 21.01 KiB / 21.01 KiB  47.54 KiB/s
C:\Users\Kevin\AppData\Local\Temp\cinehome-hls-new-batman-series-s01e09\master21.vtt: 21.09 KiB / 21.09 KiB  46.91 KiB/s
C:\Users\Kevin\AppData\Local\Temp\cinehome-hls-new-batman-series-s01e09\master210.vtt: 21.23 KiB / 21.23 KiB  47.17 KiB/s
C:\Users\Kevin\AppData\Local\Temp\cinehome-hls-new-batman-series-s01e09\master211.vtt: 21.36 KiB / 21.36 KiB  47.39 KiB/s
C:\Users\Kevin\AppData\Local\Temp\cinehome-hls-new-batman-series-s01e09\master212.vtt: 21.46 KiB / 21.46 KiB  47.62 KiB/s
C:\Users\Kevin\AppData\Local\Temp\cinehome-hls-new-batman-series-s01e09\master212.vtt: 21.47 KiB / 21.47 KiB  47.58 KiB/s
C:\Users\Kevin\AppData\Local\Temp\cinehome-hls-new-batman-series-s01e09\master214.vtt: 21.52 KiB / 21.52 KiB  47.20 KiB/s
C:\Users\Kevin\AppData\Local\Temp\cinehome-hls-new-batman-series-s01e09\master215.vtt: 21.71 KiB / 21.71 KiB  47.14 KiB/s
C:\Users\Kevin\AppData\Local\Temp\cinehome-hls-new-batman-series-s01e09\master216.vtt: 21.85 KiB / 21.85 KiB  47.34 KiB/s
C:\Users\Kevin\AppData\Local\Temp\cinehome-hls-new-batman-series-s01e09\master216.vtt: 22.00 KiB / 22.00 KiB  47.67 KiB/s
C:\Users\Kevin\AppData\Local\Temp\cinehome-hls-new-batman-series-s01e09\master218.vtt: 22.18 KiB / 22.18 KiB  46.68 KiB/s
C:\Users\Kevin\AppData\Local\Temp\cinehome-hls-new-batman-series-s01e09\master219.vtt: 22.18 KiB / 22.18 KiB  45.86 KiB/s
C:\Users\Kevin\AppData\Local\Temp\cinehome-hls-new-batman-series-s01e09\master22.vtt: 22.26 KiB / 22.26 KiB  45.75 KiB/s
C:\Users\Kevin\AppData\Local\Temp\cinehome-hls-new-batman-series-s01e09\master220.vtt: 22.27 KiB / 22.27 KiB  45.04 KiB/s
C:\Users\Kevin\AppData\Local\Temp\cinehome-hls-new-batman-series-s01e09\master221.vtt: 22.35 KiB / 22.35 KiB  45.16 KiB/s
C:\Users\Kevin\AppData\Local\Temp\cinehome-hls-new-batman-series-s01e09\master222.vtt: 22.36 KiB / 22.36 KiB  44.85 KiB/s
C:\Users\Kevin\AppData\Local\Temp\cinehome-hls-new-batman-series-s01e09\master223.vtt: 22.45 KiB / 22.45 KiB  44.74 KiB/s
C:\Users\Kevin\AppData\Local\Temp\cinehome-hls-new-batman-series-s01e09\master223.vtt: 22.45 KiB / 22.45 KiB  44.56 KiB/s
C:\Users\Kevin\AppData\Local\Temp\cinehome-hls-new-batman-series-s01e09\master223.vtt: 22.45 KiB / 22.45 KiB  44.56 KiB/s
C:\Users\Kevin\AppData\Local\Temp\cinehome-hls-new-batman-series-s01e09\master224.vtt: 22.46 KiB / 22.46 KiB  44.47 KiB/s
C:\Users\Kevin\AppData\Local\Temp\cinehome-hls-new-batman-series-s01e09\master225.vtt: 22.47 KiB / 22.47 KiB  44.49 KiB/s
C:\Users\Kevin\AppData\Local\Temp\cinehome-hls-new-batman-series-s01e09\master226.vtt: 22.52 KiB / 22.52 KiB  44.53 KiB/s
C:\Users\Kevin\AppData\Local\Temp\cinehome-hls-new-batman-series-s01e09\master227.vtt: 22.52 KiB / 22.52 KiB  44.24 KiB/s
C:\Users\Kevin\AppData\Local\Temp\cinehome-hls-new-batman-series-s01e09\master228.vtt: 22.53 KiB / 22.53 KiB  44.25 KiB/s
C:\Users\Kevin\AppData\Local\Temp\cinehome-hls-new-batman-series-s01e09\master229.vtt: 22.54 KiB / 22.54 KiB  43.50 KiB/s
C:\Users\Kevin\AppData\Local\Temp\cinehome-hls-new-batman-series-s01e09\master229.vtt: 22.54 KiB / 22.54 KiB  43.23 KiB/s
C:\Users\Kevin\AppData\Local\Temp\cinehome-hls-new-batman-series-s01e09\master230.vtt: 22.55 KiB / 22.55 KiB  42.99 KiB/s
C:\Users\Kevin\AppData\Local\Temp\cinehome-hls-new-batman-series-s01e09\master231.vtt: 22.56 KiB / 22.56 KiB  42.54 KiB/s
C:\Users\Kevin\AppData\Local\Temp\cinehome-hls-new-batman-series-s01e09\master232.vtt: 22.56 KiB / 22.56 KiB  42.33 KiB/s
C:\Users\Kevin\AppData\Local\Temp\cinehome-hls-new-batman-series-s01e09\master232.vtt: 22.57 KiB / 22.57 KiB  42.20 KiB/s
C:\Users\Kevin\AppData\Local\Temp\cinehome-hls-new-batman-series-s01e09\master232.vtt: 22.58 KiB / 22.58 KiB  42.21 KiB/s
C:\Users\Kevin\AppData\Local\Temp\cinehome-hls-new-batman-series-s01e09\master235.vtt: 22.58 KiB / 22.58 KiB  41.52 KiB/s
C:\Users\Kevin\AppData\Local\Temp\cinehome-hls-new-batman-series-s01e09\master236.vtt: 22.59 KiB / 22.59 KiB  41.34 KiB/s
C:\Users\Kevin\AppData\Local\Temp\cinehome-hls-new-batman-series-s01e09\master236.vtt: 22.60 KiB / 22.60 KiB  41.35 KiB/s
C:\Users\Kevin\AppData\Local\Temp\cinehome-hls-new-batman-series-s01e09\master236.vtt: 22.61 KiB / 22.61 KiB  41.37 KiB/s
C:\Users\Kevin\AppData\Local\Temp\cinehome-hls-new-batman-series-s01e09\master239.vtt: 22.61 KiB / 22.61 KiB  41.19 KiB/s
C:\Users\Kevin\AppData\Local\Temp\cinehome-hls-new-batman-series-s01e09\master24.vtt: 22.62 KiB / 22.62 KiB  41.05 KiB/s
C:\Users\Kevin\AppData\Local\Temp\cinehome-hls-new-batman-series-s01e09\master240.vtt: 22.63 KiB / 22.63 KiB  41.06 KiB/s
C:\Users\Kevin\AppData\Local\Temp\cinehome-hls-new-batman-series-s01e09\master241.vtt: 22.63 KiB / 22.63 KiB  40.44 KiB/s
C:\Users\Kevin\AppData\Local\Temp\cinehome-hls-new-batman-series-s01e09\master242.vtt: 22.64 KiB / 22.64 KiB  40.18 KiB/s
C:\Users\Kevin\AppData\Local\Temp\cinehome-hls-new-batman-series-s01e09\master243.vtt: 22.65 KiB / 22.65 KiB  39.39 KiB/s
C:\Users\Kevin\AppData\Local\Temp\cinehome-hls-new-batman-series-s01e09\master244.vtt: 22.65 KiB / 22.65 KiB  39.18 KiB/s
C:\Users\Kevin\AppData\Local\Temp\cinehome-hls-new-batman-series-s01e09\master245.vtt: 22.66 KiB / 22.66 KiB  39.16 KiB/s
C:\Users\Kevin\AppData\Local\Temp\cinehome-hls-new-batman-series-s01e09\master246.vtt: 22.67 KiB / 22.67 KiB  39.09 KiB/s
C:\Users\Kevin\AppData\Local\Temp\cinehome-hls-new-batman-series-s01e09\master247.vtt: 22.67 KiB / 22.67 KiB  39.10 KiB/s
C:\Users\Kevin\AppData\Local\Temp\cinehome-hls-new-batman-series-s01e09\master248.vtt: 22.68 KiB / 22.68 KiB  39.00 KiB/s
C:\Users\Kevin\AppData\Local\Temp\cinehome-hls-new-batman-series-s01e09\master249.vtt: 22.85 KiB / 22.85 KiB  39.20 KiB/s
C:\Users\Kevin\AppData\Local\Temp\cinehome-hls-new-batman-series-s01e09\master25.vtt: 23.02 KiB / 23.02 KiB  39.40 KiB/s
C:\Users\Kevin\AppData\Local\Temp\cinehome-hls-new-batman-series-s01e09\master26.vtt: 23.42 KiB / 23.42 KiB  39.83 KiB/s
C:\Users\Kevin\AppData\Local\Temp\cinehome-hls-new-batman-series-s01e09\master27.vtt: 23.71 KiB / 23.71 KiB  40.19 KiB/s
C:\Users\Kevin\AppData\Local\Temp\cinehome-hls-new-batman-series-s01e09\master28.vtt: 23.72 KiB / 23.72 KiB  40.20 KiB/s
C:\Users\Kevin\AppData\Local\Temp\cinehome-hls-new-batman-series-s01e09\master29.vtt: 23.92 KiB / 23.92 KiB  39.91 KiB/s
C:\Users\Kevin\AppData\Local\Temp\cinehome-hls-new-batman-series-s01e09\master3.vtt: 23.99 KiB / 23.99 KiB  39.62 KiB/s
C:\Users\Kevin\AppData\Local\Temp\cinehome-hls-new-batman-series-s01e09\master30.vtt: 24.25 KiB / 24.25 KiB  39.57 KiB/s
C:\Users\Kevin\AppData\Local\Temp\cinehome-hls-new-batman-series-s01e09\master31.vtt: 24.56 KiB / 24.56 KiB  40.05 KiB/s
C:\Users\Kevin\AppData\Local\Temp\cinehome-hls-new-batman-series-s01e09\master31.vtt: 24.65 KiB / 24.65 KiB  40.15 KiB/s
C:\Users\Kevin\AppData\Local\Temp\cinehome-hls-new-batman-series-s01e09\master31.vtt: 24.65 KiB / 24.65 KiB  40.17 KiB/s
C:\Users\Kevin\AppData\Local\Temp\cinehome-hls-new-batman-series-s01e09\master31.vtt: 24.70 KiB / 24.70 KiB  40.23 KiB/s
C:\Users\Kevin\AppData\Local\Temp\cinehome-hls-new-batman-series-s01e09\master31.vtt: 24.85 KiB / 24.85 KiB  40.49 KiB/s
C:\Users\Kevin\AppData\Local\Temp\cinehome-hls-new-batman-series-s01e09\master36.vtt: 24.93 KiB / 24.93 KiB  40.51 KiB/s
C:\Users\Kevin\AppData\Local\Temp\cinehome-hls-new-batman-series-s01e09\master37.vtt: 25.03 KiB / 25.03 KiB  40.35 KiB/s
C:\Users\Kevin\AppData\Local\Temp\cinehome-hls-new-batman-series-s01e09\master38.vtt: 25.21 KiB / 25.21 KiB  40.28 KiB/s
C:\Users\Kevin\AppData\Local\Temp\cinehome-hls-new-batman-series-s01e09\master39.vtt: 25.43 KiB / 25.43 KiB  40.59 KiB/s
C:\Users\Kevin\AppData\Local\Temp\cinehome-hls-new-batman-series-s01e09\master39.vtt: 25.55 KiB / 25.55 KiB  40.79 KiB/s
C:\Users\Kevin\AppData\Local\Temp\cinehome-hls-new-batman-series-s01e09\master4.vtt: 25.55 KiB / 25.55 KiB  40.61 KiB/s
C:\Users\Kevin\AppData\Local\Temp\cinehome-hls-new-batman-series-s01e09\master4.vtt: 25.55 KiB / 25.55 KiB  40.61 KiB/s
C:\Users\Kevin\AppData\Local\Temp\cinehome-hls-new-batman-series-s01e09\master40.vtt: 25.74 KiB / 25.74 KiB  40.77 KiB/s
C:\Users\Kevin\AppData\Local\Temp\cinehome-hls-new-batman-series-s01e09\master41.vtt: 25.83 KiB / 25.83 KiB  40.08 KiB/s
C:\Users\Kevin\AppData\Local\Temp\cinehome-hls-new-batman-series-s01e09\master41.vtt: 25.95 KiB / 25.95 KiB  40.26 KiB/s
C:\Users\Kevin\AppData\Local\Temp\cinehome-hls-new-batman-series-s01e09\master43.vtt: 26.20 KiB / 26.20 KiB  40.52 KiB/s
C:\Users\Kevin\AppData\Local\Temp\cinehome-hls-new-batman-series-s01e09\master43.vtt: 26.25 KiB / 26.25 KiB  40.59 KiB/s
C:\Users\Kevin\AppData\Local\Temp\cinehome-hls-new-batman-series-s01e09\master43.vtt: 26.37 KiB / 26.37 KiB  40.78 KiB/s
C:\Users\Kevin\AppData\Local\Temp\cinehome-hls-new-batman-series-s01e09\master46.vtt: 26.48 KiB / 26.48 KiB  40.85 KiB/s
C:\Users\Kevin\AppData\Local\Temp\cinehome-hls-new-batman-series-s01e09\master47.vtt: 26.70 KiB / 26.70 KiB  41.10 KiB/s
C:\Users\Kevin\AppData\Local\Temp\cinehome-hls-new-batman-series-s01e09\master48.vtt: 26.80 KiB / 26.80 KiB  40.95 KiB/s
C:\Users\Kevin\AppData\Local\Temp\cinehome-hls-new-batman-series-s01e09\master49.vtt: 26.94 KiB / 26.94 KiB  41.08 KiB/s
C:\Users\Kevin\AppData\Local\Temp\cinehome-hls-new-batman-series-s01e09\master5.vtt: 27.12 KiB / 27.12 KiB  41.34 KiB/s
C:\Users\Kevin\AppData\Local\Temp\cinehome-hls-new-batman-series-s01e09\master5.vtt: 27.31 KiB / 27.31 KiB  41.60 KiB/s
C:\Users\Kevin\AppData\Local\Temp\cinehome-hls-new-batman-series-s01e09\master51.vtt: 27.42 KiB / 27.42 KiB  41.60 KiB/s
C:\Users\Kevin\AppData\Local\Temp\cinehome-hls-new-batman-series-s01e09\master52.vtt: 27.68 KiB / 27.68 KiB  41.24 KiB/s
C:\Users\Kevin\AppData\Local\Temp\cinehome-hls-new-batman-series-s01e09\master53.vtt: 27.75 KiB / 27.75 KiB  40.69 KiB/s
C:\Users\Kevin\AppData\Local\Temp\cinehome-hls-new-batman-series-s01e09\master54.vtt: 27.82 KiB / 27.82 KiB  40.78 KiB/s
C:\Users\Kevin\AppData\Local\Temp\cinehome-hls-new-batman-series-s01e09\master55.vtt: 27.87 KiB / 27.87 KiB  40.82 KiB/s
C:\Users\Kevin\AppData\Local\Temp\cinehome-hls-new-batman-series-s01e09\master55.vtt: 28.03 KiB / 28.03 KiB  41.02 KiB/s
C:\Users\Kevin\AppData\Local\Temp\cinehome-hls-new-batman-series-s01e09\master57.vtt: 28.15 KiB / 28.15 KiB  41.16 KiB/s
C:\Users\Kevin\AppData\Local\Temp\cinehome-hls-new-batman-series-s01e09\master58.vtt: 28.34 KiB / 28.34 KiB  41.40 KiB/s
C:\Users\Kevin\AppData\Local\Temp\cinehome-hls-new-batman-series-s01e09\master58.vtt: 28.49 KiB / 28.49 KiB  41.62 KiB/s
C:\Users\Kevin\AppData\Local\Temp\cinehome-hls-new-batman-series-s01e09\master6.vtt: 28.70 KiB / 28.70 KiB  41.71 KiB/s
C:\Users\Kevin\AppData\Local\Temp\cinehome-hls-new-batman-series-s01e09\master60.vtt: 28.84 KiB / 28.84 KiB  41.52 KiB/s
C:\Users\Kevin\AppData\Local\Temp\cinehome-hls-new-batman-series-s01e09\master60.vtt: 28.90 KiB / 28.90 KiB  41.60 KiB/s
C:\Users\Kevin\AppData\Local\Temp\cinehome-hls-new-batman-series-s01e09\master62.vtt: 29.14 KiB / 29.14 KiB  41.73 KiB/s
C:\Users\Kevin\AppData\Local\Temp\cinehome-hls-new-batman-series-s01e09\master63.vtt: 29.29 KiB / 29.29 KiB  41.72 KiB/s
C:\Users\Kevin\AppData\Local\Temp\cinehome-hls-new-batman-series-s01e09\master63.vtt: 29.40 KiB / 29.40 KiB  41.45 KiB/s
C:\Users\Kevin\AppData\Local\Temp\cinehome-hls-new-batman-series-s01e09\master63.vtt: 29.53 KiB / 29.53 KiB  41.64 KiB/s
C:\Users\Kevin\AppData\Local\Temp\cinehome-hls-new-batman-series-s01e09\master66.vtt: 29.67 KiB / 29.67 KiB  41.62 KiB/s
C:\Users\Kevin\AppData\Local\Temp\cinehome-hls-new-batman-series-s01e09\master67.vtt: 29.83 KiB / 29.83 KiB  41.76 KiB/s
C:\Users\Kevin\AppData\Local\Temp\cinehome-hls-new-batman-series-s01e09\master68.vtt: 29.90 KiB / 29.90 KiB  41.45 KiB/s
C:\Users\Kevin\AppData\Local\Temp\cinehome-hls-new-batman-series-s01e09\master69.vtt: 30.02 KiB / 30.02 KiB  41.56 KiB/s
C:\Users\Kevin\AppData\Local\Temp\cinehome-hls-new-batman-series-s01e09\master7.vtt: 30.13 KiB / 30.13 KiB  41.62 KiB/s
C:\Users\Kevin\AppData\Local\Temp\cinehome-hls-new-batman-series-s01e09\master7.vtt: 30.24 KiB / 30.24 KiB  41.78 KiB/s
C:\Users\Kevin\AppData\Local\Temp\cinehome-hls-new-batman-series-s01e09\master71.vtt: 30.25 KiB / 30.25 KiB  41.56 KiB/s
C:\Users\Kevin\AppData\Local\Temp\cinehome-hls-new-batman-series-s01e09\master72.vtt: 30.30 KiB / 30.30 KiB  41.31 KiB/s
C:\Users\Kevin\AppData\Local\Temp\cinehome-hls-new-batman-series-s01e09\master73.vtt: 30.47 KiB / 30.47 KiB  41.42 KiB/s
C:\Users\Kevin\AppData\Local\Temp\cinehome-hls-new-batman-series-s01e09\master74.vtt: 30.69 KiB / 30.69 KiB  41.72 KiB/s
C:\Users\Kevin\AppData\Local\Temp\cinehome-hls-new-batman-series-s01e09\master75.vtt: 30.89 KiB / 30.89 KiB  41.67 KiB/s
C:\Users\Kevin\AppData\Local\Temp\cinehome-hls-new-batman-series-s01e09\master76.vtt: 31.09 KiB / 31.09 KiB  41.60 KiB/s
C:\Users\Kevin\AppData\Local\Temp\cinehome-hls-new-batman-series-s01e09\master77.vtt: 31.18 KiB / 31.18 KiB  41.66 KiB/s
C:\Users\Kevin\AppData\Local\Temp\cinehome-hls-new-batman-series-s01e09\master78.vtt: 31.19 KiB / 31.19 KiB  41.55 KiB/s
C:\Users\Kevin\AppData\Local\Temp\cinehome-hls-new-batman-series-s01e09\master79.vtt: 31.35 KiB / 31.35 KiB  41.68 KiB/s
C:\Users\Kevin\AppData\Local\Temp\cinehome-hls-new-batman-series-s01e09\master79.vtt: 31.35 KiB / 31.35 KiB  41.54 KiB/s
C:\Users\Kevin\AppData\Local\Temp\cinehome-hls-new-batman-series-s01e09\master79.vtt: 31.35 KiB / 31.35 KiB  41.54 KiB/s
C:\Users\Kevin\AppData\Local\Temp\cinehome-hls-new-batman-series-s01e09\master8.vtt: 31.47 KiB / 31.47 KiB  41.54 KiB/s
C:\Users\Kevin\AppData\Local\Temp\cinehome-hls-new-batman-series-s01e09\master80.vtt: 31.54 KiB / 31.54 KiB  41.60 KiB/s
C:\Users\Kevin\AppData\Local\Temp\cinehome-hls-new-batman-series-s01e09\master81.vtt: 31.64 KiB / 31.64 KiB  41.61 KiB/s
C:\Users\Kevin\AppData\Local\Temp\cinehome-hls-new-batman-series-s01e09\master82.vtt: 31.76 KiB / 31.76 KiB  41.52 KiB/s
C:\Users\Kevin\AppData\Local\Temp\cinehome-hls-new-batman-series-s01e09\master83.vtt: 31.86 KiB / 31.86 KiB  41.33 KiB/s
C:\Users\Kevin\AppData\Local\Temp\cinehome-hls-new-batman-series-s01e09\master84.vtt: 32.01 KiB / 32.01 KiB  41.46 KiB/s
C:\Users\Kevin\AppData\Local\Temp\cinehome-hls-new-batman-series-s01e09\master85.vtt: 32.09 KiB / 32.09 KiB  41.42 KiB/s
C:\Users\Kevin\AppData\Local\Temp\cinehome-hls-new-batman-series-s01e09\master85.vtt: 32.22 KiB / 32.22 KiB  41.59 KiB/s
C:\Users\Kevin\AppData\Local\Temp\cinehome-hls-new-batman-series-s01e09\master87.vtt: 32.38 KiB / 32.38 KiB  41.60 KiB/s
C:\Users\Kevin\AppData\Local\Temp\cinehome-hls-new-batman-series-s01e09\master88.vtt: 32.39 KiB / 32.39 KiB  41.31 KiB/s
C:\Users\Kevin\AppData\Local\Temp\cinehome-hls-new-batman-series-s01e09\master89.vtt: 32.44 KiB / 32.44 KiB  41.05 KiB/s
C:\Users\Kevin\AppData\Local\Temp\cinehome-hls-new-batman-series-s01e09\master9.vtt: 32.76 KiB / 32.76 KiB  41.31 KiB/s
C:\Users\Kevin\AppData\Local\Temp\cinehome-hls-new-batman-series-s01e09\master90.vtt: 32.86 KiB / 32.86 KiB  41.18 KiB/s
C:\Users\Kevin\AppData\Local\Temp\cinehome-hls-new-batman-series-s01e09\master91.vtt: 32.98 KiB / 32.98 KiB  41.26 KiB/s
C:\Users\Kevin\AppData\Local\Temp\cinehome-hls-new-batman-series-s01e09\master92.vtt: 33.07 KiB / 33.07 KiB  41.37 KiB/s
C:\Users\Kevin\AppData\Local\Temp\cinehome-hls-new-batman-series-s01e09\master93.vtt: 33.23 KiB / 33.23 KiB  41.51 KiB/s
C:\Users\Kevin\AppData\Local\Temp\cinehome-hls-new-batman-series-s01e09\master94.vtt: 33.39 KiB / 33.39 KiB  41.62 KiB/s
C:\Users\Kevin\AppData\Local\Temp\cinehome-hls-new-batman-series-s01e09\master95.vtt: 33.61 KiB / 33.61 KiB  41.90 KiB/s
C:\Users\Kevin\AppData\Local\Temp\cinehome-hls-new-batman-series-s01e09\master96.vtt: 33.82 KiB / 33.82 KiB  42.07 KiB/s
C:\Users\Kevin\AppData\Local\Temp\cinehome-hls-new-batman-series-s01e09\master96.vtt: 33.92 KiB / 33.92 KiB  42.20 KiB/s
C:\Users\Kevin\AppData\Local\Temp\cinehome-hls-new-batman-series-s01e09\master98.vtt: 34.10 KiB / 34.10 KiB  42.08 KiB/s
C:\Users\Kevin\AppData\Local\Temp\cinehome-hls-new-batman-series-s01e09\master99.vtt: 41.91 KiB / 41.91 KiB  51.37 KiB/s
C:\Users\Kevin\AppData\Local\Temp\cinehome-hls-new-batman-series-s01e09\master_vtt.m3u8: 2.69 MiB / 2.69 MiB  3.26 MiB/s
C:\Users\Kevin\AppData\Local\Temp\cinehome-hls-new-batman-series-s01e09\seg_0000.ts: 3.32 MiB / 3.32 MiB  4.00 MiB/s
C:\Users\Kevin\AppData\Local\Temp\cinehome-hls-new-batman-series-s01e09\seg_0001.ts: 3.99 MiB / 3.99 MiB  4.78 MiB/s
C:\Users\Kevin\AppData\Local\Temp\cinehome-hls-new-batman-series-s01e09\seg_0002.ts: 5.69 MiB / 5.69 MiB  6.79 MiB/s
C:\Users\Kevin\AppData\Local\Temp\cinehome-hls-new-batman-series-s01e09\seg_0003.ts: 6.73 MiB / 6.73 MiB  7.93 MiB/s
C:\Users\Kevin\AppData\Local\Temp\cinehome-hls-new-batman-series-s01e09\seg_0004.ts: 7.63 MiB / 7.63 MiB  8.99 MiB/s
C:\Users\Kevin\AppData\Local\Temp\cinehome-hls-new-batman-series-s01e09\seg_0005.ts: 8.41 MiB / 8.41 MiB  9.90 MiB/s
C:\Users\Kevin\AppData\Local\Temp\cinehome-hls-new-batman-series-s01e09\seg_0005.ts: 8.74 MiB / 8.74 MiB  10.29 MiB/s
C:\Users\Kevin\AppData\Local\Temp\cinehome-hls-new-batman-series-s01e09\seg_0006.ts: 11.08 MiB / 11.08 MiB  13.03 MiB/s
C:\Users\Kevin\AppData\Local\Temp\cinehome-hls-new-batman-series-s01e09\seg_0006.ts: 11.82 MiB / 11.82 MiB  13.91 MiB/s
C:\Users\Kevin\AppData\Local\Temp\cinehome-hls-new-batman-series-s01e09\seg_0006.ts: 13.88 MiB / 13.88 MiB  16.33 MiB/s
C:\Users\Kevin\AppData\Local\Temp\cinehome-hls-new-batman-series-s01e09\seg_0006.ts: 14.53 MiB / 14.53 MiB  17.09 MiB/s
C:\Users\Kevin\AppData\Local\Temp\cinehome-hls-new-batman-series-s01e09\seg_0011.ts: 19.41 MiB / 19.41 MiB  22.81 MiB/s
C:\Users\Kevin\AppData\Local\Temp\cinehome-hls-new-batman-series-s01e09\seg_0011.ts: 19.41 MiB / 19.41 MiB  22.06 MiB/s
C:\Users\Kevin\AppData\Local\Temp\cinehome-hls-new-batman-series-s01e09\seg_0011.ts: 19.41 MiB / 19.41 MiB  22.06 MiB/s
C:\Users\Kevin\AppData\Local\Temp\cinehome-hls-new-batman-series-s01e09\seg_0012.ts: 21.60 MiB / 21.60 MiB  24.02 MiB/s
C:\Users\Kevin\AppData\Local\Temp\cinehome-hls-new-batman-series-s01e09\seg_0013.ts: 22.57 MiB / 22.57 MiB  24.83 MiB/s
C:\Users\Kevin\AppData\Local\Temp\cinehome-hls-new-batman-series-s01e09\seg_0014.ts: 23.17 MiB / 23.17 MiB  24.38 MiB/s
C:\Users\Kevin\AppData\Local\Temp\cinehome-hls-new-batman-series-s01e09\seg_0015.ts: 24.07 MiB / 24.07 MiB  25.30 MiB/s
C:\Users\Kevin\AppData\Local\Temp\cinehome-hls-new-batman-series-s01e09\seg_0016.ts: 25.28 MiB / 25.28 MiB  26.55 MiB/s
C:\Users\Kevin\AppData\Local\Temp\cinehome-hls-new-batman-series-s01e09\seg_0016.ts: 36.24 MiB / 36.24 MiB  37.64 MiB/s
C:\Users\Kevin\AppData\Local\Temp\cinehome-hls-new-batman-series-s01e09\seg_0018.ts: 40.40 MiB / 40.40 MiB  41.94 MiB/s
C:\Users\Kevin\AppData\Local\Temp\cinehome-hls-new-batman-series-s01e09\seg_0018.ts: 40.40 MiB / 40.40 MiB  40.18 MiB/s
C:\Users\Kevin\AppData\Local\Temp\cinehome-hls-new-batman-series-s01e09\seg_0018.ts: 40.40 MiB / 40.40 MiB  40.18 MiB/s
C:\Users\Kevin\AppData\Local\Temp\cinehome-hls-new-batman-series-s01e09\seg_0018.ts: 40.40 MiB / 40.40 MiB  35.73 MiB/s
C:\Users\Kevin\AppData\Local\Temp\cinehome-hls-new-batman-series-s01e09\seg_0018.ts: 40.40 MiB / 40.40 MiB  35.73 MiB/s
C:\Users\Kevin\AppData\Local\Temp\cinehome-hls-new-batman-series-s01e09\seg_0019.ts: 47.46 MiB / 47.46 MiB  40.58 MiB/s
C:\Users\Kevin\AppData\Local\Temp\cinehome-hls-new-batman-series-s01e09\seg_0020.ts: 53.58 MiB / 53.58 MiB  43.89 MiB/s
C:\Users\Kevin\AppData\Local\Temp\cinehome-hls-new-batman-series-s01e09\seg_0020.ts: 53.58 MiB / 53.58 MiB  42.66 MiB/s
C:\Users\Kevin\AppData\Local\Temp\cinehome-hls-new-batman-series-s01e09\seg_0020.ts: 53.58 MiB / 53.58 MiB  42.66 MiB/s
C:\Users\Kevin\AppData\Local\Temp\cinehome-hls-new-batman-series-s01e09\seg_0021.ts: 61.52 MiB / 61.52 MiB  47.25 MiB/s
C:\Users\Kevin\AppData\Local\Temp\cinehome-hls-new-batman-series-s01e09\seg_0022.ts: 62.13 MiB / 62.13 MiB  47.70 MiB/s
C:\Users\Kevin\AppData\Local\Temp\cinehome-hls-new-batman-series-s01e09\seg_0023.ts: 64.20 MiB / 64.20 MiB  49.25 MiB/s
C:\Users\Kevin\AppData\Local\Temp\cinehome-hls-new-batman-series-s01e09\seg_0024.ts: 65.01 MiB / 64.98 MiB  49.86 MiB/s
C:\Users\Kevin\AppData\Local\Temp\cinehome-hls-new-batman-series-s01e09\seg_0024.ts: 65.10 MiB / 65.10 MiB  49.90 MiB/s
C:\Users\Kevin\AppData\Local\Temp\cinehome-hls-new-batman-series-s01e09\seg_0024.ts: 66.81 MiB / 66.81 MiB  51.22 MiB/s
C:\Users\Kevin\AppData\Local\Temp\cinehome-hls-new-batman-series-s01e09\seg_0024.ts: 68.11 MiB / 68.11 MiB  52.19 MiB/s
C:\Users\Kevin\AppData\Local\Temp\cinehome-hls-new-batman-series-s01e09\seg_0024.ts: 68.36 MiB / 68.36 MiB  52.38 MiB/s
C:\Users\Kevin\AppData\Local\Temp\cinehome-hls-new-batman-series-s01e09\seg_0029.ts: 68.86 MiB / 68.86 MiB  52.72 MiB/s
C:\Users\Kevin\AppData\Local\Temp\cinehome-hls-new-batman-series-s01e09\seg_0030.ts: 70.26 MiB / 70.26 MiB  50.94 MiB/s
C:\Users\Kevin\AppData\Local\Temp\cinehome-hls-new-batman-series-s01e09\seg_0030.ts: 70.26 MiB / 70.26 MiB  50.86 MiB/s
C:\Users\Kevin\AppData\Local\Temp\cinehome-hls-new-batman-series-s01e09\seg_0030.ts: 70.26 MiB / 70.26 MiB  50.86 MiB/s
C:\Users\Kevin\AppData\Local\Temp\cinehome-hls-new-batman-series-s01e09\seg_0031.ts: 71.53 MiB / 71.53 MiB  50.75 MiB/s
C:\Users\Kevin\AppData\Local\Temp\cinehome-hls-new-batman-series-s01e09\seg_0032.ts: 72.04 MiB / 72.04 MiB  48.97 MiB/s
C:\Users\Kevin\AppData\Local\Temp\cinehome-hls-new-batman-series-s01e09\seg_0033.ts: 72.37 MiB / 72.37 MiB  48.85 MiB/s
C:\Users\Kevin\AppData\Local\Temp\cinehome-hls-new-batman-series-s01e09\seg_0034.ts: 73.24 MiB / 73.24 MiB  49.39 MiB/s
C:\Users\Kevin\AppData\Local\Temp\cinehome-hls-new-batman-series-s01e09\seg_0034.ts: 73.24 MiB / 73.24 MiB  48.61 MiB/s
C:\Users\Kevin\AppData\Local\Temp\cinehome-hls-new-batman-series-s01e09\seg_0034.ts: 73.24 MiB / 73.24 MiB  48.61 MiB/s
C:\Users\Kevin\AppData\Local\Temp\cinehome-hls-new-batman-series-s01e09\seg_0034.ts: 74.25 MiB / 74.25 MiB  49.28 MiB/s
C:\Users\Kevin\AppData\Local\Temp\cinehome-hls-new-batman-series-s01e09\seg_0034.ts: 75.50 MiB / 75.50 MiB  50.10 MiB/s
C:\Users\Kevin\AppData\Local\Temp\cinehome-hls-new-batman-series-s01e09\seg_0037.ts: 77.01 MiB / 77.01 MiB  50.71 MiB/s
C:\Users\Kevin\AppData\Local\Temp\cinehome-hls-new-batman-series-s01e09\seg_0037.ts: 77.01 MiB / 77.01 MiB  47.16 MiB/s
C:\Users\Kevin\AppData\Local\Temp\cinehome-hls-new-batman-series-s01e09\seg_0037.ts: 77.01 MiB / 77.01 MiB  47.16 MiB/s
C:\Users\Kevin\AppData\Local\Temp\cinehome-hls-new-batman-series-s01e09\seg_0038.ts: 78.36 MiB / 78.36 MiB  47.39 MiB/s
C:\Users\Kevin\AppData\Local\Temp\cinehome-hls-new-batman-series-s01e09\seg_0038.ts: 79.55 MiB / 79.55 MiB  48.09 MiB/s
C:\Users\Kevin\AppData\Local\Temp\cinehome-hls-new-batman-series-s01e09\seg_0040.ts: 80.33 MiB / 80.33 MiB  48.25 MiB/s
C:\Users\Kevin\AppData\Local\Temp\cinehome-hls-new-batman-series-s01e09\seg_0040.ts: 81.16 MiB / 81.16 MiB  48.74 MiB/s
C:\Users\Kevin\AppData\Local\Temp\cinehome-hls-new-batman-series-s01e09\seg_0042.ts: 82.55 MiB / 82.55 MiB  48.47 MiB/s
C:\Users\Kevin\AppData\Local\Temp\cinehome-hls-new-batman-series-s01e09\seg_0042.ts: 83.59 MiB / 83.59 MiB  48.59 MiB/s
C:\Users\Kevin\AppData\Local\Temp\cinehome-hls-new-batman-series-s01e09\seg_0042.ts: 84.04 MiB / 84.04 MiB  48.85 MiB/s
C:\Users\Kevin\AppData\Local\Temp\cinehome-hls-new-batman-series-s01e09\seg_0044.ts: 84.04 MiB / 84.04 MiB  47.80 MiB/s
C:\Users\Kevin\AppData\Local\Temp\cinehome-hls-new-batman-series-s01e09\seg_0044.ts: 84.04 MiB / 84.04 MiB  47.80 MiB/s
C:\Users\Kevin\AppData\Local\Temp\cinehome-hls-new-batman-series-s01e09\seg_0045.ts: 84.67 MiB / 84.67 MiB  47.69 MiB/s
C:\Users\Kevin\AppData\Local\Temp\cinehome-hls-new-batman-series-s01e09\seg_0046.ts: 85.14 MiB / 85.14 MiB  47.12 MiB/s
C:\Users\Kevin\AppData\Local\Temp\cinehome-hls-new-batman-series-s01e09\seg_0047.ts: 86.01 MiB / 86.01 MiB  47.53 MiB/s
C:\Users\Kevin\AppData\Local\Temp\cinehome-hls-new-batman-series-s01e09\seg_0047.ts: 86.95 MiB / 86.95 MiB  48.06 MiB/s
C:\Users\Kevin\AppData\Local\Temp\cinehome-hls-new-batman-series-s01e09\seg_0049.ts: 87.75 MiB / 87.75 MiB  48.31 MiB/s
C:\Users\Kevin\AppData\Local\Temp\cinehome-hls-new-batman-series-s01e09\seg_0049.ts: 88.56 MiB / 88.56 MiB  48.30 MiB/s
C:\Users\Kevin\AppData\Local\Temp\cinehome-hls-new-batman-series-s01e09\seg_0049.ts: 89.34 MiB / 89.34 MiB  48.73 MiB/s
C:\Users\Kevin\AppData\Local\Temp\cinehome-hls-new-batman-series-s01e09\seg_0051.ts: 89.34 MiB / 89.34 MiB  47.42 MiB/s
C:\Users\Kevin\AppData\Local\Temp\cinehome-hls-new-batman-series-s01e09\seg_0051.ts: 89.34 MiB / 89.34 MiB  47.42 MiB/s
C:\Users\Kevin\AppData\Local\Temp\cinehome-hls-new-batman-series-s01e09\seg_0052.ts: 90.24 MiB / 90.24 MiB  47.32 MiB/s
C:\Users\Kevin\AppData\Local\Temp\cinehome-hls-new-batman-series-s01e09\seg_0053.ts: 90.74 MiB / 90.74 MiB  47.08 MiB/s
C:\Users\Kevin\AppData\Local\Temp\cinehome-hls-new-batman-series-s01e09\seg_0054.ts: 91.15 MiB / 91.15 MiB  47.24 MiB/s
C:\Users\Kevin\AppData\Local\Temp\cinehome-hls-new-batman-series-s01e09\seg_0055.ts: 91.58 MiB / 91.58 MiB  47.43 MiB/s
C:\Users\Kevin\AppData\Local\Temp\cinehome-hls-new-batman-series-s01e09\seg_0056.ts: 92.39 MiB / 92.39 MiB  47.77 MiB/s
C:\Users\Kevin\AppData\Local\Temp\cinehome-hls-new-batman-series-s01e09\seg_0057.ts: 93.16 MiB / 93.16 MiB  47.95 MiB/s
C:\Users\Kevin\AppData\Local\Temp\cinehome-hls-new-batman-series-s01e09\seg_0058.ts: 94.30 MiB / 94.30 MiB  46.96 MiB/s
C:\Users\Kevin\AppData\Local\Temp\cinehome-hls-new-batman-series-s01e09\seg_0058.ts: 94.30 MiB / 94.30 MiB  46.93 MiB/s
C:\Users\Kevin\AppData\Local\Temp\cinehome-hls-new-batman-series-s01e09\seg_0058.ts: 94.30 MiB / 94.30 MiB  46.93 MiB/s
C:\Users\Kevin\AppData\Local\Temp\cinehome-hls-new-batman-series-s01e09\seg_0059.ts: 94.93 MiB / 94.93 MiB  47.24 MiB/s
C:\Users\Kevin\AppData\Local\Temp\cinehome-hls-new-batman-series-s01e09\seg_0060.ts: 96.24 MiB / 96.24 MiB  47.87 MiB/s
C:\Users\Kevin\AppData\Local\Temp\cinehome-hls-new-batman-series-s01e09\seg_0061.ts: 97.10 MiB / 97.10 MiB  48.29 MiB/s
C:\Users\Kevin\AppData\Local\Temp\cinehome-hls-new-batman-series-s01e09\seg_0062.ts: 98.04 MiB / 98.04 MiB  48.72 MiB/s
C:\Users\Kevin\AppData\Local\Temp\cinehome-hls-new-batman-series-s01e09\seg_0063.ts: 99.08 MiB / 99.08 MiB  49.22 MiB/s
C:\Users\Kevin\AppData\Local\Temp\cinehome-hls-new-batman-series-s01e09\seg_0064.ts: 99.87 MiB / 99.87 MiB  48.81 MiB/s
C:\Users\Kevin\AppData\Local\Temp\cinehome-hls-new-batman-series-s01e09\seg_0065.ts: 100.64 MiB / 100.64 MiB  49.00 MiB/s
C:\Users\Kevin\AppData\Local\Temp\cinehome-hls-new-batman-series-s01e09\seg_0066.ts: 101.97 MiB / 101.97 MiB  48.50 MiB/s
C:\Users\Kevin\AppData\Local\Temp\cinehome-hls-new-batman-series-s01e09\seg_0067.ts: 104.01 MiB / 104.01 MiB  49.37 MiB/s
C:\Users\Kevin\AppData\Local\Temp\cinehome-hls-new-batman-series-s01e09\seg_0068.ts: 105.06 MiB / 105.06 MiB  49.29 MiB/s
C:\Users\Kevin\AppData\Local\Temp\cinehome-hls-new-batman-series-s01e09\seg_0069.ts: 105.88 MiB / 105.88 MiB  49.66 MiB/s
C:\Users\Kevin\AppData\Local\Temp\cinehome-hls-new-batman-series-s01e09\seg_0069.ts: 105.88 MiB / 105.88 MiB  49.59 MiB/s
C:\Users\Kevin\AppData\Local\Temp\cinehome-hls-new-batman-series-s01e09\seg_0069.ts: 105.88 MiB / 105.88 MiB  49.59 MiB/s
C:\Users\Kevin\AppData\Local\Temp\cinehome-hls-new-batman-series-s01e09\seg_0070.ts: 107.69 MiB / 107.69 MiB  49.10 MiB/s
C:\Users\Kevin\AppData\Local\Temp\cinehome-hls-new-batman-series-s01e09\seg_0071.ts: 110.31 MiB / 110.31 MiB  50.17 MiB/s
C:\Users\Kevin\AppData\Local\Temp\cinehome-hls-new-batman-series-s01e09\seg_0072.ts: 112.35 MiB / 112.35 MiB  50.80 MiB/s
C:\Users\Kevin\AppData\Local\Temp\cinehome-hls-new-batman-series-s01e09\seg_0072.ts: 113.63 MiB / 113.63 MiB  51.36 MiB/s
C:\Users\Kevin\AppData\Local\Temp\cinehome-hls-new-batman-series-s01e09\seg_0073.ts: 114.43 MiB / 114.43 MiB  51.72 MiB/s
C:\Users\Kevin\AppData\Local\Temp\cinehome-hls-new-batman-series-s01e09\seg_0075.ts: 115.47 MiB / 115.47 MiB  51.63 MiB/s
C:\Users\Kevin\AppData\Local\Temp\cinehome-hls-new-batman-series-s01e09\seg_0076.ts: 116.37 MiB / 116.37 MiB  51.99 MiB/s
C:\Users\Kevin\AppData\Local\Temp\cinehome-hls-new-batman-series-s01e09\seg_0077.ts: 116.94 MiB / 116.94 MiB  52.24 MiB/s
C:\Users\Kevin\AppData\Local\Temp\cinehome-hls-new-batman-series-s01e09\seg_0078.ts: 117.38 MiB / 117.38 MiB  52.41 MiB/s
C:\Users\Kevin\AppData\Local\Temp\cinehome-hls-new-batman-series-s01e09\seg_0079.ts: 120.27 MiB / 120.27 MiB  53.59 MiB/s
C:\Users\Kevin\AppData\Local\Temp\cinehome-hls-new-batman-series-s01e09\seg_0080.ts: 121.47 MiB / 121.47 MiB  54.03 MiB/s
C:\Users\Kevin\AppData\Local\Temp\cinehome-hls-new-batman-series-s01e09\seg_0081.ts: 122.36 MiB / 122.36 MiB  54.40 MiB/s
C:\Users\Kevin\AppData\Local\Temp\cinehome-hls-new-batman-series-s01e09\seg_0082.ts: 124.33 MiB / 124.33 MiB  55.20 MiB/s
C:\Users\Kevin\AppData\Local\Temp\cinehome-hls-new-batman-series-s01e09\seg_0082.ts: 124.33 MiB / 124.33 MiB  55.00 MiB/s
C:\Users\Kevin\AppData\Local\Temp\cinehome-hls-new-batman-series-s01e09\seg_0082.ts: 124.33 MiB / 124.33 MiB  55.00 MiB/s
C:\Users\Kevin\AppData\Local\Temp\cinehome-hls-new-batman-series-s01e09\seg_0082.ts: 124.33 MiB / 124.33 MiB  52.10 MiB/s
C:\Users\Kevin\AppData\Local\Temp\cinehome-hls-new-batman-series-s01e09\seg_0082.ts: 124.33 MiB / 124.33 MiB  52.10 MiB/s
C:\Users\Kevin\AppData\Local\Temp\cinehome-hls-new-batman-series-s01e09\seg_0083.ts: 126.28 MiB / 126.28 MiB  51.46 MiB/s
C:\Users\Kevin\AppData\Local\Temp\cinehome-hls-new-batman-series-s01e09\seg_0084.ts: 129.17 MiB / 129.17 MiB  52.24 MiB/s
C:\Users\Kevin\AppData\Local\Temp\cinehome-hls-new-batman-series-s01e09\seg_0085.ts: 130.51 MiB / 130.51 MiB  52.50 MiB/s
C:\Users\Kevin\AppData\Local\Temp\cinehome-hls-new-batman-series-s01e09\seg_0086.ts: 133.29 MiB / 133.29 MiB  53.40 MiB/s
C:\Users\Kevin\AppData\Local\Temp\cinehome-hls-new-batman-series-s01e09\seg_0086.ts: 133.29 MiB / 133.29 MiB  53.06 MiB/s
C:\Users\Kevin\AppData\Local\Temp\cinehome-hls-new-batman-series-s01e09\seg_0086.ts: 133.29 MiB / 133.29 MiB  53.06 MiB/s
C:\Users\Kevin\AppData\Local\Temp\cinehome-hls-new-batman-series-s01e09\seg_0087.ts: 136.13 MiB / 136.13 MiB  53.38 MiB/s
C:\Users\Kevin\AppData\Local\Temp\cinehome-hls-new-batman-series-s01e09\seg_0088.ts: 137.48 MiB / 137.48 MiB  53.42 MiB/s
C:\Users\Kevin\AppData\Local\Temp\cinehome-hls-new-batman-series-s01e09\seg_0089.ts: 141.86 MiB / 141.86 MiB  54.95 MiB/s
C:\Users\Kevin\AppData\Local\Temp\cinehome-hls-new-batman-series-s01e09\seg_0090.ts: 143.11 MiB / 143.11 MiB  55.39 MiB/s
C:\Users\Kevin\AppData\Local\Temp\cinehome-hls-new-batman-series-s01e09\seg_0090.ts: 144.16 MiB / 144.16 MiB  55.78 MiB/s
C:\Users\Kevin\AppData\Local\Temp\cinehome-hls-new-batman-series-s01e09\seg_0090.ts: 147.15 MiB / 147.15 MiB  56.92 MiB/s
C:\Users\Kevin\AppData\Local\Temp\cinehome-hls-new-batman-series-s01e09\seg_0090.ts: 148.99 MiB / 148.99 MiB  57.63 MiB/s
C:\Users\Kevin\AppData\Local\Temp\cinehome-hls-new-batman-series-s01e09\seg_0091.ts: 149.78 MiB / 149.78 MiB  57.94 MiB/s
C:\Users\Kevin\AppData\Local\Temp\cinehome-hls-new-batman-series-s01e09\seg_0091.ts: 150.94 MiB / 150.94 MiB  58.37 MiB/s
C:\Users\Kevin\AppData\Local\Temp\cinehome-hls-new-batman-series-s01e09\seg_0096.ts: 151.81 MiB / 151.81 MiB  58.26 MiB/s
C:\Users\Kevin\AppData\Local\Temp\cinehome-hls-new-batman-series-s01e09\seg_0097.ts: 152.44 MiB / 152.44 MiB  57.92 MiB/s
C:\Users\Kevin\AppData\Local\Temp\cinehome-hls-new-batman-series-s01e09\seg_0098.ts: 153.57 MiB / 153.57 MiB  58.32 MiB/s
C:\Users\Kevin\AppData\Local\Temp\cinehome-hls-new-batman-series-s01e09\seg_0098.ts: 153.57 MiB / 153.57 MiB  58.23 MiB/s
C:\Users\Kevin\AppData\Local\Temp\cinehome-hls-new-batman-series-s01e09\seg_0098.ts: 153.57 MiB / 153.57 MiB  58.23 MiB/s
C:\Users\Kevin\AppData\Local\Temp\cinehome-hls-new-batman-series-s01e09\seg_0099.ts: 154.07 MiB / 154.07 MiB  58.32 MiB/s
C:\Users\Kevin\AppData\Local\Temp\cinehome-hls-new-batman-series-s01e09\seg_0099.ts: 154.07 MiB / 154.07 MiB  55.76 MiB/s
C:\Users\Kevin\AppData\Local\Temp\cinehome-hls-new-batman-series-s01e09\seg_0099.ts: 154.07 MiB / 154.07 MiB  55.76 MiB/s
C:\Users\Kevin\AppData\Local\Temp\cinehome-hls-new-batman-series-s01e09\seg_0100.ts: 155.05 MiB / 155.05 MiB  54.18 MiB/s
C:\Users\Kevin\AppData\Local\Temp\cinehome-hls-new-batman-series-s01e09\seg_0101.ts: 156.46 MiB / 156.46 MiB  54.57 MiB/s
C:\Users\Kevin\AppData\Local\Temp\cinehome-hls-new-batman-series-s01e09\seg_0102.ts: 157.93 MiB / 157.93 MiB  54.95 MiB/s
C:\Users\Kevin\AppData\Local\Temp\cinehome-hls-new-batman-series-s01e09\seg_0103.ts: 159.37 MiB / 159.37 MiB  55.45 MiB/s
C:\Users\Kevin\AppData\Local\Temp\cinehome-hls-new-batman-series-s01e09\seg_0104.ts: 160.14 MiB / 160.14 MiB  55.64 MiB/s
C:\Users\Kevin\AppData\Local\Temp\cinehome-hls-new-batman-series-s01e09\seg_0105.ts: 161.45 MiB / 161.45 MiB  55.93 MiB/s
C:\Users\Kevin\AppData\Local\Temp\cinehome-hls-new-batman-series-s01e09\seg_0106.ts: 162.22 MiB / 162.22 MiB  56.19 MiB/s
C:\Users\Kevin\AppData\Local\Temp\cinehome-hls-new-batman-series-s01e09\seg_0106.ts: 163.48 MiB / 163.48 MiB  56.62 MiB/s
C:\Users\Kevin\AppData\Local\Temp\cinehome-hls-new-batman-series-s01e09\seg_0107.ts: 164.13 MiB / 164.13 MiB  56.83 MiB/s
C:\Users\Kevin\AppData\Local\Temp\cinehome-hls-new-batman-series-s01e09\seg_0107.ts: 165.95 MiB / 165.95 MiB  57.46 MiB/s
C:\Users\Kevin\AppData\Local\Temp\cinehome-hls-new-batman-series-s01e09\seg_0107.ts: 164.13 MiB / 164.13 MiB  56.82 MiB/s
C:\Users\Kevin\AppData\Local\Temp\cinehome-hls-new-batman-series-s01e09\seg_0107.ts: 164.13 MiB / 164.13 MiB  56.82 MiB/s
C:\Users\Kevin\AppData\Local\Temp\cinehome-hls-new-batman-series-s01e09\seg_0110.ts: 166.33 MiB / 166.33 MiB  57.34 MiB/s
C:\Users\Kevin\AppData\Local\Temp\cinehome-hls-new-batman-series-s01e09\seg_0111.ts: 167.27 MiB / 167.27 MiB  57.31 MiB/s
C:\Users\Kevin\AppData\Local\Temp\cinehome-hls-new-batman-series-s01e09\seg_0112.ts: 168.28 MiB / 168.28 MiB  56.71 MiB/s
C:\Users\Kevin\AppData\Local\Temp\cinehome-hls-new-batman-series-s01e09\seg_0112.ts: 168.28 MiB / 168.28 MiB  55.83 MiB/s
C:\Users\Kevin\AppData\Local\Temp\cinehome-hls-new-batman-series-s01e09\seg_0112.ts: 168.28 MiB / 168.28 MiB  55.83 MiB/s
C:\Users\Kevin\AppData\Local\Temp\cinehome-hls-new-batman-series-s01e09\seg_0113.ts: 169.53 MiB / 169.53 MiB  55.38 MiB/s
C:\Users\Kevin\AppData\Local\Temp\cinehome-hls-new-batman-series-s01e09\seg_0114.ts: 170.85 MiB / 170.85 MiB  55.75 MiB/s
C:\Users\Kevin\AppData\Local\Temp\cinehome-hls-new-batman-series-s01e09\seg_0115.ts: 172.05 MiB / 172.05 MiB  54.97 MiB/s
C:\Users\Kevin\AppData\Local\Temp\cinehome-hls-new-batman-series-s01e09\seg_0116.ts: 173.07 MiB / 173.07 MiB  55.19 MiB/s
C:\Users\Kevin\AppData\Local\Temp\cinehome-hls-new-batman-series-s01e09\seg_0117.ts: 174.25 MiB / 174.25 MiB  55.54 MiB/s
C:\Users\Kevin\AppData\Local\Temp\cinehome-hls-new-batman-series-s01e09\seg_0118.ts: 175.03 MiB / 175.03 MiB  55.78 MiB/s
C:\Users\Kevin\AppData\Local\Temp\cinehome-hls-new-batman-series-s01e09\seg_0118.ts: 176.85 MiB / 176.85 MiB  56.35 MiB/s
C:\Users\Kevin\AppData\Local\Temp\cinehome-hls-new-batman-series-s01e09\seg_0118.ts: 178.63 MiB / 178.63 MiB  56.89 MiB/s
C:\Users\Kevin\AppData\Local\Temp\cinehome-hls-new-batman-series-s01e09\seg_0118.ts: 179.42 MiB / 179.42 MiB  57.14 MiB/s
C:\Users\Kevin\AppData\Local\Temp\cinehome-hls-new-batman-series-s01e09\seg_0118.ts: 176.85 MiB / 176.85 MiB  56.31 MiB/s
C:\Users\Kevin\AppData\Local\Temp\cinehome-hls-new-batman-series-s01e09\seg_0119.ts: 176.85 MiB / 176.85 MiB  56.31 MiB/s
C:\Users\Kevin\AppData\Local\Temp\cinehome-hls-new-batman-series-s01e09\seg_0122.ts: 181.20 MiB / 181.20 MiB  57.70 MiB/s
C:\Users\Kevin\AppData\Local\Temp\cinehome-hls-new-batman-series-s01e09\seg_0123.ts: 181.97 MiB / 181.97 MiB  57.91 MiB/s
C:\Users\Kevin\AppData\Local\Temp\cinehome-hls-new-batman-series-s01e09\seg_0124.ts: 182.70 MiB / 182.70 MiB  58.08 MiB/s
C:\Users\Kevin\AppData\Local\Temp\cinehome-hls-new-batman-series-s01e09\seg_0124.ts: 183.34 MiB / 183.34 MiB  58.27 MiB/s
C:\Users\Kevin\AppData\Local\Temp\cinehome-hls-new-batman-series-s01e09\seg_0125.ts: 183.70 MiB / 183.70 MiB  58.38 MiB/s
C:\Users\Kevin\AppData\Local\Temp\cinehome-hls-new-batman-series-s01e09\seg_0126.ts: 183.70 MiB / 183.70 MiB  56.25 MiB/s
C:\Users\Kevin\AppData\Local\Temp\cinehome-hls-new-batman-series-s01e09\seg_0126.ts: 183.70 MiB / 183.70 MiB  56.25 MiB/s
C:\Users\Kevin\AppData\Local\Temp\cinehome-hls-new-batman-series-s01e09\seg_0127.ts: 185.23 MiB / 185.23 MiB  56.60 MiB/s
C:\Users\Kevin\AppData\Local\Temp\cinehome-hls-new-batman-series-s01e09\seg_0128.ts: 188.36 MiB / 188.36 MiB  56.97 MiB/s
C:\Users\Kevin\AppData\Local\Temp\cinehome-hls-new-batman-series-s01e09\seg_0129.ts: 189.38 MiB / 189.38 MiB  56.69 MiB/s
C:\Users\Kevin\AppData\Local\Temp\cinehome-hls-new-batman-series-s01e09\seg_0130.ts: 190.52 MiB / 190.52 MiB  56.33 MiB/s
C:\Users\Kevin\AppData\Local\Temp\cinehome-hls-new-batman-series-s01e09\seg_0130.ts: 190.52 MiB / 190.52 MiB  56.17 MiB/s
C:\Users\Kevin\AppData\Local\Temp\cinehome-hls-new-batman-series-s01e09\seg_0130.ts: 190.52 MiB / 190.52 MiB  56.17 MiB/s
C:\Users\Kevin\AppData\Local\Temp\cinehome-hls-new-batman-series-s01e09\seg_0131.ts: 191.07 MiB / 191.07 MiB  54.90 MiB/s
C:\Users\Kevin\AppData\Local\Temp\cinehome-hls-new-batman-series-s01e09\seg_0132.ts: 191.36 MiB / 191.36 MiB  54.94 MiB/s
C:\Users\Kevin\AppData\Local\Temp\cinehome-hls-new-batman-series-s01e09\seg_0132.ts: 192.79 MiB / 192.79 MiB  55.33 MiB/s
C:\Users\Kevin\AppData\Local\Temp\cinehome-hls-new-batman-series-s01e09\seg_0133.ts: 193.34 MiB / 193.34 MiB  55.44 MiB/s
C:\Users\Kevin\AppData\Local\Temp\cinehome-hls-new-batman-series-s01e09\seg_0133.ts: 194.12 MiB / 194.12 MiB  55.64 MiB/s
C:\Users\Kevin\AppData\Local\Temp\cinehome-hls-new-batman-series-s01e09\seg_0135.ts: 195.83 MiB / 195.83 MiB  56.12 MiB/s
C:\Users\Kevin\AppData\Local\Temp\cinehome-hls-new-batman-series-s01e09\seg_0136.ts: 197.28 MiB / 197.28 MiB  56.53 MiB/s
C:\Users\Kevin\AppData\Local\Temp\cinehome-hls-new-batman-series-s01e09\seg_0137.ts: 197.69 MiB / 197.69 MiB  56.64 MiB/s
C:\Users\Kevin\AppData\Local\Temp\cinehome-hls-new-batman-series-s01e09\seg_0137.ts: 198.60 MiB / 198.60 MiB  56.90 MiB/s
C:\Users\Kevin\AppData\Local\Temp\cinehome-hls-new-batman-series-s01e09\seg_0137.ts: 199.60 MiB / 199.60 MiB  57.17 MiB/s
C:\Users\Kevin\AppData\Local\Temp\cinehome-hls-new-batman-series-s01e09\seg_0137.ts: 200.51 MiB / 200.51 MiB  57.43 MiB/s
C:\Users\Kevin\AppData\Local\Temp\cinehome-hls-new-batman-series-s01e09\seg_0137.ts: 201.69 MiB / 201.69 MiB  57.77 MiB/s
C:\Users\Kevin\AppData\Local\Temp\cinehome-hls-new-batman-series-s01e09\seg_0142.ts: 201.69 MiB / 201.69 MiB  57.35 MiB/s
C:\Users\Kevin\AppData\Local\Temp\cinehome-hls-new-batman-series-s01e09\seg_0142.ts: 201.69 MiB / 201.69 MiB  57.35 MiB/s
C:\Users\Kevin\AppData\Local\Temp\cinehome-hls-new-batman-series-s01e09\seg_0143.ts: 203.03 MiB / 203.03 MiB  57.53 MiB/s
C:\Users\Kevin\AppData\Local\Temp\cinehome-hls-new-batman-series-s01e09\seg_0144.ts: 204.67 MiB / 204.67 MiB  57.59 MiB/s
C:\Users\Kevin\AppData\Local\Temp\cinehome-hls-new-batman-series-s01e09\seg_0145.ts: 205.64 MiB / 205.64 MiB  57.70 MiB/s
C:\Users\Kevin\AppData\Local\Temp\cinehome-hls-new-batman-series-s01e09\seg_0145.ts: 205.64 MiB / 205.64 MiB  56.46 MiB/s
C:\Users\Kevin\AppData\Local\Temp\cinehome-hls-new-batman-series-s01e09\seg_0145.ts: 205.64 MiB / 205.64 MiB  56.46 MiB/s
C:\Users\Kevin\AppData\Local\Temp\cinehome-hls-new-batman-series-s01e09\seg_0146.ts: 207.94 MiB / 207.94 MiB  56.00 MiB/s
C:\Users\Kevin\AppData\Local\Temp\cinehome-hls-new-batman-series-s01e09\seg_0146.ts: 208.78 MiB / 208.78 MiB  55.97 MiB/s
C:\Users\Kevin\AppData\Local\Temp\cinehome-hls-new-batman-series-s01e09\seg_0146.ts: 211.01 MiB / 211.01 MiB  56.57 MiB/s
C:\Users\Kevin\AppData\Local\Temp\cinehome-hls-new-batman-series-s01e09\seg_0148.ts: 213.21 MiB / 213.21 MiB  57.14 MiB/s
C:\Users\Kevin\AppData\Local\Temp\cinehome-hls-new-batman-series-s01e09\seg_0148.ts: 214.06 MiB / 214.06 MiB  57.36 MiB/s
C:\Users\Kevin\AppData\Local\Temp\cinehome-hls-new-batman-series-s01e09\seg_0150.ts: 215.04 MiB / 215.04 MiB  57.63 MiB/s
C:\Users\Kevin\AppData\Local\Temp\cinehome-hls-new-batman-series-s01e09\seg_0150.ts: 215.97 MiB / 215.97 MiB  57.86 MiB/s
C:\Users\Kevin\AppData\Local\Temp\cinehome-hls-new-batman-series-s01e09\seg_0153.ts: 217.70 MiB / 217.70 MiB  58.32 MiB/s
C:\Users\Kevin\AppData\Local\Temp\cinehome-hls-new-batman-series-s01e09\seg_0154.ts: 218.71 MiB / 218.71 MiB  58.56 MiB/s
C:\Users\Kevin\AppData\Local\Temp\cinehome-hls-new-batman-series-s01e09\seg_0154.ts: 219.36 MiB / 219.36 MiB  58.74 MiB/s
C:\Users\Kevin\AppData\Local\Temp\cinehome-hls-new-batman-series-s01e09\seg_0154.ts: 219.91 MiB / 219.91 MiB  58.88 MiB/s
C:\Users\Kevin\AppData\Local\Temp\cinehome-hls-new-batman-series-s01e09\seg_0156.ts: 220.68 MiB / 220.68 MiB  59.06 MiB/s
C:\Users\Kevin\AppData\Local\Temp\cinehome-hls-new-batman-series-s01e09\seg_0158.ts: 221.53 MiB / 221.53 MiB  59.03 MiB/s
C:\Users\Kevin\AppData\Local\Temp\cinehome-hls-new-batman-series-s01e09\seg_0158.ts: 221.53 MiB / 221.53 MiB  58.80 MiB/s
C:\Users\Kevin\AppData\Local\Temp\cinehome-hls-new-batman-series-s01e09\seg_0158.ts: 221.53 MiB / 221.53 MiB  58.80 MiB/s
C:\Users\Kevin\AppData\Local\Temp\cinehome-hls-new-batman-series-s01e09\seg_0159.ts: 222.78 MiB / 222.78 MiB  57.87 MiB/s
C:\Users\Kevin\AppData\Local\Temp\cinehome-hls-new-batman-series-s01e09\seg_0159.ts: 222.78 MiB / 222.78 MiB  57.23 MiB/s
C:\Users\Kevin\AppData\Local\Temp\cinehome-hls-new-batman-series-s01e09\seg_0159.ts: 222.78 MiB / 222.78 MiB  57.23 MiB/s
C:\Users\Kevin\AppData\Local\Temp\cinehome-hls-new-batman-series-s01e09\seg_0159.ts: 223.65 MiB / 223.65 MiB  56.73 MiB/s
C:\Users\Kevin\AppData\Local\Temp\cinehome-hls-new-batman-series-s01e09\seg_0159.ts: 224.58 MiB / 224.58 MiB  56.96 MiB/s
C:\Users\Kevin\AppData\Local\Temp\cinehome-hls-new-batman-series-s01e09\seg_0162.ts: 225.30 MiB / 225.30 MiB  56.58 MiB/s
C:\Users\Kevin\AppData\Local\Temp\cinehome-hls-new-batman-series-s01e09\seg_0163.ts: 227.15 MiB / 227.15 MiB  56.78 MiB/s
C:\Users\Kevin\AppData\Local\Temp\cinehome-hls-new-batman-series-s01e09\seg_0163.ts: 228.20 MiB / 228.20 MiB  57.05 MiB/s
C:\Users\Kevin\AppData\Local\Temp\cinehome-hls-new-batman-series-s01e09\seg_0163.ts: 229.82 MiB / 229.82 MiB  57.45 MiB/s
C:\Users\Kevin\AppData\Local\Temp\cinehome-hls-new-batman-series-s01e09\seg_0165.ts: 230.42 MiB / 230.42 MiB  57.59 MiB/s
C:\Users\Kevin\AppData\Local\Temp\cinehome-hls-new-batman-series-s01e09\seg_0165.ts: 231.40 MiB / 231.40 MiB  57.83 MiB/s
C:\Users\Kevin\AppData\Local\Temp\cinehome-hls-new-batman-series-s01e09\seg_0165.ts: 232.20 MiB / 232.20 MiB  58.02 MiB/s
C:\Users\Kevin\AppData\Local\Temp\cinehome-hls-new-batman-series-s01e09\seg_0167.ts: 233.35 MiB / 233.35 MiB  58.31 MiB/s
C:\Users\Kevin\AppData\Local\Temp\cinehome-hls-new-batman-series-s01e09\seg_0167.ts: 235.75 MiB / 235.75 MiB  58.88 MiB/s
C:\Users\Kevin\AppData\Local\Temp\cinehome-hls-new-batman-series-s01e09\seg_0170.ts: 236.67 MiB / 236.67 MiB  59.10 MiB/s
C:\Users\Kevin\AppData\Local\Temp\cinehome-hls-new-batman-series-s01e09\seg_0171.ts: 238.36 MiB / 238.36 MiB  59.52 MiB/s
C:\Users\Kevin\AppData\Local\Temp\cinehome-hls-new-batman-series-s01e09\seg_0172.ts: 239.11 MiB / 239.11 MiB  59.70 MiB/s
C:\Users\Kevin\AppData\Local\Temp\cinehome-hls-new-batman-series-s01e09\seg_0173.ts: 240.67 MiB / 240.67 MiB  60.08 MiB/s
C:\Users\Kevin\AppData\Local\Temp\cinehome-hls-new-batman-series-s01e09\seg_0174.ts: 243.42 MiB / 243.42 MiB  60.76 MiB/s
C:\Users\Kevin\AppData\Local\Temp\cinehome-hls-new-batman-series-s01e09\seg_0176.ts: 245.47 MiB / 245.47 MiB  61.25 MiB/s
C:\Users\Kevin\AppData\Local\Temp\cinehome-hls-new-batman-series-s01e09\seg_0177.ts: 246.34 MiB / 246.34 MiB  61.43 MiB/s
C:\Users\Kevin\AppData\Local\Temp\cinehome-hls-new-batman-series-s01e09\seg_0178.ts: 247.82 MiB / 247.82 MiB  61.69 MiB/s
C:\Users\Kevin\AppData\Local\Temp\cinehome-hls-new-batman-series-s01e09\seg_0178.ts: 247.82 MiB / 247.82 MiB  61.68 MiB/s
C:\Users\Kevin\AppData\Local\Temp\cinehome-hls-new-batman-series-s01e09\seg_0178.ts: 247.82 MiB / 247.82 MiB  61.68 MiB/s
C:\Users\Kevin\AppData\Local\Temp\cinehome-hls-new-batman-series-s01e09\seg_0179.ts: 249.08 MiB / 249.08 MiB  61.64 MiB/s
C:\Users\Kevin\AppData\Local\Temp\cinehome-hls-new-batman-series-s01e09\seg_0180.ts: 250.14 MiB / 250.14 MiB  61.88 MiB/s
C:\Users\Kevin\AppData\Local\Temp\cinehome-hls-new-batman-series-s01e09\seg_0181.ts: 250.85 MiB / 250.85 MiB  61.19 MiB/s
C:\Users\Kevin\AppData\Local\Temp\cinehome-hls-new-batman-series-s01e09\seg_0181.ts: 250.85 MiB / 250.85 MiB  60.54 MiB/s
C:\Users\Kevin\AppData\Local\Temp\cinehome-hls-new-batman-series-s01e09\seg_0181.ts: 250.85 MiB / 250.85 MiB  60.54 MiB/s
C:\Users\Kevin\AppData\Local\Temp\cinehome-hls-new-batman-series-s01e09\seg_0182.ts: 251.79 MiB / 251.79 MiB  60.52 MiB/s
C:\Users\Kevin\AppData\Local\Temp\cinehome-hls-new-batman-series-s01e09\seg_0183.ts: 252.03 MiB / 252.03 MiB  60.56 MiB/s
C:\Users\Kevin\AppData\Local\Temp\cinehome-hls-new-batman-series-s01e09\seg_0184.ts: 253.10 MiB / 253.10 MiB  60.81 MiB/s
C:\Users\Kevin\AppData\Local\Temp\cinehome-hls-new-batman-series-s01e09\seg_0185.ts: 254.01 MiB / 254.01 MiB  61.00 MiB/s
C:\Users\Kevin\AppData\Local\Temp\cinehome-hls-new-batman-series-s01e09\seg_0185.ts: 254.01 MiB / 254.01 MiB  59.51 MiB/s
C:\Users\Kevin\AppData\Local\Temp\cinehome-hls-new-batman-series-s01e09\seg_0185.ts: 254.01 MiB / 254.01 MiB  59.51 MiB/s
C:\Users\Kevin\AppData\Local\Temp\cinehome-hls-new-batman-series-s01e09\seg_0186.ts: 255.19 MiB / 255.19 MiB  59.14 MiB/s
C:\Users\Kevin\AppData\Local\Temp\cinehome-hls-new-batman-series-s01e09\seg_0187.ts: 256.72 MiB / 256.72 MiB  58.73 MiB/s
C:\Users\Kevin\AppData\Local\Temp\cinehome-hls-new-batman-series-s01e09\seg_0188.ts: 257.28 MiB / 257.28 MiB  58.57 MiB/s
C:\Users\Kevin\AppData\Local\Temp\cinehome-hls-new-batman-series-s01e09\seg_0188.ts: 257.28 MiB / 257.28 MiB  58.55 MiB/s
C:\Users\Kevin\AppData\Local\Temp\cinehome-hls-new-batman-series-s01e09\seg_0188.ts: 257.28 MiB / 257.28 MiB  58.55 MiB/s
C:\Users\Kevin\AppData\Local\Temp\cinehome-hls-new-batman-series-s01e09\seg_0189.ts: 258.58 MiB / 258.58 MiB  58.68 MiB/s
C:\Users\Kevin\AppData\Local\Temp\cinehome-hls-new-batman-series-s01e09\seg_0190.ts: 259.17 MiB / 259.17 MiB  58.80 MiB/s
C:\Users\Kevin\AppData\Local\Temp\cinehome-hls-new-batman-series-s01e09\seg_0191.ts: 260.24 MiB / 260.24 MiB  57.70 MiB/s
C:\Users\Kevin\AppData\Local\Temp\cinehome-hls-new-batman-series-s01e09\seg_0191.ts: 260.24 MiB / 260.24 MiB  57.58 MiB/s
C:\Users\Kevin\AppData\Local\Temp\cinehome-hls-new-batman-series-s01e09\seg_0191.ts: 260.24 MiB / 260.24 MiB  57.58 MiB/s
C:\Users\Kevin\AppData\Local\Temp\cinehome-hls-new-batman-series-s01e09\seg_0192.ts: 262.44 MiB / 262.44 MiB  57.81 MiB/s
C:\Users\Kevin\AppData\Local\Temp\cinehome-hls-new-batman-series-s01e09\seg_0193.ts: 265.02 MiB / 265.02 MiB  58.13 MiB/s
C:\Users\Kevin\AppData\Local\Temp\cinehome-hls-new-batman-series-s01e09\seg_0194.ts: 266.14 MiB / 266.14 MiB  58.27 MiB/s
C:\Users\Kevin\AppData\Local\Temp\cinehome-hls-new-batman-series-s01e09\seg_0195.ts: 267.41 MiB / 267.41 MiB  58.38 MiB/s
C:\Users\Kevin\AppData\Local\Temp\cinehome-hls-new-batman-series-s01e09\seg_0196.ts: 269.03 MiB / 269.03 MiB  58.73 MiB/s
C:\Users\Kevin\AppData\Local\Temp\cinehome-hls-new-batman-series-s01e09\seg_0197.ts: 270.01 MiB / 270.01 MiB  58.93 MiB/s
C:\Users\Kevin\AppData\Local\Temp\cinehome-hls-new-batman-series-s01e09\seg_0197.ts: 271.70 MiB / 271.70 MiB  59.29 MiB/s
C:\Users\Kevin\AppData\Local\Temp\cinehome-hls-new-batman-series-s01e09\seg_0197.ts: 272.77 MiB / 272.77 MiB  59.51 MiB/s
C:\Users\Kevin\AppData\Local\Temp\cinehome-hls-new-batman-series-s01e09\seg_0197.ts: 274.09 MiB / 274.09 MiB  59.80 MiB/s
C:\Users\Kevin\AppData\Local\Temp\cinehome-hls-new-batman-series-s01e09\seg_0200.ts: 275.39 MiB / 275.39 MiB  60.08 MiB/s
C:\Users\Kevin\AppData\Local\Temp\cinehome-hls-new-batman-series-s01e09\seg_0200.ts: 276.86 MiB / 276.86 MiB  60.39 MiB/s
C:\Users\Kevin\AppData\Local\Temp\cinehome-hls-new-batman-series-s01e09\seg_0202.ts: 278.09 MiB / 278.09 MiB  60.65 MiB/s
C:\Users\Kevin\AppData\Local\Temp\cinehome-hls-new-batman-series-s01e09\seg_0203.ts: 278.86 MiB / 278.86 MiB  60.80 MiB/s
C:\Users\Kevin\AppData\Local\Temp\cinehome-hls-new-batman-series-s01e09\seg_0204.ts: 279.65 MiB / 279.65 MiB  60.97 MiB/s
C:\Users\Kevin\AppData\Local\Temp\cinehome-hls-new-batman-series-s01e09\seg_0205.ts: 282.05 MiB / 282.05 MiB  61.45 MiB/s
C:\Users\Kevin\AppData\Local\Temp\cinehome-hls-new-batman-series-s01e09\seg_0206.ts: 283.25 MiB / 283.25 MiB  61.70 MiB/s
C:\Users\Kevin\AppData\Local\Temp\cinehome-hls-new-batman-series-s01e09\seg_0207.ts: 283.85 MiB / 283.85 MiB  61.82 MiB/s
C:\Users\Kevin\AppData\Local\Temp\cinehome-hls-new-batman-series-s01e09\seg_0207.ts: 284.61 MiB / 284.61 MiB  61.97 MiB/s
C:\Users\Kevin\AppData\Local\Temp\cinehome-hls-new-batman-series-s01e09\seg_0208.ts: 285.25 MiB / 285.25 MiB  62.10 MiB/s
C:\Users\Kevin\AppData\Local\Temp\cinehome-hls-new-batman-series-s01e09\seg_0210.ts: 286.74 MiB / 286.74 MiB  62.42 MiB/s
C:\Users\Kevin\AppData\Local\Temp\cinehome-hls-new-batman-series-s01e09\seg_0212.ts: 287.98 MiB / 287.98 MiB  62.42 MiB/s
C:\Users\Kevin\AppData\Local\Temp\cinehome-hls-new-batman-series-s01e09\seg_0213.ts: 290.05 MiB / 290.05 MiB  62.86 MiB/s
C:\Users\Kevin\AppData\Local\Temp\cinehome-hls-new-batman-series-s01e09\seg_0214.ts: 292.62 MiB / 292.62 MiB  63.40 MiB/s
C:\Users\Kevin\AppData\Local\Temp\cinehome-hls-new-batman-series-s01e09\seg_0215.ts: 294.92 MiB / 294.92 MiB  63.88 MiB/s
C:\Users\Kevin\AppData\Local\Temp\cinehome-hls-new-batman-series-s01e09\seg_0216.ts: 295.79 MiB / 295.79 MiB  63.98 MiB/s
C:\Users\Kevin\AppData\Local\Temp\cinehome-hls-new-batman-series-s01e09\seg_0216.ts: 295.79 MiB / 295.79 MiB  63.68 MiB/s
C:\Users\Kevin\AppData\Local\Temp\cinehome-hls-new-batman-series-s01e09\seg_0216.ts: 295.79 MiB / 295.79 MiB  63.68 MiB/s
C:\Users\Kevin\AppData\Local\Temp\cinehome-hls-new-batman-series-s01e09\seg_0216.ts: 295.79 MiB / 295.79 MiB  62.01 MiB/s
C:\Users\Kevin\AppData\Local\Temp\cinehome-hls-new-batman-series-s01e09\seg_0216.ts: 295.79 MiB / 295.79 MiB  62.01 MiB/s
C:\Users\Kevin\AppData\Local\Temp\cinehome-hls-new-batman-series-s01e09\seg_0216.ts: 295.79 MiB / 295.79 MiB  60.42 MiB/s
C:\Users\Kevin\AppData\Local\Temp\cinehome-hls-new-batman-series-s01e09\seg_0216.ts: 295.79 MiB / 295.79 MiB  60.42 MiB/s
C:\Users\Kevin\AppData\Local\Temp\cinehome-hls-new-batman-series-s01e09\seg_0216.ts: 295.79 MiB / 295.79 MiB  58.91 MiB/s
C:\Users\Kevin\AppData\Local\Temp\cinehome-hls-new-batman-series-s01e09\seg_0216.ts: 295.79 MiB / 295.79 MiB  58.91 MiB/s
C:\Users\Kevin\AppData\Local\Temp\cinehome-hls-new-batman-series-s01e09\seg_0217.ts: 297.13 MiB / 297.13 MiB  58.79 MiB/s
C:\Users\Kevin\AppData\Local\Temp\cinehome-hls-new-batman-series-s01e09\seg_0218.ts: 298.21 MiB / 298.21 MiB  58.91 MiB/s
C:\Users\Kevin\AppData\Local\Temp\cinehome-hls-new-batman-series-s01e09\seg_0219.ts: 298.80 MiB / 298.80 MiB  58.94 MiB/s
C:\Users\Kevin\AppData\Local\Temp\cinehome-hls-new-batman-series-s01e09\seg_0220.ts: 299.09 MiB / 299.09 MiB  58.92 MiB/s
C:\Users\Kevin\AppData\Local\Temp\cinehome-hls-new-batman-series-s01e09\seg_0221.ts: 300.50 MiB / 300.50 MiB  59.19 MiB/s
C:\Users\Kevin\AppData\Local\Temp\cinehome-hls-new-batman-series-s01e09\seg_0221.ts: 300.50 MiB / 300.50 MiB  58.40 MiB/s
C:\Users\Kevin\AppData\Local\Temp\cinehome-hls-new-batman-series-s01e09\seg_0221.ts: 300.50 MiB / 300.50 MiB  58.40 MiB/s
C:\Users\Kevin\AppData\Local\Temp\cinehome-hls-new-batman-series-s01e09\seg_0222.ts: 300.61 MiB / 300.61 MiB  57.91 MiB/s
C:\Users\Kevin\AppData\Local\Temp\cinehome-hls-new-batman-series-s01e09\seg_0223.ts: 302.57 MiB / 302.57 MiB  58.23 MiB/s
C:\Users\Kevin\AppData\Local\Temp\cinehome-hls-new-batman-series-s01e09\seg_0223.ts: 303.38 MiB / 303.38 MiB  58.36 MiB/s
C:\Users\Kevin\AppData\Local\Temp\cinehome-hls-new-batman-series-s01e09\seg_0224.ts: 304.33 MiB / 304.33 MiB  58.54 MiB/s
C:\Users\Kevin\AppData\Local\Temp\cinehome-hls-new-batman-series-s01e09\seg_0224.ts: 309.28 MiB / 309.28 MiB  59.49 MiB/s
C:\Users\Kevin\AppData\Local\Temp\cinehome-hls-new-batman-series-s01e09\seg_0226.ts: 314.14 MiB / 314.14 MiB  60.42 MiB/s
C:\Users\Kevin\AppData\Local\Temp\cinehome-hls-new-batman-series-s01e09\seg_0227.ts: 318.42 MiB / 318.42 MiB  61.24 MiB/s
C:\Users\Kevin\AppData\Local\Temp\cinehome-hls-new-batman-series-s01e09\seg_0227.ts: 319.28 MiB / 319.28 MiB  61.40 MiB/s
C:\Users\Kevin\AppData\Local\Temp\cinehome-hls-new-batman-series-s01e09\seg_0227.ts: 319.80 MiB / 319.80 MiB  61.50 MiB/s
C:\Users\Kevin\AppData\Local\Temp\cinehome-hls-new-batman-series-s01e09\seg_0227.ts: 320.11 MiB / 320.11 MiB  61.55 MiB/s
C:\Users\Kevin\AppData\Local\Temp\cinehome-hls-new-batman-series-s01e09\seg_0229.ts: 321.26 MiB / 321.26 MiB  61.77 MiB/s
C:\Users\Kevin\AppData\Local\Temp\cinehome-hls-new-batman-series-s01e09\seg_0229.ts: 321.45 MiB / 321.45 MiB  61.80 MiB/s
C:\Users\Kevin\AppData\Local\Temp\cinehome-hls-new-batman-series-s01e09\seg_0232.ts: 321.52 MiB / 321.52 MiB  61.81 MiB/s
C:\Users\Kevin\AppData\Local\Temp\cinehome-hls-new-batman-series-s01e09\seg_0234.ts: 321.60 MiB / 321.60 MiB  61.82 MiB/s
C:\Users\Kevin\AppData\Local\Temp\cinehome-hls-new-batman-series-s01e09\seg_0235.ts: 321.73 MiB / 321.73 MiB  61.83 MiB/s
C:\Users\Kevin\AppData\Local\Temp\cinehome-hls-new-batman-series-s01e09\seg_0236.ts: 321.79 MiB / 321.79 MiB  61.83 MiB/s
C:\Users\Kevin\AppData\Local\Temp\cinehome-hls-new-batman-series-s01e09\seg_0237.ts: 321.92 MiB / 321.92 MiB  61.83 MiB/s
C:\Users\Kevin\AppData\Local\Temp\cinehome-hls-new-batman-series-s01e09\seg_0238.ts: 322.13 MiB / 322.13 MiB  61.87 MiB/s
C:\Users\Kevin\AppData\Local\Temp\cinehome-hls-new-batman-series-s01e09\seg_0240.ts: 322.41 MiB / 322.41 MiB  61.90 MiB/s
C:\Users\Kevin\AppData\Local\Temp\cinehome-hls-new-batman-series-s01e09\seg_0241.ts: 322.55 MiB / 322.55 MiB  61.88 MiB/s
C:\Users\Kevin\AppData\Local\Temp\cinehome-hls-new-batman-series-s01e09\seg_0242.ts: 322.78 MiB / 322.78 MiB  61.85 MiB/s
C:\Users\Kevin\AppData\Local\Temp\cinehome-hls-new-batman-series-s01e09\seg_0243.ts: 322.93 MiB / 322.93 MiB  61.87 MiB/s
C:\Users\Kevin\AppData\Local\Temp\cinehome-hls-new-batman-series-s01e09\seg_0244.ts: 323.20 MiB / 323.20 MiB  61.92 MiB/s
C:\Users\Kevin\AppData\Local\Temp\cinehome-hls-new-batman-series-s01e09\seg_0245.ts: 323.35 MiB / 323.35 MiB  61.91 MiB/s
C:\Users\Kevin\AppData\Local\Temp\cinehome-hls-new-batman-series-s01e09\seg_0246.ts: 323.51 MiB / 323.51 MiB  61.93 MiB/s
C:\Users\Kevin\AppData\Local\Temp\cinehome-hls-new-batman-series-s01e09\seg_0246.ts: 323.51 MiB / 323.51 MiB  61.37 MiB/s
C:\Users\Kevin\AppData\Local\Temp\cinehome-hls-new-batman-series-s01e09\seg_0246.ts: 323.51 MiB / 323.51 MiB  61.37 MiB/s
C:\Users\Kevin\AppData\Local\Temp\cinehome-hls-new-batman-series-s01e09\seg_0247.ts: 323.68 MiB / 323.68 MiB  60.01 MiB/s
C:\Users\Kevin\AppData\Local\Temp\cinehome-hls-new-batman-series-s01e09\seg_0247.ts: 323.68 MiB / 323.68 MiB  59.98 MiB/s
C:\Users\Kevin\AppData\Local\Temp\cinehome-hls-new-batman-series-s01e09\seg_0247.ts: 323.68 MiB / 323.68 MiB  59.98 MiB/s
C:\Users\Kevin\AppData\Local\Temp\cinehome-hls-new-batman-series-s01e09\seg_0248.ts: 323.75 MiB / 323.75 MiB  59.72 MiB/s
C:\Users\Kevin\AppData\Local\Temp\cinehome-hls-new-batman-series-s01e09\seg_0248.ts: 323.75 MiB / 323.75 MiB  58.62 MiB/s
C:\Users\Kevin\AppData\Local\Temp\cinehome-hls-new-batman-series-s01e09\seg_0248.ts: 323.75 MiB / 323.75 MiB  58.62 MiB/s
C:\Users\Kevin\AppData\Local\Temp\cinehome-hls-new-batman-series-s01e09\seg_0249.ts: 323.75 MiB / 323.75 MiB  57.60 MiB/s 5s

 0 B / ? 
 0 B / ? 
 7.72 KiB / 7.72 KiB  256.16 KiB/s
 7.93 KiB / 7.93 KiB  262.90 KiB/s
 8.15 KiB / 8.15 KiB  265.93 KiB/s
C:\Users\Kevin\AppData\Local\Temp\cinehome-hls-new-batman-series-s01e10\master0.vtt: 8.19 KiB / 8.19 KiB  267.13 KiB/s
C:\Users\Kevin\AppData\Local\Temp\cinehome-hls-new-batman-series-s01e10\master0.vtt: 8.32 KiB / 8.32 KiB  266.33 KiB/s
C:\Users\Kevin\AppData\Local\Temp\cinehome-hls-new-batman-series-s01e10\master100.vtt: 8.53 KiB / 8.53 KiB  267.87 KiB/s
C:\Users\Kevin\AppData\Local\Temp\cinehome-hls-new-batman-series-s01e10\master10.vtt: 8.57 KiB / 8.57 KiB  264.62 KiB/s
C:\Users\Kevin\AppData\Local\Temp\cinehome-hls-new-batman-series-s01e10\master101.vtt: 8.58 KiB / 8.58 KiB  260.09 KiB/s
C:\Users\Kevin\AppData\Local\Temp\cinehome-hls-new-batman-series-s01e10\master102.vtt: 8.76 KiB / 8.76 KiB  265.72 KiB/s
C:\Users\Kevin\AppData\Local\Temp\cinehome-hls-new-batman-series-s01e10\master102.vtt: 8.77 KiB / 8.77 KiB  261.17 KiB/s
C:\Users\Kevin\AppData\Local\Temp\cinehome-hls-new-batman-series-s01e10\master103.vtt: 8.93 KiB / 8.93 KiB  265.82 KiB/s
C:\Users\Kevin\AppData\Local\Temp\cinehome-hls-new-batman-series-s01e10\master104.vtt: 9.03 KiB / 9.03 KiB  264.60 KiB/s
C:\Users\Kevin\AppData\Local\Temp\cinehome-hls-new-batman-series-s01e10\master106.vtt: 9.15 KiB / 9.15 KiB  263.59 KiB/s
C:\Users\Kevin\AppData\Local\Temp\cinehome-hls-new-batman-series-s01e10\master108.vtt: 9.32 KiB / 9.32 KiB  192.93 KiB/s
C:\Users\Kevin\AppData\Local\Temp\cinehome-hls-new-batman-series-s01e10\master109.vtt: 9.45 KiB / 9.45 KiB  177.22 KiB/s
C:\Users\Kevin\AppData\Local\Temp\cinehome-hls-new-batman-series-s01e10\master11.vtt: 9.67 KiB / 9.67 KiB  174.38 KiB/s
C:\Users\Kevin\AppData\Local\Temp\cinehome-hls-new-batman-series-s01e10\master110.vtt: 9.79 KiB / 9.79 KiB  176.66 KiB/s
C:\Users\Kevin\AppData\Local\Temp\cinehome-hls-new-batman-series-s01e10\master111.vtt: 9.96 KiB / 9.96 KiB  162.74 KiB/s
C:\Users\Kevin\AppData\Local\Temp\cinehome-hls-new-batman-series-s01e10\master111.vtt: 10.09 KiB / 10.09 KiB  147.75 KiB/s
C:\Users\Kevin\AppData\Local\Temp\cinehome-hls-new-batman-series-s01e10\master111.vtt: 10.23 KiB / 10.23 KiB  149.72 KiB/s
C:\Users\Kevin\AppData\Local\Temp\cinehome-hls-new-batman-series-s01e10\master114.vtt: 10.31 KiB / 10.31 KiB  138.82 KiB/s
C:\Users\Kevin\AppData\Local\Temp\cinehome-hls-new-batman-series-s01e10\master115.vtt: 10.37 KiB / 10.37 KiB  135.16 KiB/s
C:\Users\Kevin\AppData\Local\Temp\cinehome-hls-new-batman-series-s01e10\master116.vtt: 10.42 KiB / 10.42 KiB  125.29 KiB/s
C:\Users\Kevin\AppData\Local\Temp\cinehome-hls-new-batman-series-s01e10\master117.vtt: 10.47 KiB / 10.47 KiB  112.47 KiB/s
C:\Users\Kevin\AppData\Local\Temp\cinehome-hls-new-batman-series-s01e10\master118.vtt: 10.70 KiB / 10.70 KiB  97.79 KiB/s
C:\Users\Kevin\AppData\Local\Temp\cinehome-hls-new-batman-series-s01e10\master119.vtt: 10.70 KiB / 10.70 KiB  96.75 KiB/s
C:\Users\Kevin\AppData\Local\Temp\cinehome-hls-new-batman-series-s01e10\master12.vtt: 10.71 KiB / 10.71 KiB  91.79 KiB/s
C:\Users\Kevin\AppData\Local\Temp\cinehome-hls-new-batman-series-s01e10\master12.vtt: 10.82 KiB / 10.82 KiB  92.75 KiB/s
C:\Users\Kevin\AppData\Local\Temp\cinehome-hls-new-batman-series-s01e10\master121.vtt: 10.83 KiB / 10.83 KiB  92.37 KiB/s
C:\Users\Kevin\AppData\Local\Temp\cinehome-hls-new-batman-series-s01e10\master121.vtt: 11.13 KiB / 11.13 KiB  94.49 KiB/s
C:\Users\Kevin\AppData\Local\Temp\cinehome-hls-new-batman-series-s01e10\master121.vtt: 11.18 KiB / 11.18 KiB  94.51 KiB/s
C:\Users\Kevin\AppData\Local\Temp\cinehome-hls-new-batman-series-s01e10\master121.vtt: 11.31 KiB / 11.31 KiB  95.61 KiB/s
C:\Users\Kevin\AppData\Local\Temp\cinehome-hls-new-batman-series-s01e10\master121.vtt: 11.44 KiB / 11.44 KiB  96.70 KiB/s
C:\Users\Kevin\AppData\Local\Temp\cinehome-hls-new-batman-series-s01e10\master121.vtt: 11.51 KiB / 11.51 KiB  97.27 KiB/s
C:\Users\Kevin\AppData\Local\Temp\cinehome-hls-new-batman-series-s01e10\master121.vtt: 11.70 KiB / 11.70 KiB  98.42 KiB/s
C:\Users\Kevin\AppData\Local\Temp\cinehome-hls-new-batman-series-s01e10\master124.vtt: 12.01 KiB / 12.01 KiB  101.05 KiB/s
C:\Users\Kevin\AppData\Local\Temp\cinehome-hls-new-batman-series-s01e10\master128.vtt: 12.01 KiB / 12.01 KiB  95.35 KiB/s
C:\Users\Kevin\AppData\Local\Temp\cinehome-hls-new-batman-series-s01e10\master128.vtt: 12.01 KiB / 12.01 KiB  95.35 KiB/s
C:\Users\Kevin\AppData\Local\Temp\cinehome-hls-new-batman-series-s01e10\master129.vtt: 12.07 KiB / 12.07 KiB  84.84 KiB/s
C:\Users\Kevin\AppData\Local\Temp\cinehome-hls-new-batman-series-s01e10\master13.vtt: 12.07 KiB / 12.07 KiB  81.73 KiB/s
C:\Users\Kevin\AppData\Local\Temp\cinehome-hls-new-batman-series-s01e10\master130.vtt: 12.08 KiB / 12.08 KiB  79.82 KiB/s
C:\Users\Kevin\AppData\Local\Temp\cinehome-hls-new-batman-series-s01e10\master130.vtt: 12.09 KiB / 12.09 KiB  79.59 KiB/s
C:\Users\Kevin\AppData\Local\Temp\cinehome-hls-new-batman-series-s01e10\master132.vtt: 12.26 KiB / 12.26 KiB  80.40 KiB/s
C:\Users\Kevin\AppData\Local\Temp\cinehome-hls-new-batman-series-s01e10\master132.vtt: 12.40 KiB / 12.40 KiB  81.35 KiB/s
C:\Users\Kevin\AppData\Local\Temp\cinehome-hls-new-batman-series-s01e10\master134.vtt: 12.45 KiB / 12.45 KiB  81.12 KiB/s
C:\Users\Kevin\AppData\Local\Temp\cinehome-hls-new-batman-series-s01e10\master134.vtt: 12.52 KiB / 12.52 KiB  81.57 KiB/s
C:\Users\Kevin\AppData\Local\Temp\cinehome-hls-new-batman-series-s01e10\master134.vtt: 12.86 KiB / 12.86 KiB  83.80 KiB/s
C:\Users\Kevin\AppData\Local\Temp\cinehome-hls-new-batman-series-s01e10\master137.vtt: 12.91 KiB / 12.91 KiB  83.78 KiB/s
C:\Users\Kevin\AppData\Local\Temp\cinehome-hls-new-batman-series-s01e10\master137.vtt: 13.06 KiB / 13.06 KiB  84.48 KiB/s
C:\Users\Kevin\AppData\Local\Temp\cinehome-hls-new-batman-series-s01e10\master137.vtt: 13.07 KiB / 13.07 KiB  84.53 KiB/s
C:\Users\Kevin\AppData\Local\Temp\cinehome-hls-new-batman-series-s01e10\master137.vtt: 13.19 KiB / 13.19 KiB  85.32 KiB/s
C:\Users\Kevin\AppData\Local\Temp\cinehome-hls-new-batman-series-s01e10\master140.vtt: 13.34 KiB / 13.34 KiB  73.09 KiB/s
C:\Users\Kevin\AppData\Local\Temp\cinehome-hls-new-batman-series-s01e10\master141.vtt: 13.60 KiB / 13.60 KiB  73.16 KiB/s
C:\Users\Kevin\AppData\Local\Temp\cinehome-hls-new-batman-series-s01e10\master142.vtt: 13.61 KiB / 13.61 KiB  72.19 KiB/s
C:\Users\Kevin\AppData\Local\Temp\cinehome-hls-new-batman-series-s01e10\master143.vtt: 13.70 KiB / 13.70 KiB  71.79 KiB/s
C:\Users\Kevin\AppData\Local\Temp\cinehome-hls-new-batman-series-s01e10\master144.vtt: 13.82 KiB / 13.82 KiB  72.25 KiB/s
C:\Users\Kevin\AppData\Local\Temp\cinehome-hls-new-batman-series-s01e10\master144.vtt: 13.83 KiB / 13.83 KiB  72.29 KiB/s
C:\Users\Kevin\AppData\Local\Temp\cinehome-hls-new-batman-series-s01e10\master144.vtt: 13.87 KiB / 13.87 KiB  72.52 KiB/s
C:\Users\Kevin\AppData\Local\Temp\cinehome-hls-new-batman-series-s01e10\master144.vtt: 13.88 KiB / 13.88 KiB  72.55 KiB/s
C:\Users\Kevin\AppData\Local\Temp\cinehome-hls-new-batman-series-s01e10\master145.vtt: 14.10 KiB / 14.10 KiB  73.50 KiB/s
C:\Users\Kevin\AppData\Local\Temp\cinehome-hls-new-batman-series-s01e10\master145.vtt: 14.11 KiB / 14.11 KiB  73.54 KiB/s
C:\Users\Kevin\AppData\Local\Temp\cinehome-hls-new-batman-series-s01e10\master145.vtt: 14.12 KiB / 14.12 KiB  73.57 KiB/s
C:\Users\Kevin\AppData\Local\Temp\cinehome-hls-new-batman-series-s01e10\master145.vtt: 14.22 KiB / 14.22 KiB  73.91 KiB/s
C:\Users\Kevin\AppData\Local\Temp\cinehome-hls-new-batman-series-s01e10\master151.vtt: 14.31 KiB / 14.31 KiB  71.54 KiB/s
C:\Users\Kevin\AppData\Local\Temp\cinehome-hls-new-batman-series-s01e10\master152.vtt: 14.40 KiB / 14.40 KiB  66.86 KiB/s
C:\Users\Kevin\AppData\Local\Temp\cinehome-hls-new-batman-series-s01e10\master153.vtt: 14.45 KiB / 14.45 KiB  63.39 KiB/s
C:\Users\Kevin\AppData\Local\Temp\cinehome-hls-new-batman-series-s01e10\master154.vtt: 14.46 KiB / 14.46 KiB  63.13 KiB/s
C:\Users\Kevin\AppData\Local\Temp\cinehome-hls-new-batman-series-s01e10\master154.vtt: 14.46 KiB / 14.46 KiB  63.16 KiB/s
C:\Users\Kevin\AppData\Local\Temp\cinehome-hls-new-batman-series-s01e10\master156.vtt: 14.62 KiB / 14.62 KiB  63.57 KiB/s
C:\Users\Kevin\AppData\Local\Temp\cinehome-hls-new-batman-series-s01e10\master156.vtt: 14.71 KiB / 14.71 KiB  63.92 KiB/s
C:\Users\Kevin\AppData\Local\Temp\cinehome-hls-new-batman-series-s01e10\master156.vtt: 14.77 KiB / 14.77 KiB  64.19 KiB/s
C:\Users\Kevin\AppData\Local\Temp\cinehome-hls-new-batman-series-s01e10\master156.vtt: 14.77 KiB / 14.77 KiB  64.22 KiB/s
C:\Users\Kevin\AppData\Local\Temp\cinehome-hls-new-batman-series-s01e10\master156.vtt: 14.87 KiB / 14.87 KiB  64.51 KiB/s
C:\Users\Kevin\AppData\Local\Temp\cinehome-hls-new-batman-series-s01e10\master160.vtt: 15.14 KiB / 15.14 KiB  65.49 KiB/s
C:\Users\Kevin\AppData\Local\Temp\cinehome-hls-new-batman-series-s01e10\master160.vtt: 15.14 KiB / 15.14 KiB  65.36 KiB/s
C:\Users\Kevin\AppData\Local\Temp\cinehome-hls-new-batman-series-s01e10\master162.vtt: 15.15 KiB / 15.15 KiB  65.23 KiB/s
C:\Users\Kevin\AppData\Local\Temp\cinehome-hls-new-batman-series-s01e10\master163.vtt: 15.16 KiB / 15.16 KiB  62.00 KiB/s
C:\Users\Kevin\AppData\Local\Temp\cinehome-hls-new-batman-series-s01e10\master163.vtt: 15.16 KiB / 15.16 KiB  60.26 KiB/s
C:\Users\Kevin\AppData\Local\Temp\cinehome-hls-new-batman-series-s01e10\master163.vtt: 15.16 KiB / 15.16 KiB  60.26 KiB/s
C:\Users\Kevin\AppData\Local\Temp\cinehome-hls-new-batman-series-s01e10\master164.vtt: 15.28 KiB / 15.28 KiB  58.61 KiB/s
C:\Users\Kevin\AppData\Local\Temp\cinehome-hls-new-batman-series-s01e10\master165.vtt: 15.28 KiB / 15.28 KiB  58.00 KiB/s
C:\Users\Kevin\AppData\Local\Temp\cinehome-hls-new-batman-series-s01e10\master166.vtt: 15.29 KiB / 15.29 KiB  56.73 KiB/s
C:\Users\Kevin\AppData\Local\Temp\cinehome-hls-new-batman-series-s01e10\master166.vtt: 15.33 KiB / 15.33 KiB  56.88 KiB/s
C:\Users\Kevin\AppData\Local\Temp\cinehome-hls-new-batman-series-s01e10\master166.vtt: 15.49 KiB / 15.49 KiB  57.36 KiB/s
C:\Users\Kevin\AppData\Local\Temp\cinehome-hls-new-batman-series-s01e10\master166.vtt: 15.50 KiB / 15.50 KiB  57.38 KiB/s
C:\Users\Kevin\AppData\Local\Temp\cinehome-hls-new-batman-series-s01e10\master166.vtt: 15.50 KiB / 15.50 KiB  57.41 KiB/s
C:\Users\Kevin\AppData\Local\Temp\cinehome-hls-new-batman-series-s01e10\master166.vtt: 15.57 KiB / 15.57 KiB  57.52 KiB/s
C:\Users\Kevin\AppData\Local\Temp\cinehome-hls-new-batman-series-s01e10\master169.vtt: 15.57 KiB / 15.57 KiB  57.54 KiB/s
C:\Users\Kevin\AppData\Local\Temp\cinehome-hls-new-batman-series-s01e10\master169.vtt: 15.58 KiB / 15.58 KiB  57.46 KiB/s
C:\Users\Kevin\AppData\Local\Temp\cinehome-hls-new-batman-series-s01e10\master169.vtt: 15.64 KiB / 15.64 KiB  57.67 KiB/s
C:\Users\Kevin\AppData\Local\Temp\cinehome-hls-new-batman-series-s01e10\master169.vtt: 15.74 KiB / 15.74 KiB  58.06 KiB/s
C:\Users\Kevin\AppData\Local\Temp\cinehome-hls-new-batman-series-s01e10\master175.vtt: 15.84 KiB / 15.84 KiB  56.32 KiB/s
C:\Users\Kevin\AppData\Local\Temp\cinehome-hls-new-batman-series-s01e10\master176.vtt: 16.01 KiB / 16.01 KiB  53.46 KiB/s
C:\Users\Kevin\AppData\Local\Temp\cinehome-hls-new-batman-series-s01e10\master177.vtt: 16.10 KiB / 16.10 KiB  53.28 KiB/s
C:\Users\Kevin\AppData\Local\Temp\cinehome-hls-new-batman-series-s01e10\master178.vtt: 16.29 KiB / 16.29 KiB  53.83 KiB/s
C:\Users\Kevin\AppData\Local\Temp\cinehome-hls-new-batman-series-s01e10\master178.vtt: 16.47 KiB / 16.47 KiB  54.31 KiB/s
C:\Users\Kevin\AppData\Local\Temp\cinehome-hls-new-batman-series-s01e10\master18.vtt: 16.53 KiB / 16.53 KiB  52.52 KiB/s
C:\Users\Kevin\AppData\Local\Temp\cinehome-hls-new-batman-series-s01e10\master18.vtt: 16.60 KiB / 16.60 KiB  52.67 KiB/s
C:\Users\Kevin\AppData\Local\Temp\cinehome-hls-new-batman-series-s01e10\master180.vtt: 16.67 KiB / 16.67 KiB  52.78 KiB/s
C:\Users\Kevin\AppData\Local\Temp\cinehome-hls-new-batman-series-s01e10\master182.vtt: 16.77 KiB / 16.77 KiB  52.82 KiB/s
C:\Users\Kevin\AppData\Local\Temp\cinehome-hls-new-batman-series-s01e10\master183.vtt: 16.88 KiB / 16.88 KiB  53.07 KiB/s
C:\Users\Kevin\AppData\Local\Temp\cinehome-hls-new-batman-series-s01e10\master184.vtt: 16.88 KiB / 16.88 KiB  52.99 KiB/s
C:\Users\Kevin\AppData\Local\Temp\cinehome-hls-new-batman-series-s01e10\master184.vtt: 17.00 KiB / 17.00 KiB  53.34 KiB/s
C:\Users\Kevin\AppData\Local\Temp\cinehome-hls-new-batman-series-s01e10\master186.vtt: 17.14 KiB / 17.14 KiB  53.29 KiB/s
C:\Users\Kevin\AppData\Local\Temp\cinehome-hls-new-batman-series-s01e10\master187.vtt: 17.28 KiB / 17.28 KiB  51.56 KiB/s
C:\Users\Kevin\AppData\Local\Temp\cinehome-hls-new-batman-series-s01e10\master188.vtt: 17.36 KiB / 17.36 KiB  50.49 KiB/s
C:\Users\Kevin\AppData\Local\Temp\cinehome-hls-new-batman-series-s01e10\master189.vtt: 17.43 KiB / 17.43 KiB  50.62 KiB/s
C:\Users\Kevin\AppData\Local\Temp\cinehome-hls-new-batman-series-s01e10\master19.vtt: 17.49 KiB / 17.49 KiB  50.57 KiB/s
C:\Users\Kevin\AppData\Local\Temp\cinehome-hls-new-batman-series-s01e10\master19.vtt: 17.57 KiB / 17.57 KiB  50.80 KiB/s
C:\Users\Kevin\AppData\Local\Temp\cinehome-hls-new-batman-series-s01e10\master19.vtt: 17.62 KiB / 17.62 KiB  50.85 KiB/s
C:\Users\Kevin\AppData\Local\Temp\cinehome-hls-new-batman-series-s01e10\master19.vtt: 17.66 KiB / 17.66 KiB  50.98 KiB/s
C:\Users\Kevin\AppData\Local\Temp\cinehome-hls-new-batman-series-s01e10\master192.vtt: 17.75 KiB / 17.75 KiB  51.24 KiB/s
C:\Users\Kevin\AppData\Local\Temp\cinehome-hls-new-batman-series-s01e10\master192.vtt: 17.76 KiB / 17.76 KiB  51.18 KiB/s
C:\Users\Kevin\AppData\Local\Temp\cinehome-hls-new-batman-series-s01e10\master191.vtt: 17.82 KiB / 17.82 KiB  51.36 KiB/s
C:\Users\Kevin\AppData\Local\Temp\cinehome-hls-new-batman-series-s01e10\master193.vtt: 17.90 KiB / 17.90 KiB  51.50 KiB/s
C:\Users\Kevin\AppData\Local\Temp\cinehome-hls-new-batman-series-s01e10\master196.vtt: 18.04 KiB / 18.04 KiB  51.84 KiB/s
C:\Users\Kevin\AppData\Local\Temp\cinehome-hls-new-batman-series-s01e10\master197.vtt: 18.05 KiB / 18.05 KiB  51.77 KiB/s
C:\Users\Kevin\AppData\Local\Temp\cinehome-hls-new-batman-series-s01e10\master198.vtt: 18.05 KiB / 18.05 KiB  47.90 KiB/s
C:\Users\Kevin\AppData\Local\Temp\cinehome-hls-new-batman-series-s01e10\master198.vtt: 18.05 KiB / 18.05 KiB  47.90 KiB/s
C:\Users\Kevin\AppData\Local\Temp\cinehome-hls-new-batman-series-s01e10\master199.vtt: 18.18 KiB / 18.18 KiB  47.42 KiB/s
C:\Users\Kevin\AppData\Local\Temp\cinehome-hls-new-batman-series-s01e10\master199.vtt: 18.35 KiB / 18.35 KiB  47.59 KiB/s
C:\Users\Kevin\AppData\Local\Temp\cinehome-hls-new-batman-series-s01e10\master199.vtt: 18.40 KiB / 18.40 KiB  47.71 KiB/s
C:\Users\Kevin\AppData\Local\Temp\cinehome-hls-new-batman-series-s01e10\master199.vtt: 18.46 KiB / 18.46 KiB  47.86 KiB/s
C:\Users\Kevin\AppData\Local\Temp\cinehome-hls-new-batman-series-s01e10\master199.vtt: 18.50 KiB / 18.50 KiB  47.97 KiB/s
C:\Users\Kevin\AppData\Local\Temp\cinehome-hls-new-batman-series-s01e10\master199.vtt: 18.50 KiB / 18.50 KiB  47.98 KiB/s
C:\Users\Kevin\AppData\Local\Temp\cinehome-hls-new-batman-series-s01e10\master203.vtt: 18.61 KiB / 18.61 KiB  48.18 KiB/s
C:\Users\Kevin\AppData\Local\Temp\cinehome-hls-new-batman-series-s01e10\master203.vtt: 18.74 KiB / 18.74 KiB  48.45 KiB/s
C:\Users\Kevin\AppData\Local\Temp\cinehome-hls-new-batman-series-s01e10\master204.vtt: 18.74 KiB / 18.74 KiB  48.40 KiB/s
C:\Users\Kevin\AppData\Local\Temp\cinehome-hls-new-batman-series-s01e10\master205.vtt: 18.89 KiB / 18.89 KiB  48.71 KiB/s
C:\Users\Kevin\AppData\Local\Temp\cinehome-hls-new-batman-series-s01e10\master206.vtt: 18.90 KiB / 18.90 KiB  48.57 KiB/s
C:\Users\Kevin\AppData\Local\Temp\cinehome-hls-new-batman-series-s01e10\master207.vtt: 18.90 KiB / 18.90 KiB  48.52 KiB/s
C:\Users\Kevin\AppData\Local\Temp\cinehome-hls-new-batman-series-s01e10\master209.vtt: 18.98 KiB / 18.98 KiB  45.44 KiB/s
C:\Users\Kevin\AppData\Local\Temp\cinehome-hls-new-batman-series-s01e10\master21.vtt: 18.99 KiB / 18.99 KiB  44.96 KiB/s
C:\Users\Kevin\AppData\Local\Temp\cinehome-hls-new-batman-series-s01e10\master210.vtt: 18.99 KiB / 18.99 KiB  44.69 KiB/s
C:\Users\Kevin\AppData\Local\Temp\cinehome-hls-new-batman-series-s01e10\master211.vtt: 19.16 KiB / 19.16 KiB  44.87 KiB/s
C:\Users\Kevin\AppData\Local\Temp\cinehome-hls-new-batman-series-s01e10\master212.vtt: 19.37 KiB / 19.37 KiB  45.31 KiB/s
C:\Users\Kevin\AppData\Local\Temp\cinehome-hls-new-batman-series-s01e10\master212.vtt: 19.51 KiB / 19.51 KiB  45.62 KiB/s
C:\Users\Kevin\AppData\Local\Temp\cinehome-hls-new-batman-series-s01e10\master213.vtt: 19.58 KiB / 19.58 KiB  45.74 KiB/s
C:\Users\Kevin\AppData\Local\Temp\cinehome-hls-new-batman-series-s01e10\master213.vtt: 19.71 KiB / 19.71 KiB  46.05 KiB/s
C:\Users\Kevin\AppData\Local\Temp\cinehome-hls-new-batman-series-s01e10\master213.vtt: 19.77 KiB / 19.77 KiB  46.17 KiB/s
C:\Users\Kevin\AppData\Local\Temp\cinehome-hls-new-batman-series-s01e10\master216.vtt: 19.77 KiB / 19.77 KiB  46.13 KiB/s
C:\Users\Kevin\AppData\Local\Temp\cinehome-hls-new-batman-series-s01e10\master217.vtt: 19.78 KiB / 19.78 KiB  46.08 KiB/s
C:\Users\Kevin\AppData\Local\Temp\cinehome-hls-new-batman-series-s01e10\master217.vtt: 19.84 KiB / 19.84 KiB  46.23 KiB/s
C:\Users\Kevin\AppData\Local\Temp\cinehome-hls-new-batman-series-s01e10\master22.vtt: 19.90 KiB / 19.90 KiB  44.89 KiB/s
C:\Users\Kevin\AppData\Local\Temp\cinehome-hls-new-batman-series-s01e10\master22.vtt: 19.95 KiB / 19.95 KiB  43.20 KiB/s
C:\Users\Kevin\AppData\Local\Temp\cinehome-hls-new-batman-series-s01e10\master22.vtt: 19.96 KiB / 19.96 KiB  43.22 KiB/s
C:\Users\Kevin\AppData\Local\Temp\cinehome-hls-new-batman-series-s01e10\master222.vtt: 19.96 KiB / 19.96 KiB  43.12 KiB/s
C:\Users\Kevin\AppData\Local\Temp\cinehome-hls-new-batman-series-s01e10\master223.vtt: 20.26 KiB / 20.26 KiB  43.67 KiB/s
C:\Users\Kevin\AppData\Local\Temp\cinehome-hls-new-batman-series-s01e10\master224.vtt: 20.27 KiB / 20.27 KiB  43.64 KiB/s
C:\Users\Kevin\AppData\Local\Temp\cinehome-hls-new-batman-series-s01e10\master224.vtt: 20.31 KiB / 20.31 KiB  43.66 KiB/s
C:\Users\Kevin\AppData\Local\Temp\cinehome-hls-new-batman-series-s01e10\master225.vtt: 20.37 KiB / 20.37 KiB  43.79 KiB/s
C:\Users\Kevin\AppData\Local\Temp\cinehome-hls-new-batman-series-s01e10\master225.vtt: 20.37 KiB / 20.37 KiB  43.75 KiB/s
C:\Users\Kevin\AppData\Local\Temp\cinehome-hls-new-batman-series-s01e10\master226.vtt: 20.38 KiB / 20.38 KiB  43.76 KiB/s
C:\Users\Kevin\AppData\Local\Temp\cinehome-hls-new-batman-series-s01e10\master226.vtt: 20.47 KiB / 20.47 KiB  43.85 KiB/s
C:\Users\Kevin\AppData\Local\Temp\cinehome-hls-new-batman-series-s01e10\master229.vtt: 20.56 KiB / 20.56 KiB  44.05 KiB/s
C:\Users\Kevin\AppData\Local\Temp\cinehome-hls-new-batman-series-s01e10\master23.vtt: 20.57 KiB / 20.57 KiB  44.00 KiB/s
C:\Users\Kevin\AppData\Local\Temp\cinehome-hls-new-batman-series-s01e10\master231.vtt: 20.63 KiB / 20.63 KiB  41.27 KiB/s
C:\Users\Kevin\AppData\Local\Temp\cinehome-hls-new-batman-series-s01e10\master231.vtt: 20.64 KiB / 20.64 KiB  41.24 KiB/s
C:\Users\Kevin\AppData\Local\Temp\cinehome-hls-new-batman-series-s01e10\master233.vtt: 20.65 KiB / 20.65 KiB  41.21 KiB/s
C:\Users\Kevin\AppData\Local\Temp\cinehome-hls-new-batman-series-s01e10\master233.vtt: 20.69 KiB / 20.69 KiB  41.25 KiB/s
C:\Users\Kevin\AppData\Local\Temp\cinehome-hls-new-batman-series-s01e10\master233.vtt: 20.73 KiB / 20.73 KiB  41.32 KiB/s
C:\Users\Kevin\AppData\Local\Temp\cinehome-hls-new-batman-series-s01e10\master233.vtt: 20.79 KiB / 20.79 KiB  41.44 KiB/s
C:\Users\Kevin\AppData\Local\Temp\cinehome-hls-new-batman-series-s01e10\master233.vtt: 20.80 KiB / 20.80 KiB  41.45 KiB/s
C:\Users\Kevin\AppData\Local\Temp\cinehome-hls-new-batman-series-s01e10\master233.vtt: 20.80 KiB / 20.80 KiB  41.42 KiB/s
C:\Users\Kevin\AppData\Local\Temp\cinehome-hls-new-batman-series-s01e10\master233.vtt: 20.88 KiB / 20.88 KiB  41.57 KiB/s
C:\Users\Kevin\AppData\Local\Temp\cinehome-hls-new-batman-series-s01e10\master233.vtt: 20.89 KiB / 20.89 KiB  41.58 KiB/s
C:\Users\Kevin\AppData\Local\Temp\cinehome-hls-new-batman-series-s01e10\master233.vtt: 20.89 KiB / 20.89 KiB  41.60 KiB/s
C:\Users\Kevin\AppData\Local\Temp\cinehome-hls-new-batman-series-s01e10\master233.vtt: 20.90 KiB / 20.90 KiB  41.61 KiB/s
C:\Users\Kevin\AppData\Local\Temp\cinehome-hls-new-batman-series-s01e10\master237.vtt: 20.80 KiB / 20.80 KiB  41.42 KiB/s
C:\Users\Kevin\AppData\Local\Temp\cinehome-hls-new-batman-series-s01e10\master237.vtt: 20.80 KiB / 20.80 KiB  41.38 KiB/s
C:\Users\Kevin\AppData\Local\Temp\cinehome-hls-new-batman-series-s01e10\master242.vtt: 20.91 KiB / 20.91 KiB  38.81 KiB/s
C:\Users\Kevin\AppData\Local\Temp\cinehome-hls-new-batman-series-s01e10\master242.vtt: 20.91 KiB / 20.91 KiB  38.79 KiB/s
C:\Users\Kevin\AppData\Local\Temp\cinehome-hls-new-batman-series-s01e10\master242.vtt: 20.92 KiB / 20.92 KiB  38.80 KiB/s
C:\Users\Kevin\AppData\Local\Temp\cinehome-hls-new-batman-series-s01e10\master245.vtt: 20.93 KiB / 20.93 KiB  38.77 KiB/s
C:\Users\Kevin\AppData\Local\Temp\cinehome-hls-new-batman-series-s01e10\master246.vtt: 20.93 KiB / 20.93 KiB  38.75 KiB/s
C:\Users\Kevin\AppData\Local\Temp\cinehome-hls-new-batman-series-s01e10\master246.vtt: 20.94 KiB / 20.94 KiB  38.72 KiB/s
C:\Users\Kevin\AppData\Local\Temp\cinehome-hls-new-batman-series-s01e10\master247.vtt: 20.95 KiB / 20.95 KiB  38.73 KiB/s
C:\Users\Kevin\AppData\Local\Temp\cinehome-hls-new-batman-series-s01e10\master248.vtt: 21.00 KiB / 21.00 KiB  38.79 KiB/s
C:\Users\Kevin\AppData\Local\Temp\cinehome-hls-new-batman-series-s01e10\master249.vtt: 21.01 KiB / 21.01 KiB  38.81 KiB/s
C:\Users\Kevin\AppData\Local\Temp\cinehome-hls-new-batman-series-s01e10\master25.vtt: 21.02 KiB / 21.02 KiB  38.78 KiB/s
C:\Users\Kevin\AppData\Local\Temp\cinehome-hls-new-batman-series-s01e10\master250.vtt: 21.02 KiB / 21.02 KiB  38.75 KiB/s
C:\Users\Kevin\AppData\Local\Temp\cinehome-hls-new-batman-series-s01e10\master251.vtt: 21.03 KiB / 21.03 KiB  38.76 KiB/s
C:\Users\Kevin\AppData\Local\Temp\cinehome-hls-new-batman-series-s01e10\master253.vtt: 21.04 KiB / 21.04 KiB  36.52 KiB/s
C:\Users\Kevin\AppData\Local\Temp\cinehome-hls-new-batman-series-s01e10\master253.vtt: 21.04 KiB / 21.04 KiB  36.49 KiB/s
C:\Users\Kevin\AppData\Local\Temp\cinehome-hls-new-batman-series-s01e10\master255.vtt: 21.05 KiB / 21.05 KiB  36.47 KiB/s
C:\Users\Kevin\AppData\Local\Temp\cinehome-hls-new-batman-series-s01e10\master255.vtt: 21.06 KiB / 21.06 KiB  36.44 KiB/s
C:\Users\Kevin\AppData\Local\Temp\cinehome-hls-new-batman-series-s01e10\master256.vtt: 21.06 KiB / 21.06 KiB  36.42 KiB/s
C:\Users\Kevin\AppData\Local\Temp\cinehome-hls-new-batman-series-s01e10\master256.vtt: 21.18 KiB / 21.18 KiB  36.61 KiB/s
C:\Users\Kevin\AppData\Local\Temp\cinehome-hls-new-batman-series-s01e10\master258.vtt: 21.32 KiB / 21.32 KiB  36.82 KiB/s
C:\Users\Kevin\AppData\Local\Temp\cinehome-hls-new-batman-series-s01e10\master258.vtt: 21.47 KiB / 21.47 KiB  37.05 KiB/s
C:\Users\Kevin\AppData\Local\Temp\cinehome-hls-new-batman-series-s01e10\master258.vtt: 21.67 KiB / 21.67 KiB  37.39 KiB/s
C:\Users\Kevin\AppData\Local\Temp\cinehome-hls-new-batman-series-s01e10\master28.vtt: 21.67 KiB / 21.67 KiB  37.40 KiB/s
C:\Users\Kevin\AppData\Local\Temp\cinehome-hls-new-batman-series-s01e10\master28.vtt: 21.91 KiB / 21.91 KiB  37.77 KiB/s
C:\Users\Kevin\AppData\Local\Temp\cinehome-hls-new-batman-series-s01e10\master28.vtt: 22.06 KiB / 22.06 KiB  38.03 KiB/s
C:\Users\Kevin\AppData\Local\Temp\cinehome-hls-new-batman-series-s01e10\master31.vtt: 22.20 KiB / 22.20 KiB  35.58 KiB/s
C:\Users\Kevin\AppData\Local\Temp\cinehome-hls-new-batman-series-s01e10\master32.vtt: 22.38 KiB / 22.38 KiB  35.85 KiB/s
C:\Users\Kevin\AppData\Local\Temp\cinehome-hls-new-batman-series-s01e10\master32.vtt: 22.52 KiB / 22.52 KiB  36.03 KiB/s
C:\Users\Kevin\AppData\Local\Temp\cinehome-hls-new-batman-series-s01e10\master32.vtt: 22.68 KiB / 22.68 KiB  36.23 KiB/s
C:\Users\Kevin\AppData\Local\Temp\cinehome-hls-new-batman-series-s01e10\master33.vtt: 22.94 KiB / 22.94 KiB  36.65 KiB/s
C:\Users\Kevin\AppData\Local\Temp\cinehome-hls-new-batman-series-s01e10\master34.vtt: 23.00 KiB / 23.00 KiB  36.72 KiB/s
C:\Users\Kevin\AppData\Local\Temp\cinehome-hls-new-batman-series-s01e10\master34.vtt: 23.05 KiB / 23.05 KiB  36.77 KiB/s
C:\Users\Kevin\AppData\Local\Temp\cinehome-hls-new-batman-series-s01e10\master37.vtt: 23.12 KiB / 23.12 KiB  36.88 KiB/s
C:\Users\Kevin\AppData\Local\Temp\cinehome-hls-new-batman-series-s01e10\master37.vtt: 23.40 KiB / 23.40 KiB  37.29 KiB/s
C:\Users\Kevin\AppData\Local\Temp\cinehome-hls-new-batman-series-s01e10\master37.vtt: 23.50 KiB / 23.50 KiB  37.43 KiB/s
C:\Users\Kevin\AppData\Local\Temp\cinehome-hls-new-batman-series-s01e10\master37.vtt: 23.59 KiB / 23.59 KiB  37.57 KiB/s
C:\Users\Kevin\AppData\Local\Temp\cinehome-hls-new-batman-series-s01e10\master37.vtt: 23.60 KiB / 23.60 KiB  37.58 KiB/s
C:\Users\Kevin\AppData\Local\Temp\cinehome-hls-new-batman-series-s01e10\master39.vtt: 23.40 KiB / 23.40 KiB  37.26 KiB/s
C:\Users\Kevin\AppData\Local\Temp\cinehome-hls-new-batman-series-s01e10\master39.vtt: 23.40 KiB / 23.40 KiB  37.23 KiB/s
C:\Users\Kevin\AppData\Local\Temp\cinehome-hls-new-batman-series-s01e10\master42.vtt: 23.66 KiB / 23.66 KiB  36.85 KiB/s
C:\Users\Kevin\AppData\Local\Temp\cinehome-hls-new-batman-series-s01e10\master42.vtt: 23.92 KiB / 23.92 KiB  37.26 KiB/s
C:\Users\Kevin\AppData\Local\Temp\cinehome-hls-new-batman-series-s01e10\master44.vtt: 24.12 KiB / 24.12 KiB  37.45 KiB/s
C:\Users\Kevin\AppData\Local\Temp\cinehome-hls-new-batman-series-s01e10\master45.vtt: 24.25 KiB / 24.25 KiB  37.44 KiB/s
C:\Users\Kevin\AppData\Local\Temp\cinehome-hls-new-batman-series-s01e10\master46.vtt: 24.39 KiB / 24.39 KiB  37.25 KiB/s
C:\Users\Kevin\AppData\Local\Temp\cinehome-hls-new-batman-series-s01e10\master47.vtt: 24.58 KiB / 24.58 KiB  37.39 KiB/s
C:\Users\Kevin\AppData\Local\Temp\cinehome-hls-new-batman-series-s01e10\master48.vtt: 24.59 KiB / 24.59 KiB  36.57 KiB/s
C:\Users\Kevin\AppData\Local\Temp\cinehome-hls-new-batman-series-s01e10\master49.vtt: 24.67 KiB / 24.67 KiB  36.47 KiB/s
C:\Users\Kevin\AppData\Local\Temp\cinehome-hls-new-batman-series-s01e10\master5.vtt: 24.86 KiB / 24.86 KiB  36.48 KiB/s
C:\Users\Kevin\AppData\Local\Temp\cinehome-hls-new-batman-series-s01e10\master50.vtt: 24.91 KiB / 24.91 KiB  36.36 KiB/s
C:\Users\Kevin\AppData\Local\Temp\cinehome-hls-new-batman-series-s01e10\master51.vtt: 24.91 KiB / 24.91 KiB  36.12 KiB/s
C:\Users\Kevin\AppData\Local\Temp\cinehome-hls-new-batman-series-s01e10\master52.vtt: 24.96 KiB / 24.96 KiB  36.12 KiB/s
C:\Users\Kevin\AppData\Local\Temp\cinehome-hls-new-batman-series-s01e10\master52.vtt: 25.16 KiB / 25.16 KiB  36.42 KiB/s
C:\Users\Kevin\AppData\Local\Temp\cinehome-hls-new-batman-series-s01e10\master54.vtt: 25.40 KiB / 25.40 KiB  36.74 KiB/s
C:\Users\Kevin\AppData\Local\Temp\cinehome-hls-new-batman-series-s01e10\master55.vtt: 25.48 KiB / 25.48 KiB  36.71 KiB/s
C:\Users\Kevin\AppData\Local\Temp\cinehome-hls-new-batman-series-s01e10\master56.vtt: 25.74 KiB / 25.74 KiB  36.95 KiB/s
C:\Users\Kevin\AppData\Local\Temp\cinehome-hls-new-batman-series-s01e10\master57.vtt: 25.99 KiB / 25.99 KiB  37.14 KiB/s
C:\Users\Kevin\AppData\Local\Temp\cinehome-hls-new-batman-series-s01e10\master58.vtt: 26.17 KiB / 26.17 KiB  37.41 KiB/s
C:\Users\Kevin\AppData\Local\Temp\cinehome-hls-new-batman-series-s01e10\master59.vtt: 26.27 KiB / 26.27 KiB  37.51 KiB/s
C:\Users\Kevin\AppData\Local\Temp\cinehome-hls-new-batman-series-s01e10\master59.vtt: 26.43 KiB / 26.43 KiB  37.74 KiB/s
C:\Users\Kevin\AppData\Local\Temp\cinehome-hls-new-batman-series-s01e10\master60.vtt: 26.57 KiB / 26.57 KiB  37.89 KiB/s
C:\Users\Kevin\AppData\Local\Temp\cinehome-hls-new-batman-series-s01e10\master61.vtt: 26.69 KiB / 26.69 KiB  37.25 KiB/s
C:\Users\Kevin\AppData\Local\Temp\cinehome-hls-new-batman-series-s01e10\master62.vtt: 26.80 KiB / 26.80 KiB  37.35 KiB/s
C:\Users\Kevin\AppData\Local\Temp\cinehome-hls-new-batman-series-s01e10\master63.vtt: 26.80 KiB / 26.80 KiB  36.96 KiB/s
C:\Users\Kevin\AppData\Local\Temp\cinehome-hls-new-batman-series-s01e10\master64.vtt: 26.88 KiB / 26.88 KiB  36.98 KiB/s
C:\Users\Kevin\AppData\Local\Temp\cinehome-hls-new-batman-series-s01e10\master65.vtt: 26.99 KiB / 26.99 KiB  37.05 KiB/s
C:\Users\Kevin\AppData\Local\Temp\cinehome-hls-new-batman-series-s01e10\master66.vtt: 27.09 KiB / 27.09 KiB  37.13 KiB/s
C:\Users\Kevin\AppData\Local\Temp\cinehome-hls-new-batman-series-s01e10\master67.vtt: 27.21 KiB / 27.21 KiB  37.28 KiB/s
C:\Users\Kevin\AppData\Local\Temp\cinehome-hls-new-batman-series-s01e10\master67.vtt: 27.22 KiB / 27.22 KiB  37.28 KiB/s
C:\Users\Kevin\AppData\Local\Temp\cinehome-hls-new-batman-series-s01e10\master67.vtt: 27.22 KiB / 27.22 KiB  37.29 KiB/s
C:\Users\Kevin\AppData\Local\Temp\cinehome-hls-new-batman-series-s01e10\master7.vtt: 27.32 KiB / 27.32 KiB  37.35 KiB/s
C:\Users\Kevin\AppData\Local\Temp\cinehome-hls-new-batman-series-s01e10\master7.vtt: 27.37 KiB / 27.37 KiB  37.42 KiB/s
C:\Users\Kevin\AppData\Local\Temp\cinehome-hls-new-batman-series-s01e10\master71.vtt: 27.38 KiB / 27.38 KiB  37.13 KiB/s
C:\Users\Kevin\AppData\Local\Temp\cinehome-hls-new-batman-series-s01e10\master72.vtt: 27.47 KiB / 27.47 KiB  36.69 KiB/s
C:\Users\Kevin\AppData\Local\Temp\cinehome-hls-new-batman-series-s01e10\master73.vtt: 27.52 KiB / 27.52 KiB  36.56 KiB/s
C:\Users\Kevin\AppData\Local\Temp\cinehome-hls-new-batman-series-s01e10\master73.vtt: 27.52 KiB / 27.52 KiB  36.51 KiB/s
C:\Users\Kevin\AppData\Local\Temp\cinehome-hls-new-batman-series-s01e10\master73.vtt: 27.52 KiB / 27.52 KiB  36.51 KiB/s
C:\Users\Kevin\AppData\Local\Temp\cinehome-hls-new-batman-series-s01e10\master74.vtt: 27.65 KiB / 27.65 KiB  36.30 KiB/s
C:\Users\Kevin\AppData\Local\Temp\cinehome-hls-new-batman-series-s01e10\master75.vtt: 27.65 KiB / 27.65 KiB  36.18 KiB/s
C:\Users\Kevin\AppData\Local\Temp\cinehome-hls-new-batman-series-s01e10\master76.vtt: 27.73 KiB / 27.73 KiB  36.17 KiB/s
C:\Users\Kevin\AppData\Local\Temp\cinehome-hls-new-batman-series-s01e10\master76.vtt: 27.92 KiB / 27.92 KiB  36.35 KiB/s
C:\Users\Kevin\AppData\Local\Temp\cinehome-hls-new-batman-series-s01e10\master76.vtt: 28.04 KiB / 28.04 KiB  36.50 KiB/s
C:\Users\Kevin\AppData\Local\Temp\cinehome-hls-new-batman-series-s01e10\master79.vtt: 28.18 KiB / 28.18 KiB  36.63 KiB/s
C:\Users\Kevin\AppData\Local\Temp\cinehome-hls-new-batman-series-s01e10\master8.vtt: 28.19 KiB / 28.19 KiB  36.61 KiB/s
C:\Users\Kevin\AppData\Local\Temp\cinehome-hls-new-batman-series-s01e10\master80.vtt: 28.19 KiB / 28.19 KiB  36.59 KiB/s
C:\Users\Kevin\AppData\Local\Temp\cinehome-hls-new-batman-series-s01e10\master81.vtt: 28.49 KiB / 28.49 KiB  36.95 KiB/s
C:\Users\Kevin\AppData\Local\Temp\cinehome-hls-new-batman-series-s01e10\master82.vtt: 28.74 KiB / 28.74 KiB  37.06 KiB/s
C:\Users\Kevin\AppData\Local\Temp\cinehome-hls-new-batman-series-s01e10\master82.vtt: 28.95 KiB / 28.95 KiB  37.33 KiB/s
C:\Users\Kevin\AppData\Local\Temp\cinehome-hls-new-batman-series-s01e10\master84.vtt: 29.14 KiB / 29.14 KiB  36.94 KiB/s
C:\Users\Kevin\AppData\Local\Temp\cinehome-hls-new-batman-series-s01e10\master85.vtt: 29.30 KiB / 29.30 KiB  36.61 KiB/s
C:\Users\Kevin\AppData\Local\Temp\cinehome-hls-new-batman-series-s01e10\master86.vtt: 29.45 KiB / 29.45 KiB  36.74 KiB/s
C:\Users\Kevin\AppData\Local\Temp\cinehome-hls-new-batman-series-s01e10\master87.vtt: 29.52 KiB / 29.52 KiB  36.83 KiB/s
C:\Users\Kevin\AppData\Local\Temp\cinehome-hls-new-batman-series-s01e10\master88.vtt: 29.79 KiB / 29.79 KiB  37.09 KiB/s
C:\Users\Kevin\AppData\Local\Temp\cinehome-hls-new-batman-series-s01e10\master88.vtt: 29.98 KiB / 29.98 KiB  36.57 KiB/s
C:\Users\Kevin\AppData\Local\Temp\cinehome-hls-new-batman-series-s01e10\master89.vtt: 30.08 KiB / 30.08 KiB  36.52 KiB/s
C:\Users\Kevin\AppData\Local\Temp\cinehome-hls-new-batman-series-s01e10\master89.vtt: 30.13 KiB / 30.13 KiB  36.55 KiB/s
C:\Users\Kevin\AppData\Local\Temp\cinehome-hls-new-batman-series-s01e10\master9.vtt: 30.14 KiB / 30.14 KiB  36.54 KiB/s
C:\Users\Kevin\AppData\Local\Temp\cinehome-hls-new-batman-series-s01e10\master9.vtt: 30.19 KiB / 30.19 KiB  36.59 KiB/s
C:\Users\Kevin\AppData\Local\Temp\cinehome-hls-new-batman-series-s01e10\master93.vtt: 30.24 KiB / 30.24 KiB  36.64 KiB/s
C:\Users\Kevin\AppData\Local\Temp\cinehome-hls-new-batman-series-s01e10\master93.vtt: 30.34 KiB / 30.34 KiB  36.73 KiB/s
C:\Users\Kevin\AppData\Local\Temp\cinehome-hls-new-batman-series-s01e10\master95.vtt: 30.55 KiB / 30.55 KiB  36.96 KiB/s
C:\Users\Kevin\AppData\Local\Temp\cinehome-hls-new-batman-series-s01e10\master95.vtt: 30.75 KiB / 30.75 KiB  37.20 KiB/s
C:\Users\Kevin\AppData\Local\Temp\cinehome-hls-new-batman-series-s01e10\master95.vtt: 31.01 KiB / 31.01 KiB  37.49 KiB/s
C:\Users\Kevin\AppData\Local\Temp\cinehome-hls-new-batman-series-s01e10\master95.vtt: 31.06 KiB / 31.06 KiB  37.55 KiB/s
C:\Users\Kevin\AppData\Local\Temp\cinehome-hls-new-batman-series-s01e10\master99.vtt: 39.16 KiB / 39.16 KiB  45.46 KiB/s
C:\Users\Kevin\AppData\Local\Temp\cinehome-hls-new-batman-series-s01e10\master_vtt.m3u8: 1.88 MiB / 1.88 MiB  2.18 MiB/s
C:\Users\Kevin\AppData\Local\Temp\cinehome-hls-new-batman-series-s01e10\master_vtt.m3u8: 3.18 MiB / 3.18 MiB  3.67 MiB/s
C:\Users\Kevin\AppData\Local\Temp\cinehome-hls-new-batman-series-s01e10\master_vtt.m3u8: 3.71 MiB / 3.71 MiB  4.28 MiB/s
C:\Users\Kevin\AppData\Local\Temp\cinehome-hls-new-batman-series-s01e10\master_vtt.m3u8: 4.10 MiB / 4.10 MiB  4.73 MiB/s
C:\Users\Kevin\AppData\Local\Temp\cinehome-hls-new-batman-series-s01e10\seg_0000.ts: 5.38 MiB / 5.38 MiB  6.21 MiB/s
C:\Users\Kevin\AppData\Local\Temp\cinehome-hls-new-batman-series-s01e10\seg_0000.ts: 5.99 MiB / 5.99 MiB  6.90 MiB/s
C:\Users\Kevin\AppData\Local\Temp\cinehome-hls-new-batman-series-s01e10\seg_0000.ts: 6.57 MiB / 6.57 MiB  7.57 MiB/s
C:\Users\Kevin\AppData\Local\Temp\cinehome-hls-new-batman-series-s01e10\seg_0006.ts: 7.75 MiB / 7.75 MiB  8.93 MiB/s
C:\Users\Kevin\AppData\Local\Temp\cinehome-hls-new-batman-series-s01e10\seg_0006.ts: 8.50 MiB / 8.50 MiB  9.78 MiB/s
C:\Users\Kevin\AppData\Local\Temp\cinehome-hls-new-batman-series-s01e10\seg_0007.ts: 9.78 MiB / 9.78 MiB  11.25 MiB/s
C:\Users\Kevin\AppData\Local\Temp\cinehome-hls-new-batman-series-s01e10\seg_0008.ts: 10.43 MiB / 10.43 MiB  12.00 MiB/s
C:\Users\Kevin\AppData\Local\Temp\cinehome-hls-new-batman-series-s01e10\seg_0009.ts: 10.43 MiB / 10.43 MiB  11.87 MiB/s
C:\Users\Kevin\AppData\Local\Temp\cinehome-hls-new-batman-series-s01e10\seg_0009.ts: 10.43 MiB / 10.43 MiB  11.87 MiB/s
C:\Users\Kevin\AppData\Local\Temp\cinehome-hls-new-batman-series-s01e10\seg_0010.ts: 11.67 MiB / 11.67 MiB  12.92 MiB/s
C:\Users\Kevin\AppData\Local\Temp\cinehome-hls-new-batman-series-s01e10\seg_0010.ts: 12.43 MiB / 12.43 MiB  13.76 MiB/s
C:\Users\Kevin\AppData\Local\Temp\cinehome-hls-new-batman-series-s01e10\seg_0012.ts: 24.18 MiB / 24.18 MiB  26.40 MiB/s
C:\Users\Kevin\AppData\Local\Temp\cinehome-hls-new-batman-series-s01e10\seg_0013.ts: 28.62 MiB / 28.62 MiB  31.21 MiB/s
C:\Users\Kevin\AppData\Local\Temp\cinehome-hls-new-batman-series-s01e10\seg_0014.ts: 35.06 MiB / 35.06 MiB  36.56 MiB/s
C:\Users\Kevin\AppData\Local\Temp\cinehome-hls-new-batman-series-s01e10\seg_0014.ts: 41.77 MiB / 41.77 MiB  41.93 MiB/s
C:\Users\Kevin\AppData\Local\Temp\cinehome-hls-new-batman-series-s01e10\seg_0015.ts: 41.77 MiB / 41.77 MiB  41.59 MiB/s
C:\Users\Kevin\AppData\Local\Temp\cinehome-hls-new-batman-series-s01e10\seg_0015.ts: 41.77 MiB / 41.77 MiB  41.59 MiB/s
C:\Users\Kevin\AppData\Local\Temp\cinehome-hls-new-batman-series-s01e10\seg_0016.ts: 50.42 MiB / 50.42 MiB  50.21 MiB/s
C:\Users\Kevin\AppData\Local\Temp\cinehome-hls-new-batman-series-s01e10\seg_0017.ts: 50.99 MiB / 50.99 MiB  50.47 MiB/s
C:\Users\Kevin\AppData\Local\Temp\cinehome-hls-new-batman-series-s01e10\seg_0018.ts: 51.44 MiB / 51.44 MiB  50.75 MiB/s
C:\Users\Kevin\AppData\Local\Temp\cinehome-hls-new-batman-series-s01e10\seg_0019.ts: 52.28 MiB / 52.28 MiB  51.33 MiB/s
C:\Users\Kevin\AppData\Local\Temp\cinehome-hls-new-batman-series-s01e10\seg_0020.ts: 52.74 MiB / 52.74 MiB  51.77 MiB/s
C:\Users\Kevin\AppData\Local\Temp\cinehome-hls-new-batman-series-s01e10\seg_0021.ts: 53.85 MiB / 53.85 MiB  52.69 MiB/s
C:\Users\Kevin\AppData\Local\Temp\cinehome-hls-new-batman-series-s01e10\seg_0022.ts: 55.75 MiB / 55.75 MiB  51.86 MiB/s
C:\Users\Kevin\AppData\Local\Temp\cinehome-hls-new-batman-series-s01e10\seg_0023.ts: 57.12 MiB / 57.12 MiB  51.97 MiB/s
C:\Users\Kevin\AppData\Local\Temp\cinehome-hls-new-batman-series-s01e10\seg_0024.ts: 57.96 MiB / 57.96 MiB  52.73 MiB/s
C:\Users\Kevin\AppData\Local\Temp\cinehome-hls-new-batman-series-s01e10\seg_0025.ts: 59.25 MiB / 59.25 MiB  53.75 MiB/s
C:\Users\Kevin\AppData\Local\Temp\cinehome-hls-new-batman-series-s01e10\seg_0026.ts: 60.23 MiB / 60.23 MiB  54.50 MiB/s
C:\Users\Kevin\AppData\Local\Temp\cinehome-hls-new-batman-series-s01e10\seg_0026.ts: 60.23 MiB / 60.23 MiB  53.32 MiB/s
C:\Users\Kevin\AppData\Local\Temp\cinehome-hls-new-batman-series-s01e10\seg_0026.ts: 60.23 MiB / 60.23 MiB  53.32 MiB/s
C:\Users\Kevin\AppData\Local\Temp\cinehome-hls-new-batman-series-s01e10\seg_0026.ts: 61.00 MiB / 61.00 MiB  53.25 MiB/s
C:\Users\Kevin\AppData\Local\Temp\cinehome-hls-new-batman-series-s01e10\seg_0028.ts: 61.84 MiB / 61.84 MiB  50.57 MiB/s
C:\Users\Kevin\AppData\Local\Temp\cinehome-hls-new-batman-series-s01e10\seg_0028.ts: 61.84 MiB / 61.84 MiB  49.27 MiB/s
C:\Users\Kevin\AppData\Local\Temp\cinehome-hls-new-batman-series-s01e10\seg_0028.ts: 61.84 MiB / 61.84 MiB  49.27 MiB/s
C:\Users\Kevin\AppData\Local\Temp\cinehome-hls-new-batman-series-s01e10\seg_0029.ts: 62.82 MiB / 62.82 MiB  49.59 MiB/s
C:\Users\Kevin\AppData\Local\Temp\cinehome-hls-new-batman-series-s01e10\seg_0030.ts: 63.45 MiB / 63.45 MiB  48.87 MiB/s
C:\Users\Kevin\AppData\Local\Temp\cinehome-hls-new-batman-series-s01e10\seg_0031.ts: 64.15 MiB / 64.15 MiB  48.00 MiB/s
C:\Users\Kevin\AppData\Local\Temp\cinehome-hls-new-batman-series-s01e10\seg_0031.ts: 65.12 MiB / 65.12 MiB  48.71 MiB/s
C:\Users\Kevin\AppData\Local\Temp\cinehome-hls-new-batman-series-s01e10\seg_0033.ts: 65.95 MiB / 65.95 MiB  49.31 MiB/s
C:\Users\Kevin\AppData\Local\Temp\cinehome-hls-new-batman-series-s01e10\seg_0034.ts: 66.67 MiB / 66.67 MiB  49.76 MiB/s
C:\Users\Kevin\AppData\Local\Temp\cinehome-hls-new-batman-series-s01e10\seg_0035.ts: 67.91 MiB / 67.91 MiB  50.63 MiB/s
C:\Users\Kevin\AppData\Local\Temp\cinehome-hls-new-batman-series-s01e10\seg_0036.ts: 68.65 MiB / 68.65 MiB  50.79 MiB/s
C:\Users\Kevin\AppData\Local\Temp\cinehome-hls-new-batman-series-s01e10\seg_0036.ts: 68.65 MiB / 68.65 MiB  49.74 MiB/s
C:\Users\Kevin\AppData\Local\Temp\cinehome-hls-new-batman-series-s01e10\seg_0036.ts: 68.65 MiB / 68.65 MiB  49.74 MiB/s
C:\Users\Kevin\AppData\Local\Temp\cinehome-hls-new-batman-series-s01e10\seg_0036.ts: 68.65 MiB / 68.65 MiB  45.57 MiB/s
C:\Users\Kevin\AppData\Local\Temp\cinehome-hls-new-batman-series-s01e10\seg_0036.ts: 68.65 MiB / 68.65 MiB  45.56 MiB/s
C:\Users\Kevin\AppData\Local\Temp\cinehome-hls-new-batman-series-s01e10\seg_0036.ts: 68.65 MiB / 68.65 MiB  42.05 MiB/s
C:\Users\Kevin\AppData\Local\Temp\cinehome-hls-new-batman-series-s01e10\seg_0036.ts: 68.65 MiB / 68.65 MiB  42.05 MiB/s
C:\Users\Kevin\AppData\Local\Temp\cinehome-hls-new-batman-series-s01e10\seg_0037.ts: 69.35 MiB / 69.35 MiB  40.87 MiB/s
C:\Users\Kevin\AppData\Local\Temp\cinehome-hls-new-batman-series-s01e10\seg_0038.ts: 70.05 MiB / 70.05 MiB  41.26 MiB/s
C:\Users\Kevin\AppData\Local\Temp\cinehome-hls-new-batman-series-s01e10\seg_0039.ts: 70.68 MiB / 70.68 MiB  41.42 MiB/s
C:\Users\Kevin\AppData\Local\Temp\cinehome-hls-new-batman-series-s01e10\seg_0040.ts: 71.15 MiB / 71.15 MiB  41.58 MiB/s
C:\Users\Kevin\AppData\Local\Temp\cinehome-hls-new-batman-series-s01e10\seg_0041.ts: 72.19 MiB / 72.19 MiB  41.89 MiB/s
C:\Users\Kevin\AppData\Local\Temp\cinehome-hls-new-batman-series-s01e10\seg_0041.ts: 73.11 MiB / 73.11 MiB  42.21 MiB/s
C:\Users\Kevin\AppData\Local\Temp\cinehome-hls-new-batman-series-s01e10\seg_0043.ts: 74.65 MiB / 74.65 MiB  42.93 MiB/s
C:\Users\Kevin\AppData\Local\Temp\cinehome-hls-new-batman-series-s01e10\seg_0044.ts: 75.17 MiB / 75.17 MiB  42.78 MiB/s
C:\Users\Kevin\AppData\Local\Temp\cinehome-hls-new-batman-series-s01e10\seg_0044.ts: 75.90 MiB / 75.90 MiB  43.18 MiB/s
C:\Users\Kevin\AppData\Local\Temp\cinehome-hls-new-batman-series-s01e10\seg_0044.ts: 75.17 MiB / 75.17 MiB  42.74 MiB/s
C:\Users\Kevin\AppData\Local\Temp\cinehome-hls-new-batman-series-s01e10\seg_0044.ts: 75.17 MiB / 75.17 MiB  42.74 MiB/s
C:\Users\Kevin\AppData\Local\Temp\cinehome-hls-new-batman-series-s01e10\seg_0045.ts: 76.77 MiB / 76.77 MiB  43.65 MiB/s
C:\Users\Kevin\AppData\Local\Temp\cinehome-hls-new-batman-series-s01e10\seg_0045.ts: 77.55 MiB / 77.55 MiB  44.08 MiB/s
C:\Users\Kevin\AppData\Local\Temp\cinehome-hls-new-batman-series-s01e10\seg_0048.ts: 78.01 MiB / 78.01 MiB  44.22 MiB/s
C:\Users\Kevin\AppData\Local\Temp\cinehome-hls-new-batman-series-s01e10\seg_0049.ts: 78.76 MiB / 78.76 MiB  43.71 MiB/s
C:\Users\Kevin\AppData\Local\Temp\cinehome-hls-new-batman-series-s01e10\seg_0050.ts: 80.24 MiB / 80.24 MiB  43.69 MiB/s
C:\Users\Kevin\AppData\Local\Temp\cinehome-hls-new-batman-series-s01e10\seg_0051.ts: 80.82 MiB / 80.82 MiB  43.95 MiB/s
C:\Users\Kevin\AppData\Local\Temp\cinehome-hls-new-batman-series-s01e10\seg_0052.ts: 81.67 MiB / 81.67 MiB  44.37 MiB/s
C:\Users\Kevin\AppData\Local\Temp\cinehome-hls-new-batman-series-s01e10\seg_0052.ts: 83.22 MiB / 83.22 MiB  45.14 MiB/s
C:\Users\Kevin\AppData\Local\Temp\cinehome-hls-new-batman-series-s01e10\seg_0054.ts: 84.35 MiB / 84.35 MiB  45.22 MiB/s
C:\Users\Kevin\AppData\Local\Temp\cinehome-hls-new-batman-series-s01e10\seg_0054.ts: 84.35 MiB / 84.35 MiB  44.78 MiB/s
C:\Users\Kevin\AppData\Local\Temp\cinehome-hls-new-batman-series-s01e10\seg_0054.ts: 84.35 MiB / 84.35 MiB  44.78 MiB/s
C:\Users\Kevin\AppData\Local\Temp\cinehome-hls-new-batman-series-s01e10\seg_0055.ts: 85.20 MiB / 85.20 MiB  44.52 MiB/s
C:\Users\Kevin\AppData\Local\Temp\cinehome-hls-new-batman-series-s01e10\seg_0055.ts: 87.14 MiB / 87.14 MiB  45.52 MiB/s
C:\Users\Kevin\AppData\Local\Temp\cinehome-hls-new-batman-series-s01e10\seg_0055.ts: 88.47 MiB / 88.47 MiB  46.21 MiB/s
C:\Users\Kevin\AppData\Local\Temp\cinehome-hls-new-batman-series-s01e10\seg_0058.ts: 89.65 MiB / 89.65 MiB  46.80 MiB/s
C:\Users\Kevin\AppData\Local\Temp\cinehome-hls-new-batman-series-s01e10\seg_0059.ts: 90.38 MiB / 90.38 MiB  47.10 MiB/s
C:\Users\Kevin\AppData\Local\Temp\cinehome-hls-new-batman-series-s01e10\seg_0060.ts: 91.22 MiB / 91.22 MiB  47.12 MiB/s
C:\Users\Kevin\AppData\Local\Temp\cinehome-hls-new-batman-series-s01e10\seg_0061.ts: 91.86 MiB / 91.86 MiB  47.30 MiB/s
C:\Users\Kevin\AppData\Local\Temp\cinehome-hls-new-batman-series-s01e10\seg_0062.ts: 92.75 MiB / 92.75 MiB  46.99 MiB/s
C:\Users\Kevin\AppData\Local\Temp\cinehome-hls-new-batman-series-s01e10\seg_0063.ts: 93.59 MiB / 93.59 MiB  47.09 MiB/s
C:\Users\Kevin\AppData\Local\Temp\cinehome-hls-new-batman-series-s01e10\seg_0063.ts: 93.59 MiB / 93.59 MiB  46.59 MiB/s
C:\Users\Kevin\AppData\Local\Temp\cinehome-hls-new-batman-series-s01e10\seg_0063.ts: 93.59 MiB / 93.59 MiB  46.59 MiB/s
C:\Users\Kevin\AppData\Local\Temp\cinehome-hls-new-batman-series-s01e10\seg_0064.ts: 94.42 MiB / 94.42 MiB  46.56 MiB/s
C:\Users\Kevin\AppData\Local\Temp\cinehome-hls-new-batman-series-s01e10\seg_0065.ts: 95.87 MiB / 95.87 MiB  46.56 MiB/s
C:\Users\Kevin\AppData\Local\Temp\cinehome-hls-new-batman-series-s01e10\seg_0066.ts: 96.39 MiB / 96.39 MiB  46.72 MiB/s
C:\Users\Kevin\AppData\Local\Temp\cinehome-hls-new-batman-series-s01e10\seg_0067.ts: 97.01 MiB / 97.01 MiB  46.76 MiB/s
C:\Users\Kevin\AppData\Local\Temp\cinehome-hls-new-batman-series-s01e10\seg_0068.ts: 97.28 MiB / 97.28 MiB  46.39 MiB/s
C:\Users\Kevin\AppData\Local\Temp\cinehome-hls-new-batman-series-s01e10\seg_0069.ts: 99.92 MiB / 99.92 MiB  47.15 MiB/s
C:\Users\Kevin\AppData\Local\Temp\cinehome-hls-new-batman-series-s01e10\seg_0069.ts: 99.92 MiB / 99.92 MiB  46.82 MiB/s
C:\Users\Kevin\AppData\Local\Temp\cinehome-hls-new-batman-series-s01e10\seg_0069.ts: 99.92 MiB / 99.92 MiB  46.82 MiB/s
C:\Users\Kevin\AppData\Local\Temp\cinehome-hls-new-batman-series-s01e10\seg_0070.ts: 102.61 MiB / 102.61 MiB  48.03 MiB/s
C:\Users\Kevin\AppData\Local\Temp\cinehome-hls-new-batman-series-s01e10\seg_0070.ts: 104.93 MiB / 104.93 MiB  49.11 MiB/s
C:\Users\Kevin\AppData\Local\Temp\cinehome-hls-new-batman-series-s01e10\seg_0071.ts: 106.04 MiB / 106.04 MiB  49.61 MiB/s
C:\Users\Kevin\AppData\Local\Temp\cinehome-hls-new-batman-series-s01e10\seg_0071.ts: 107.73 MiB / 107.73 MiB  50.37 MiB/s
C:\Users\Kevin\AppData\Local\Temp\cinehome-hls-new-batman-series-s01e10\seg_0073.ts: 110.63 MiB / 110.63 MiB  51.72 MiB/s
C:\Users\Kevin\AppData\Local\Temp\cinehome-hls-new-batman-series-s01e10\seg_0073.ts: 110.94 MiB / 110.94 MiB  51.85 MiB/s
C:\Users\Kevin\AppData\Local\Temp\cinehome-hls-new-batman-series-s01e10\seg_0076.ts: 112.43 MiB / 112.43 MiB  52.15 MiB/s
C:\Users\Kevin\AppData\Local\Temp\cinehome-hls-new-batman-series-s01e10\seg_0077.ts: 113.85 MiB / 113.85 MiB  52.73 MiB/s
C:\Users\Kevin\AppData\Local\Temp\cinehome-hls-new-batman-series-s01e10\seg_0078.ts: 114.50 MiB / 114.50 MiB  52.97 MiB/s
C:\Users\Kevin\AppData\Local\Temp\cinehome-hls-new-batman-series-s01e10\seg_0079.ts: 116.14 MiB / 116.14 MiB  53.72 MiB/s
C:\Users\Kevin\AppData\Local\Temp\cinehome-hls-new-batman-series-s01e10\seg_0080.ts: 117.86 MiB / 117.86 MiB  54.49 MiB/s
C:\Users\Kevin\AppData\Local\Temp\cinehome-hls-new-batman-series-s01e10\seg_0081.ts: 119.49 MiB / 119.49 MiB  55.23 MiB/s
C:\Users\Kevin\AppData\Local\Temp\cinehome-hls-new-batman-series-s01e10\seg_0081.ts: 119.49 MiB / 119.49 MiB  52.88 MiB/s
C:\Users\Kevin\AppData\Local\Temp\cinehome-hls-new-batman-series-s01e10\seg_0081.ts: 119.49 MiB / 119.49 MiB  52.88 MiB/s
C:\Users\Kevin\AppData\Local\Temp\cinehome-hls-new-batman-series-s01e10\seg_0082.ts: 120.78 MiB / 120.78 MiB  53.30 MiB/s
C:\Users\Kevin\AppData\Local\Temp\cinehome-hls-new-batman-series-s01e10\seg_0083.ts: 122.58 MiB / 122.58 MiB  54.03 MiB/s
C:\Users\Kevin\AppData\Local\Temp\cinehome-hls-new-batman-series-s01e10\seg_0084.ts: 123.88 MiB / 123.88 MiB  54.45 MiB/s
C:\Users\Kevin\AppData\Local\Temp\cinehome-hls-new-batman-series-s01e10\seg_0085.ts: 124.89 MiB / 124.89 MiB  54.52 MiB/s
C:\Users\Kevin\AppData\Local\Temp\cinehome-hls-new-batman-series-s01e10\seg_0085.ts: 124.89 MiB / 124.89 MiB  52.37 MiB/s
C:\Users\Kevin\AppData\Local\Temp\cinehome-hls-new-batman-series-s01e10\seg_0085.ts: 124.89 MiB / 124.89 MiB  52.37 MiB/s
C:\Users\Kevin\AppData\Local\Temp\cinehome-hls-new-batman-series-s01e10\seg_0086.ts: 126.03 MiB / 126.03 MiB  51.35 MiB/s
C:\Users\Kevin\AppData\Local\Temp\cinehome-hls-new-batman-series-s01e10\seg_0086.ts: 126.03 MiB / 126.03 MiB  50.21 MiB/s
C:\Users\Kevin\AppData\Local\Temp\cinehome-hls-new-batman-series-s01e10\seg_0086.ts: 126.03 MiB / 126.03 MiB  50.21 MiB/s
C:\Users\Kevin\AppData\Local\Temp\cinehome-hls-new-batman-series-s01e10\seg_0086.ts: 126.49 MiB / 126.49 MiB  50.12 MiB/s
C:\Users\Kevin\AppData\Local\Temp\cinehome-hls-new-batman-series-s01e10\seg_0086.ts: 128.65 MiB / 128.65 MiB  50.98 MiB/s
C:\Users\Kevin\AppData\Local\Temp\cinehome-hls-new-batman-series-s01e10\seg_0088.ts: 129.36 MiB / 129.36 MiB  51.19 MiB/s
C:\Users\Kevin\AppData\Local\Temp\cinehome-hls-new-batman-series-s01e10\seg_0088.ts: 129.73 MiB / 129.73 MiB  51.34 MiB/s
C:\Users\Kevin\AppData\Local\Temp\cinehome-hls-new-batman-series-s01e10\seg_0091.ts: 130.30 MiB / 130.30 MiB  51.37 MiB/s
C:\Users\Kevin\AppData\Local\Temp\cinehome-hls-new-batman-series-s01e10\seg_0091.ts: 133.40 MiB / 133.40 MiB  52.58 MiB/s
C:\Users\Kevin\AppData\Local\Temp\cinehome-hls-new-batman-series-s01e10\seg_0092.ts: 134.44 MiB / 134.44 MiB  52.99 MiB/s
C:\Users\Kevin\AppData\Local\Temp\cinehome-hls-new-batman-series-s01e10\seg_0094.ts: 135.60 MiB / 135.60 MiB  53.39 MiB/s
C:\Users\Kevin\AppData\Local\Temp\cinehome-hls-new-batman-series-s01e10\seg_0094.ts: 136.80 MiB / 136.80 MiB  53.86 MiB/s
C:\Users\Kevin\AppData\Local\Temp\cinehome-hls-new-batman-series-s01e10\seg_0094.ts: 137.67 MiB / 137.67 MiB  54.21 MiB/s
C:\Users\Kevin\AppData\Local\Temp\cinehome-hls-new-batman-series-s01e10\seg_0097.ts: 139.36 MiB / 139.36 MiB  54.86 MiB/s
C:\Users\Kevin\AppData\Local\Temp\cinehome-hls-new-batman-series-s01e10\seg_0098.ts: 139.92 MiB / 139.92 MiB  54.59 MiB/s
C:\Users\Kevin\AppData\Local\Temp\cinehome-hls-new-batman-series-s01e10\seg_0099.ts: 140.76 MiB / 140.76 MiB  54.37 MiB/s
C:\Users\Kevin\AppData\Local\Temp\cinehome-hls-new-batman-series-s01e10\seg_0100.ts: 141.96 MiB / 141.96 MiB  54.82 MiB/s
C:\Users\Kevin\AppData\Local\Temp\cinehome-hls-new-batman-series-s01e10\seg_0101.ts: 143.72 MiB / 143.72 MiB  55.32 MiB/s
C:\Users\Kevin\AppData\Local\Temp\cinehome-hls-new-batman-series-s01e10\seg_0102.ts: 144.40 MiB / 144.40 MiB  55.56 MiB/s
C:\Users\Kevin\AppData\Local\Temp\cinehome-hls-new-batman-series-s01e10\seg_0103.ts: 145.80 MiB / 145.80 MiB  56.10 MiB/s
C:\Users\Kevin\AppData\Local\Temp\cinehome-hls-new-batman-series-s01e10\seg_0103.ts: 145.80 MiB / 145.80 MiB  55.32 MiB/s
C:\Users\Kevin\AppData\Local\Temp\cinehome-hls-new-batman-series-s01e10\seg_0103.ts: 145.80 MiB / 145.80 MiB  55.32 MiB/s
C:\Users\Kevin\AppData\Local\Temp\cinehome-hls-new-batman-series-s01e10\seg_0103.ts: 145.80 MiB / 145.80 MiB  52.81 MiB/s
C:\Users\Kevin\AppData\Local\Temp\cinehome-hls-new-batman-series-s01e10\seg_0103.ts: 145.80 MiB / 145.80 MiB  52.81 MiB/s
C:\Users\Kevin\AppData\Local\Temp\cinehome-hls-new-batman-series-s01e10\seg_0104.ts: 146.81 MiB / 146.81 MiB  52.75 MiB/s
C:\Users\Kevin\AppData\Local\Temp\cinehome-hls-new-batman-series-s01e10\seg_0105.ts: 147.77 MiB / 147.77 MiB  52.64 MiB/s
C:\Users\Kevin\AppData\Local\Temp\cinehome-hls-new-batman-series-s01e10\seg_0105.ts: 148.62 MiB / 148.62 MiB  52.92 MiB/s
C:\Users\Kevin\AppData\Local\Temp\cinehome-hls-new-batman-series-s01e10\seg_0105.ts: 149.91 MiB / 149.91 MiB  53.38 MiB/s
C:\Users\Kevin\AppData\Local\Temp\cinehome-hls-new-batman-series-s01e10\seg_0105.ts: 150.67 MiB / 150.67 MiB  53.64 MiB/s
C:\Users\Kevin\AppData\Local\Temp\cinehome-hls-new-batman-series-s01e10\seg_0109.ts: 151.79 MiB / 151.79 MiB  53.71 MiB/s
C:\Users\Kevin\AppData\Local\Temp\cinehome-hls-new-batman-series-s01e10\seg_0110.ts: 152.51 MiB / 152.51 MiB  53.84 MiB/s
C:\Users\Kevin\AppData\Local\Temp\cinehome-hls-new-batman-series-s01e10\seg_0111.ts: 153.73 MiB / 153.73 MiB  54.25 MiB/s
C:\Users\Kevin\AppData\Local\Temp\cinehome-hls-new-batman-series-s01e10\seg_0112.ts: 155.41 MiB / 155.41 MiB  54.82 MiB/s
C:\Users\Kevin\AppData\Local\Temp\cinehome-hls-new-batman-series-s01e10\seg_0112.ts: 157.40 MiB / 157.40 MiB  55.51 MiB/s
C:\Users\Kevin\AppData\Local\Temp\cinehome-hls-new-batman-series-s01e10\seg_0112.ts: 157.99 MiB / 157.99 MiB  55.72 MiB/s
C:\Users\Kevin\AppData\Local\Temp\cinehome-hls-new-batman-series-s01e10\seg_0114.ts: 158.73 MiB / 158.73 MiB  55.98 MiB/s
C:\Users\Kevin\AppData\Local\Temp\cinehome-hls-new-batman-series-s01e10\seg_0116.ts: 160.34 MiB / 160.34 MiB  56.50 MiB/s
C:\Users\Kevin\AppData\Local\Temp\cinehome-hls-new-batman-series-s01e10\seg_0116.ts: 160.34 MiB / 160.34 MiB  55.56 MiB/s
C:\Users\Kevin\AppData\Local\Temp\cinehome-hls-new-batman-series-s01e10\seg_0116.ts: 160.34 MiB / 160.34 MiB  55.56 MiB/s
C:\Users\Kevin\AppData\Local\Temp\cinehome-hls-new-batman-series-s01e10\seg_0117.ts: 160.85 MiB / 160.85 MiB  54.00 MiB/s
C:\Users\Kevin\AppData\Local\Temp\cinehome-hls-new-batman-series-s01e10\seg_0118.ts: 162.10 MiB / 162.10 MiB  54.39 MiB/s
C:\Users\Kevin\AppData\Local\Temp\cinehome-hls-new-batman-series-s01e10\seg_0118.ts: 162.73 MiB / 162.73 MiB  54.59 MiB/s
C:\Users\Kevin\AppData\Local\Temp\cinehome-hls-new-batman-series-s01e10\seg_0120.ts: 163.76 MiB / 163.76 MiB  54.76 MiB/s
C:\Users\Kevin\AppData\Local\Temp\cinehome-hls-new-batman-series-s01e10\seg_0121.ts: 164.20 MiB / 164.20 MiB  54.84 MiB/s
C:\Users\Kevin\AppData\Local\Temp\cinehome-hls-new-batman-series-s01e10\seg_0122.ts: 167.17 MiB / 167.17 MiB  55.73 MiB/s
C:\Users\Kevin\AppData\Local\Temp\cinehome-hls-new-batman-series-s01e10\seg_0123.ts: 167.93 MiB / 167.93 MiB  55.95 MiB/s
C:\Users\Kevin\AppData\Local\Temp\cinehome-hls-new-batman-series-s01e10\seg_0124.ts: 169.53 MiB / 169.53 MiB  56.47 MiB/s
C:\Users\Kevin\AppData\Local\Temp\cinehome-hls-new-batman-series-s01e10\seg_0124.ts: 170.73 MiB / 170.73 MiB  56.86 MiB/s
C:\Users\Kevin\AppData\Local\Temp\cinehome-hls-new-batman-series-s01e10\seg_0125.ts: 172.03 MiB / 172.03 MiB  57.29 MiB/s
C:\Users\Kevin\AppData\Local\Temp\cinehome-hls-new-batman-series-s01e10\seg_0125.ts: 172.97 MiB / 172.97 MiB  57.59 MiB/s
C:\Users\Kevin\AppData\Local\Temp\cinehome-hls-new-batman-series-s01e10\seg_0125.ts: 175.47 MiB / 175.47 MiB  58.43 MiB/s
C:\Users\Kevin\AppData\Local\Temp\cinehome-hls-new-batman-series-s01e10\seg_0128.ts: 175.47 MiB / 175.47 MiB  58.28 MiB/s
C:\Users\Kevin\AppData\Local\Temp\cinehome-hls-new-batman-series-s01e10\seg_0128.ts: 175.47 MiB / 175.47 MiB  58.28 MiB/s
C:\Users\Kevin\AppData\Local\Temp\cinehome-hls-new-batman-series-s01e10\seg_0129.ts: 175.88 MiB / 175.88 MiB  57.57 MiB/s
C:\Users\Kevin\AppData\Local\Temp\cinehome-hls-new-batman-series-s01e10\seg_0130.ts: 176.38 MiB / 176.38 MiB  57.15 MiB/s
C:\Users\Kevin\AppData\Local\Temp\cinehome-hls-new-batman-series-s01e10\seg_0131.ts: 177.98 MiB / 177.98 MiB  57.51 MiB/s
C:\Users\Kevin\AppData\Local\Temp\cinehome-hls-new-batman-series-s01e10\seg_0132.ts: 179.53 MiB / 179.53 MiB  57.78 MiB/s
C:\Users\Kevin\AppData\Local\Temp\cinehome-hls-new-batman-series-s01e10\seg_0133.ts: 181.31 MiB / 181.31 MiB  58.34 MiB/s
C:\Users\Kevin\AppData\Local\Temp\cinehome-hls-new-batman-series-s01e10\seg_0133.ts: 181.31 MiB / 181.31 MiB  57.81 MiB/s
C:\Users\Kevin\AppData\Local\Temp\cinehome-hls-new-batman-series-s01e10\seg_0133.ts: 181.31 MiB / 181.31 MiB  57.81 MiB/s
C:\Users\Kevin\AppData\Local\Temp\cinehome-hls-new-batman-series-s01e10\seg_0134.ts: 182.15 MiB / 182.15 MiB  57.48 MiB/s
C:\Users\Kevin\AppData\Local\Temp\cinehome-hls-new-batman-series-s01e10\seg_0135.ts: 183.50 MiB / 183.50 MiB  56.81 MiB/s
C:\Users\Kevin\AppData\Local\Temp\cinehome-hls-new-batman-series-s01e10\seg_0136.ts: 185.51 MiB / 185.51 MiB  57.17 MiB/s
C:\Users\Kevin\AppData\Local\Temp\cinehome-hls-new-batman-series-s01e10\seg_0137.ts: 185.85 MiB / 185.85 MiB  57.10 MiB/s
C:\Users\Kevin\AppData\Local\Temp\cinehome-hls-new-batman-series-s01e10\seg_0137.ts: 185.85 MiB / 185.85 MiB  56.98 MiB/s
C:\Users\Kevin\AppData\Local\Temp\cinehome-hls-new-batman-series-s01e10\seg_0137.ts: 185.85 MiB / 185.85 MiB  56.98 MiB/s
C:\Users\Kevin\AppData\Local\Temp\cinehome-hls-new-batman-series-s01e10\seg_0138.ts: 186.74 MiB / 186.74 MiB  57.05 MiB/s
C:\Users\Kevin\AppData\Local\Temp\cinehome-hls-new-batman-series-s01e10\seg_0139.ts: 188.09 MiB / 188.09 MiB  56.82 MiB/s
C:\Users\Kevin\AppData\Local\Temp\cinehome-hls-new-batman-series-s01e10\seg_0140.ts: 189.32 MiB / 189.32 MiB  57.10 MiB/s
C:\Users\Kevin\AppData\Local\Temp\cinehome-hls-new-batman-series-s01e10\seg_0141.ts: 190.85 MiB / 190.85 MiB  57.52 MiB/s
C:\Users\Kevin\AppData\Local\Temp\cinehome-hls-new-batman-series-s01e10\seg_0142.ts: 191.21 MiB / 191.21 MiB  57.62 MiB/s
C:\Users\Kevin\AppData\Local\Temp\cinehome-hls-new-batman-series-s01e10\seg_0143.ts: 193.37 MiB / 193.37 MiB  58.24 MiB/s
C:\Users\Kevin\AppData\Local\Temp\cinehome-hls-new-batman-series-s01e10\seg_0144.ts: 194.83 MiB / 194.83 MiB  58.66 MiB/s
C:\Users\Kevin\AppData\Local\Temp\cinehome-hls-new-batman-series-s01e10\seg_0145.ts: 196.40 MiB / 196.40 MiB  59.08 MiB/s
C:\Users\Kevin\AppData\Local\Temp\cinehome-hls-new-batman-series-s01e10\seg_0146.ts: 198.60 MiB / 198.60 MiB  59.45 MiB/s
C:\Users\Kevin\AppData\Local\Temp\cinehome-hls-new-batman-series-s01e10\seg_0147.ts: 200.20 MiB / 200.20 MiB  59.63 MiB/s
C:\Users\Kevin\AppData\Local\Temp\cinehome-hls-new-batman-series-s01e10\seg_0148.ts: 203.65 MiB / 203.65 MiB  60.55 MiB/s
C:\Users\Kevin\AppData\Local\Temp\cinehome-hls-new-batman-series-s01e10\seg_0149.ts: 203.98 MiB / 203.98 MiB  60.43 MiB/s
C:\Users\Kevin\AppData\Local\Temp\cinehome-hls-new-batman-series-s01e10\seg_0150.ts: 204.58 MiB / 204.58 MiB  60.59 MiB/s
C:\Users\Kevin\AppData\Local\Temp\cinehome-hls-new-batman-series-s01e10\seg_0151.ts: 206.27 MiB / 206.27 MiB  61.00 MiB/s
C:\Users\Kevin\AppData\Local\Temp\cinehome-hls-new-batman-series-s01e10\seg_0151.ts: 206.27 MiB / 206.27 MiB  60.91 MiB/s
C:\Users\Kevin\AppData\Local\Temp\cinehome-hls-new-batman-series-s01e10\seg_0151.ts: 206.27 MiB / 206.27 MiB  60.91 MiB/s
C:\Users\Kevin\AppData\Local\Temp\cinehome-hls-new-batman-series-s01e10\seg_0152.ts: 209.38 MiB / 209.38 MiB  61.52 MiB/s
C:\Users\Kevin\AppData\Local\Temp\cinehome-hls-new-batman-series-s01e10\seg_0153.ts: 210.22 MiB / 210.22 MiB  61.72 MiB/s
C:\Users\Kevin\AppData\Local\Temp\cinehome-hls-new-batman-series-s01e10\seg_0154.ts: 212.34 MiB / 212.34 MiB  61.97 MiB/s
C:\Users\Kevin\AppData\Local\Temp\cinehome-hls-new-batman-series-s01e10\seg_0155.ts: 213.35 MiB / 213.35 MiB  61.89 MiB/s
C:\Users\Kevin\AppData\Local\Temp\cinehome-hls-new-batman-series-s01e10\seg_0156.ts: 215.51 MiB / 215.51 MiB  61.61 MiB/s
C:\Users\Kevin\AppData\Local\Temp\cinehome-hls-new-batman-series-s01e10\seg_0157.ts: 216.48 MiB / 216.48 MiB  61.84 MiB/s
C:\Users\Kevin\AppData\Local\Temp\cinehome-hls-new-batman-series-s01e10\seg_0158.ts: 218.10 MiB / 218.10 MiB  62.26 MiB/s
C:\Users\Kevin\AppData\Local\Temp\cinehome-hls-new-batman-series-s01e10\seg_0158.ts: 218.10 MiB / 218.10 MiB  62.11 MiB/s
C:\Users\Kevin\AppData\Local\Temp\cinehome-hls-new-batman-series-s01e10\seg_0158.ts: 218.10 MiB / 218.10 MiB  62.11 MiB/s
C:\Users\Kevin\AppData\Local\Temp\cinehome-hls-new-batman-series-s01e10\seg_0159.ts: 219.68 MiB / 219.68 MiB  61.65 MiB/s
C:\Users\Kevin\AppData\Local\Temp\cinehome-hls-new-batman-series-s01e10\seg_0160.ts: 222.15 MiB / 222.15 MiB  61.16 MiB/s
C:\Users\Kevin\AppData\Local\Temp\cinehome-hls-new-batman-series-s01e10\seg_0160.ts: 222.15 MiB / 222.15 MiB  61.08 MiB/s
C:\Users\Kevin\AppData\Local\Temp\cinehome-hls-new-batman-series-s01e10\seg_0160.ts: 222.15 MiB / 222.15 MiB  61.08 MiB/s
C:\Users\Kevin\AppData\Local\Temp\cinehome-hls-new-batman-series-s01e10\seg_0161.ts: 222.87 MiB / 222.87 MiB  61.27 MiB/s
C:\Users\Kevin\AppData\Local\Temp\cinehome-hls-new-batman-series-s01e10\seg_0162.ts: 224.63 MiB / 224.63 MiB  61.65 MiB/s
C:\Users\Kevin\AppData\Local\Temp\cinehome-hls-new-batman-series-s01e10\seg_0163.ts: 226.74 MiB / 226.74 MiB  62.13 MiB/s
C:\Users\Kevin\AppData\Local\Temp\cinehome-hls-new-batman-series-s01e10\seg_0164.ts: 229.76 MiB / 229.76 MiB  62.73 MiB/s
C:\Users\Kevin\AppData\Local\Temp\cinehome-hls-new-batman-series-s01e10\seg_0165.ts: 232.19 MiB / 232.19 MiB  63.37 MiB/s
C:\Users\Kevin\AppData\Local\Temp\cinehome-hls-new-batman-series-s01e10\seg_0166.ts: 235.10 MiB / 235.10 MiB  64.15 MiB/s
C:\Users\Kevin\AppData\Local\Temp\cinehome-hls-new-batman-series-s01e10\seg_0167.ts: 236.83 MiB / 236.83 MiB  64.61 MiB/s
C:\Users\Kevin\AppData\Local\Temp\cinehome-hls-new-batman-series-s01e10\seg_0167.ts: 239.28 MiB / 239.28 MiB  65.27 MiB/s
C:\Users\Kevin\AppData\Local\Temp\cinehome-hls-new-batman-series-s01e10\seg_0169.ts: 240.35 MiB / 240.35 MiB  65.56 MiB/s
C:\Users\Kevin\AppData\Local\Temp\cinehome-hls-new-batman-series-s01e10\seg_0170.ts: 241.20 MiB / 241.20 MiB  65.75 MiB/s
C:\Users\Kevin\AppData\Local\Temp\cinehome-hls-new-batman-series-s01e10\seg_0171.ts: 242.18 MiB / 242.18 MiB  65.89 MiB/s
C:\Users\Kevin\AppData\Local\Temp\cinehome-hls-new-batman-series-s01e10\seg_0172.ts: 243.50 MiB / 243.50 MiB  65.29 MiB/s
C:\Users\Kevin\AppData\Local\Temp\cinehome-hls-new-batman-series-s01e10\seg_0172.ts: 245.52 MiB / 245.52 MiB  65.83 MiB/s
C:\Users\Kevin\AppData\Local\Temp\cinehome-hls-new-batman-series-s01e10\seg_0174.ts: 246.71 MiB / 246.71 MiB  65.84 MiB/s
C:\Users\Kevin\AppData\Local\Temp\cinehome-hls-new-batman-series-s01e10\seg_0174.ts: 246.71 MiB / 246.71 MiB  65.56 MiB/s
C:\Users\Kevin\AppData\Local\Temp\cinehome-hls-new-batman-series-s01e10\seg_0174.ts: 246.71 MiB / 246.71 MiB  65.56 MiB/s
C:\Users\Kevin\AppData\Local\Temp\cinehome-hls-new-batman-series-s01e10\seg_0175.ts: 249.61 MiB / 249.61 MiB  65.13 MiB/s
C:\Users\Kevin\AppData\Local\Temp\cinehome-hls-new-batman-series-s01e10\seg_0175.ts: 250.56 MiB / 250.56 MiB  65.37 MiB/s
C:\Users\Kevin\AppData\Local\Temp\cinehome-hls-new-batman-series-s01e10\seg_0176.ts: 251.89 MiB / 251.89 MiB  65.70 MiB/s
C:\Users\Kevin\AppData\Local\Temp\cinehome-hls-new-batman-series-s01e10\seg_0178.ts: 254.07 MiB / 254.07 MiB  66.23 MiB/s
C:\Users\Kevin\AppData\Local\Temp\cinehome-hls-new-batman-series-s01e10\seg_0178.ts: 254.07 MiB / 254.07 MiB  65.34 MiB/s
C:\Users\Kevin\AppData\Local\Temp\cinehome-hls-new-batman-series-s01e10\seg_0178.ts: 254.07 MiB / 254.07 MiB  65.34 MiB/s
C:\Users\Kevin\AppData\Local\Temp\cinehome-hls-new-batman-series-s01e10\seg_0179.ts: 254.50 MiB / 254.50 MiB  63.63 MiB/s
C:\Users\Kevin\AppData\Local\Temp\cinehome-hls-new-batman-series-s01e10\seg_0179.ts: 255.23 MiB / 255.23 MiB  63.79 MiB/s
C:\Users\Kevin\AppData\Local\Temp\cinehome-hls-new-batman-series-s01e10\seg_0179.ts: 256.08 MiB / 256.08 MiB  64.01 MiB/s
C:\Users\Kevin\AppData\Local\Temp\cinehome-hls-new-batman-series-s01e10\seg_0179.ts: 257.50 MiB / 257.50 MiB  64.35 MiB/s
C:\Users\Kevin\AppData\Local\Temp\cinehome-hls-new-batman-series-s01e10\seg_0181.ts: 259.28 MiB / 259.28 MiB  64.78 MiB/s
C:\Users\Kevin\AppData\Local\Temp\cinehome-hls-new-batman-series-s01e10\seg_0181.ts: 260.13 MiB / 260.13 MiB  64.98 MiB/s
C:\Users\Kevin\AppData\Local\Temp\cinehome-hls-new-batman-series-s01e10\seg_0184.ts: 261.25 MiB / 261.25 MiB  65.25 MiB/s
C:\Users\Kevin\AppData\Local\Temp\cinehome-hls-new-batman-series-s01e10\seg_0184.ts: 264.25 MiB / 264.25 MiB  65.99 MiB/s
C:\Users\Kevin\AppData\Local\Temp\cinehome-hls-new-batman-series-s01e10\seg_0184.ts: 265.63 MiB / 265.63 MiB  66.33 MiB/s
C:\Users\Kevin\AppData\Local\Temp\cinehome-hls-new-batman-series-s01e10\seg_0184.ts: 266.39 MiB / 266.39 MiB  66.52 MiB/s
C:\Users\Kevin\AppData\Local\Temp\cinehome-hls-new-batman-series-s01e10\seg_0184.ts: 267.70 MiB / 267.70 MiB  66.84 MiB/s
C:\Users\Kevin\AppData\Local\Temp\cinehome-hls-new-batman-series-s01e10\seg_0187.ts: 269.73 MiB / 269.73 MiB  67.34 MiB/s
C:\Users\Kevin\AppData\Local\Temp\cinehome-hls-new-batman-series-s01e10\seg_0190.ts: 269.73 MiB / 269.73 MiB  67.20 MiB/s
C:\Users\Kevin\AppData\Local\Temp\cinehome-hls-new-batman-series-s01e10\seg_0190.ts: 269.73 MiB / 269.73 MiB  67.20 MiB/s
C:\Users\Kevin\AppData\Local\Temp\cinehome-hls-new-batman-series-s01e10\seg_0190.ts: 270.93 MiB / 270.93 MiB  67.50 MiB/s
C:\Users\Kevin\AppData\Local\Temp\cinehome-hls-new-batman-series-s01e10\seg_0192.ts: 272.26 MiB / 272.26 MiB  67.79 MiB/s
C:\Users\Kevin\AppData\Local\Temp\cinehome-hls-new-batman-series-s01e10\seg_0193.ts: 274.44 MiB / 274.44 MiB  66.83 MiB/s
C:\Users\Kevin\AppData\Local\Temp\cinehome-hls-new-batman-series-s01e10\seg_0194.ts: 275.32 MiB / 275.32 MiB  66.80 MiB/s
C:\Users\Kevin\AppData\Local\Temp\cinehome-hls-new-batman-series-s01e10\seg_0195.ts: 275.32 MiB / 275.32 MiB  66.52 MiB/s
C:\Users\Kevin\AppData\Local\Temp\cinehome-hls-new-batman-series-s01e10\seg_0195.ts: 276.79 MiB / 276.79 MiB  66.87 MiB/s
C:\Users\Kevin\AppData\Local\Temp\cinehome-hls-new-batman-series-s01e10\seg_0195.ts: 277.99 MiB / 277.99 MiB  67.15 MiB/s
C:\Users\Kevin\AppData\Local\Temp\cinehome-hls-new-batman-series-s01e10\seg_0195.ts: 276.79 MiB / 276.79 MiB  66.86 MiB/s
C:\Users\Kevin\AppData\Local\Temp\cinehome-hls-new-batman-series-s01e10\seg_0197.ts: 280.02 MiB / 280.02 MiB  67.58 MiB/s
C:\Users\Kevin\AppData\Local\Temp\cinehome-hls-new-batman-series-s01e10\seg_0198.ts: 280.44 MiB / 280.44 MiB  67.58 MiB/s
C:\Users\Kevin\AppData\Local\Temp\cinehome-hls-new-batman-series-s01e10\seg_0199.ts: 281.79 MiB / 281.79 MiB  67.81 MiB/s
C:\Users\Kevin\AppData\Local\Temp\cinehome-hls-new-batman-series-s01e10\seg_0200.ts: 283.33 MiB / 283.33 MiB  68.14 MiB/s
C:\Users\Kevin\AppData\Local\Temp\cinehome-hls-new-batman-series-s01e10\seg_0201.ts: 285.06 MiB / 285.06 MiB  68.55 MiB/s
C:\Users\Kevin\AppData\Local\Temp\cinehome-hls-new-batman-series-s01e10\seg_0202.ts: 285.93 MiB / 285.93 MiB  68.73 MiB/s
C:\Users\Kevin\AppData\Local\Temp\cinehome-hls-new-batman-series-s01e10\seg_0203.ts: 287.03 MiB / 287.03 MiB  68.72 MiB/s
C:\Users\Kevin\AppData\Local\Temp\cinehome-hls-new-batman-series-s01e10\seg_0204.ts: 288.38 MiB / 288.38 MiB  68.99 MiB/s
C:\Users\Kevin\AppData\Local\Temp\cinehome-hls-new-batman-series-s01e10\seg_0205.ts: 288.82 MiB / 288.82 MiB  69.09 MiB/s
C:\Users\Kevin\AppData\Local\Temp\cinehome-hls-new-batman-series-s01e10\seg_0206.ts: 290.00 MiB / 290.00 MiB  68.19 MiB/s
C:\Users\Kevin\AppData\Local\Temp\cinehome-hls-new-batman-series-s01e10\seg_0207.ts: 290.87 MiB / 290.87 MiB  68.24 MiB/s
C:\Users\Kevin\AppData\Local\Temp\cinehome-hls-new-batman-series-s01e10\seg_0207.ts: 290.87 MiB / 290.87 MiB  68.21 MiB/s
C:\Users\Kevin\AppData\Local\Temp\cinehome-hls-new-batman-series-s01e10\seg_0208.ts: 291.42 MiB / 291.42 MiB  68.34 MiB/s
C:\Users\Kevin\AppData\Local\Temp\cinehome-hls-new-batman-series-s01e10\seg_0208.ts: 291.42 MiB / 291.42 MiB  68.33 MiB/s
C:\Users\Kevin\AppData\Local\Temp\cinehome-hls-new-batman-series-s01e10\seg_0209.ts: 292.78 MiB / 292.78 MiB  68.56 MiB/s
C:\Users\Kevin\AppData\Local\Temp\cinehome-hls-new-batman-series-s01e10\seg_0209.ts: 294.03 MiB / 294.03 MiB  68.85 MiB/s
C:\Users\Kevin\AppData\Local\Temp\cinehome-hls-new-batman-series-s01e10\seg_0211.ts: 295.49 MiB / 295.49 MiB  69.12 MiB/s
C:\Users\Kevin\AppData\Local\Temp\cinehome-hls-new-batman-series-s01e10\seg_0212.ts: 296.89 MiB / 296.89 MiB  69.39 MiB/s
C:\Users\Kevin\AppData\Local\Temp\cinehome-hls-new-batman-series-s01e10\seg_0212.ts: 296.89 MiB / 296.89 MiB  67.63 MiB/s
C:\Users\Kevin\AppData\Local\Temp\cinehome-hls-new-batman-series-s01e10\seg_0212.ts: 296.89 MiB / 296.89 MiB  67.62 MiB/s
C:\Users\Kevin\AppData\Local\Temp\cinehome-hls-new-batman-series-s01e10\seg_0212.ts: 296.89 MiB / 296.89 MiB  65.74 MiB/s
C:\Users\Kevin\AppData\Local\Temp\cinehome-hls-new-batman-series-s01e10\seg_0212.ts: 296.89 MiB / 296.89 MiB  65.74 MiB/s
C:\Users\Kevin\AppData\Local\Temp\cinehome-hls-new-batman-series-s01e10\seg_0213.ts: 297.64 MiB / 297.64 MiB  65.61 MiB/s
C:\Users\Kevin\AppData\Local\Temp\cinehome-hls-new-batman-series-s01e10\seg_0214.ts: 298.12 MiB / 298.12 MiB  65.61 MiB/s
C:\Users\Kevin\AppData\Local\Temp\cinehome-hls-new-batman-series-s01e10\seg_0214.ts: 298.79 MiB / 298.79 MiB  65.75 MiB/s
C:\Users\Kevin\AppData\Local\Temp\cinehome-hls-new-batman-series-s01e10\seg_0214.ts: 299.49 MiB / 299.49 MiB  65.91 MiB/s
C:\Users\Kevin\AppData\Local\Temp\cinehome-hls-new-batman-series-s01e10\seg_0217.ts: 300.32 MiB / 300.32 MiB  66.07 MiB/s
C:\Users\Kevin\AppData\Local\Temp\cinehome-hls-new-batman-series-s01e10\seg_0218.ts: 301.02 MiB / 301.02 MiB  66.04 MiB/s
C:\Users\Kevin\AppData\Local\Temp\cinehome-hls-new-batman-series-s01e10\seg_0219.ts: 301.20 MiB / 301.20 MiB  65.78 MiB/s
C:\Users\Kevin\AppData\Local\Temp\cinehome-hls-new-batman-series-s01e10\seg_0220.ts: 301.72 MiB / 301.72 MiB  65.67 MiB/s
C:\Users\Kevin\AppData\Local\Temp\cinehome-hls-new-batman-series-s01e10\seg_0220.ts: 301.72 MiB / 301.72 MiB  65.01 MiB/s
C:\Users\Kevin\AppData\Local\Temp\cinehome-hls-new-batman-series-s01e10\seg_0220.ts: 301.72 MiB / 301.72 MiB  65.01 MiB/s
C:\Users\Kevin\AppData\Local\Temp\cinehome-hls-new-batman-series-s01e10\seg_0221.ts: 303.39 MiB / 303.39 MiB  64.95 MiB/s
C:\Users\Kevin\AppData\Local\Temp\cinehome-hls-new-batman-series-s01e10\seg_0222.ts: 303.85 MiB / 303.85 MiB  65.03 MiB/s
C:\Users\Kevin\AppData\Local\Temp\cinehome-hls-new-batman-series-s01e10\seg_0223.ts: 305.80 MiB / 305.80 MiB  65.19 MiB/s
C:\Users\Kevin\AppData\Local\Temp\cinehome-hls-new-batman-series-s01e10\seg_0223.ts: 306.17 MiB / 306.17 MiB  65.26 MiB/s
C:\Users\Kevin\AppData\Local\Temp\cinehome-hls-new-batman-series-s01e10\seg_0224.ts: 306.78 MiB / 306.78 MiB  65.35 MiB/s
C:\Users\Kevin\AppData\Local\Temp\cinehome-hls-new-batman-series-s01e10\seg_0226.ts: 307.76 MiB / 307.76 MiB  65.42 MiB/s
C:\Users\Kevin\AppData\Local\Temp\cinehome-hls-new-batman-series-s01e10\seg_0227.ts: 309.91 MiB / 309.91 MiB  65.64 MiB/s
C:\Users\Kevin\AppData\Local\Temp\cinehome-hls-new-batman-series-s01e10\seg_0227.ts: 309.91 MiB / 309.91 MiB  65.02 MiB/s
C:\Users\Kevin\AppData\Local\Temp\cinehome-hls-new-batman-series-s01e10\seg_0227.ts: 309.91 MiB / 309.91 MiB  65.02 MiB/s
C:\Users\Kevin\AppData\Local\Temp\cinehome-hls-new-batman-series-s01e10\seg_0228.ts: 311.29 MiB / 311.29 MiB  64.94 MiB/s
C:\Users\Kevin\AppData\Local\Temp\cinehome-hls-new-batman-series-s01e10\seg_0228.ts: 314.91 MiB / 314.91 MiB  65.69 MiB/s
C:\Users\Kevin\AppData\Local\Temp\cinehome-hls-new-batman-series-s01e10\seg_0230.ts: 315.68 MiB / 315.68 MiB  65.84 MiB/s
C:\Users\Kevin\AppData\Local\Temp\cinehome-hls-new-batman-series-s01e10\seg_0230.ts: 318.52 MiB / 318.52 MiB  66.43 MiB/s
C:\Users\Kevin\AppData\Local\Temp\cinehome-hls-new-batman-series-s01e10\seg_0231.ts: 320.18 MiB / 320.18 MiB  66.76 MiB/s
C:\Users\Kevin\AppData\Local\Temp\cinehome-hls-new-batman-series-s01e10\seg_0233.ts: 320.80 MiB / 320.80 MiB  66.73 MiB/s
C:\Users\Kevin\AppData\Local\Temp\cinehome-hls-new-batman-series-s01e10\seg_0234.ts: 322.21 MiB / 322.21 MiB  66.71 MiB/s
C:\Users\Kevin\AppData\Local\Temp\cinehome-hls-new-batman-series-s01e10\seg_0235.ts: 322.71 MiB / 322.71 MiB  66.73 MiB/s
C:\Users\Kevin\AppData\Local\Temp\cinehome-hls-new-batman-series-s01e10\seg_0236.ts: 327.63 MiB / 327.63 MiB  67.69 MiB/s
C:\Users\Kevin\AppData\Local\Temp\cinehome-hls-new-batman-series-s01e10\seg_0237.ts: 331.86 MiB / 331.86 MiB  68.53 MiB/s
C:\Users\Kevin\AppData\Local\Temp\cinehome-hls-new-batman-series-s01e10\seg_0238.ts: 338.28 MiB / 338.28 MiB  69.83 MiB/s
C:\Users\Kevin\AppData\Local\Temp\cinehome-hls-new-batman-series-s01e10\seg_0239.ts: 340.82 MiB / 340.82 MiB  70.31 MiB/s
C:\Users\Kevin\AppData\Local\Temp\cinehome-hls-new-batman-series-s01e10\seg_0240.ts: 341.66 MiB / 341.66 MiB  70.40 MiB/s
C:\Users\Kevin\AppData\Local\Temp\cinehome-hls-new-batman-series-s01e10\seg_0241.ts: 342.17 MiB / 342.17 MiB  70.37 MiB/s
C:\Users\Kevin\AppData\Local\Temp\cinehome-hls-new-batman-series-s01e10\seg_0242.ts: 342.47 MiB / 342.47 MiB  70.17 MiB/s
C:\Users\Kevin\AppData\Local\Temp\cinehome-hls-new-batman-series-s01e10\seg_0242.ts: 342.47 MiB / 342.47 MiB  70.01 MiB/s
C:\Users\Kevin\AppData\Local\Temp\cinehome-hls-new-batman-series-s01e10\seg_0242.ts: 342.47 MiB / 342.47 MiB  70.01 MiB/s
C:\Users\Kevin\AppData\Local\Temp\cinehome-hls-new-batman-series-s01e10\seg_0243.ts: 343.65 MiB / 343.65 MiB  69.81 MiB/s
C:\Users\Kevin\AppData\Local\Temp\cinehome-hls-new-batman-series-s01e10\seg_0244.ts: 343.79 MiB / 343.79 MiB  69.54 MiB/s
C:\Users\Kevin\AppData\Local\Temp\cinehome-hls-new-batman-series-s01e10\seg_0245.ts: 343.84 MiB / 343.84 MiB  69.45 MiB/s
C:\Users\Kevin\AppData\Local\Temp\cinehome-hls-new-batman-series-s01e10\seg_0246.ts: 343.92 MiB / 343.92 MiB  69.39 MiB/s
C:\Users\Kevin\AppData\Local\Temp\cinehome-hls-new-batman-series-s01e10\seg_0247.ts: 344.05 MiB / 344.05 MiB  69.35 MiB/s
C:\Users\Kevin\AppData\Local\Temp\cinehome-hls-new-batman-series-s01e10\seg_0248.ts: 344.24 MiB / 344.24 MiB  69.38 MiB/s
C:\Users\Kevin\AppData\Local\Temp\cinehome-hls-new-batman-series-s01e10\seg_0248.ts: 344.42 MiB / 344.42 MiB  69.42 MiB/s
C:\Users\Kevin\AppData\Local\Temp\cinehome-hls-new-batman-series-s01e10\seg_0250.ts: 344.64 MiB / 344.64 MiB  69.42 MiB/s
C:\Users\Kevin\AppData\Local\Temp\cinehome-hls-new-batman-series-s01e10\seg_0250.ts: 344.84 MiB / 344.84 MiB  69.45 MiB/s
C:\Users\Kevin\AppData\Local\Temp\cinehome-hls-new-batman-series-s01e10\seg_0252.ts: 345.04 MiB / 345.04 MiB  69.41 MiB/s
C:\Users\Kevin\AppData\Local\Temp\cinehome-hls-new-batman-series-s01e10\seg_0253.ts: 345.22 MiB / 345.22 MiB  69.45 MiB/s
C:\Users\Kevin\AppData\Local\Temp\cinehome-hls-new-batman-series-s01e10\seg_0254.ts: 345.40 MiB / 345.40 MiB  69.42 MiB/s
C:\Users\Kevin\AppData\Local\Temp\cinehome-hls-new-batman-series-s01e10\seg_0255.ts: 345.65 MiB / 345.65 MiB  69.46 MiB/s
C:\Users\Kevin\AppData\Local\Temp\cinehome-hls-new-batman-series-s01e10\seg_0255.ts: 345.76 MiB / 345.76 MiB  69.48 MiB/s
C:\Users\Kevin\AppData\Local\Temp\cinehome-hls-new-batman-series-s01e10\seg_0257.ts: 345.93 MiB / 345.93 MiB  69.15 MiB/s
C:\Users\Kevin\AppData\Local\Temp\cinehome-hls-new-batman-series-s01e10\seg_0257.ts: 345.93 MiB / 345.93 MiB  68.96 MiB/s
C:\Users\Kevin\AppData\Local\Temp\cinehome-hls-new-batman-series-s01e10\seg_0257.ts: 345.93 MiB / 345.93 MiB  68.96 MiB/s
C:\Users\Kevin\AppData\Local\Temp\cinehome-hls-new-batman-series-s01e10\seg_0257.ts: 345.93 MiB / 345.93 MiB  67.28 MiB/s
C:\Users\Kevin\AppData\Local\Temp\cinehome-hls-new-batman-series-s01e10\seg_0257.ts: 345.93 MiB / 345.93 MiB  67.28 MiB/s
C:\Users\Kevin\AppData\Local\Temp\cinehome-hls-new-batman-series-s01e10\seg_0257.ts: 345.93 MiB / 345.93 MiB  65.67 MiB/s
C:\Users\Kevin\AppData\Local\Temp\cinehome-hls-new-batman-series-s01e10\seg_0257.ts: 345.93 MiB / 345.93 MiB  65.66 MiB/s
C:\Users\Kevin\AppData\Local\Temp\cinehome-hls-new-batman-series-s01e10\seg_0257.ts: 345.93 MiB / 345.93 MiB  64.14 MiB/s
C:\Users\Kevin\AppData\Local\Temp\cinehome-hls-new-batman-series-s01e10\seg_0257.ts: 345.93 MiB / 345.93 MiB  64.14 MiB/s
C:\Users\Kevin\AppData\Local\Temp\cinehome-hls-new-batman-series-s01e10\seg_0258.ts: 345.93 MiB / 345.93 MiB  62.68 MiB/s
C:\Users\Kevin\AppData\Local\Temp\cinehome-hls-new-batman-series-s01e10\seg_0258.ts: 345.93 MiB / 345.93 MiB  62.68 MiB/s
C:\Users\Kevin\AppData\Local\Temp\cinehome-hls-new-batman-series-s01e10\seg_0258.ts: 345.93 MiB / 345.93 MiB  62.34 MiB/s 5s
EXIT=0
==== END 2026-08-09T14:13:13.9297330+07:00 ====
